member_id,tier,segment,churn_probability,reason_1,reason_2,reason_3,recommended_action,annual_value_thb
M016486,Bronze,Champions,0.9960068,typical gap between visits is now 18.2x longer than their own usual pattern (+27 points of risk),visits roughly every 3 days (+11 points of risk),92 visits on record (+7 points of risk),"VIP perks, early access to new drinks, referral ask",19562.77
M019664,Silver,Hibernating,0.9905274,typical gap between visits is now 9.5x longer than their own usual pattern (+24 points of risk),82 days since last visit (+21 points of risk),visits roughly every 3 days (+9 points of risk),Bounce-back free drink + one-question why-survey,18332.81
M006826,Silver,Champions,0.9889254,typical gap between visits is now 18.8x longer than their own usual pattern (+25 points of risk),43 days since last visit (+15 points of risk),visits roughly every 4 days (+11 points of risk),"VIP perks, early access to new drinks, referral ask",16857.59
M019049,Silver,Hibernating,0.96409047,83 days since last visit (+25 points of risk),visits roughly every 2 days (+16 points of risk),visiting 58% less often than their own usual pattern (+11 points of risk),Bounce-back free drink + one-question why-survey,15963.22
M000318,Silver,Hibernating,0.9293007,73 days since last visit (+30 points of risk),visits roughly every 3 days (+19 points of risk),visiting 40% less often than their own usual pattern (+8 points of risk),Bounce-back free drink + one-question why-survey,15323.1
M013194,Silver,Champions,0.99736977,typical gap between visits is now 10.7x longer than their own usual pattern (+21 points of risk),46 days since last visit (+14 points of risk),visits roughly every 4 days (+11 points of risk),"VIP perks, early access to new drinks, referral ask",14960.82
M019766,Gold,Champions,0.99661726,typical gap between visits is now 24.5x longer than their own usual pattern (+21 points of risk),73 days since last visit (+20 points of risk),visits roughly every 4 days (+9 points of risk),"VIP perks, early access to new drinks, referral ask",14941.74
M017232,Bronze,Hibernating,0.9762576,86 days since last visit (+23 points of risk),visits roughly every 2 days (+15 points of risk),visiting 67% less often than their own usual pattern (+8 points of risk),Bounce-back free drink + one-question why-survey,13943.17
M015640,Bronze,Champions,0.9920472,50 days since last visit (+16 points of risk),visits roughly every 2 days (+16 points of risk),57 visits on record (+8 points of risk),"VIP perks, early access to new drinks, referral ask",12172.79
M004764,Silver,Champions,0.9909161,typical gap between visits is now 12.4x longer than their own usual pattern (+23 points of risk),33 days since last visit (+13 points of risk),visits roughly every 5 days (+12 points of risk),"VIP perks, early access to new drinks, referral ask",11113.94
M006507,Silver,Champions,0.9750063,typical gap between visits is now 10.1x longer than their own usual pattern (+36 points of risk),visits roughly every 4 days (+11 points of risk),a member for 245 days (+5 points of risk),"VIP perks, early access to new drinks, referral ask",10968.28
M009687,Bronze,Champions,0.9665612,visits roughly every 2 days (+24 points of risk),35 days since last visit (+16 points of risk),visits down 94% in the last 30 days vs. the 30 before (+8 points of risk),"VIP perks, early access to new drinks, referral ask",10820.24
M002229,Bronze,Champions,0.8248574,typical gap between visits is now 17.3x longer than their own usual pattern (+52 points of risk),a member for 304 days (+6 points of risk),60 visits on record (+4 points of risk),"VIP perks, early access to new drinks, referral ask",10284.44
M003163,Bronze,Champions,0.99224913,visits roughly every 2 days (+19 points of risk),41 days since last visit (+14 points of risk),50 visits on record (+8 points of risk),"VIP perks, early access to new drinks, referral ask",10015.56
M017103,Bronze,Champions,0.9905715,visits roughly every 2 days (+20 points of risk),34 days since last visit (+12 points of risk),54 visits on record (+9 points of risk),"VIP perks, early access to new drinks, referral ask",9699.49
M000155,Gold,Champions,0.8906292,typical gap between visits is now 6.7x longer than their own usual pattern (+48 points of risk),visits roughly every 11 days (+7 points of risk),35 visits on record (+7 points of risk),"VIP perks, early access to new drinks, referral ask",9608.36
M010298,Bronze,Hibernating,0.9896617,83 days since last visit (+20 points of risk),visits roughly every 2 days (+16 points of risk),visiting 50% less often than their own usual pattern (+8 points of risk),Bounce-back free drink + one-question why-survey,9532.81
M017334,Bronze,Hibernating,0.9909026,76 days since last visit (+22 points of risk),visits roughly every 2 days (+17 points of risk),a member for 186 days (+6 points of risk),Bounce-back free drink + one-question why-survey,9239.42
M011899,Bronze,Champions,0.8223305,typical gap between visits is now 12.4x longer than their own usual pattern (+57 points of risk),42 visits on record (+7 points of risk),a member for 231 days (+7 points of risk),"VIP perks, early access to new drinks, referral ask",8514.0
M008152,Bronze,Champions,0.9629528,visits roughly every 3 days (+25 points of risk),visiting 51% less often than their own usual pattern (+11 points of risk),visits down 62% in the last 30 days vs. the 30 before (+9 points of risk),"VIP perks, early access to new drinks, referral ask",8461.27
M007151,Silver,Hibernating,0.9965237,typical gap between visits is now 4.1x longer than their own usual pattern (+21 points of risk),56 days since last visit (+15 points of risk),28 visits on record (+10 points of risk),Bounce-back free drink + one-question why-survey,8441.82
M014283,Silver,Hibernating,0.98933953,65 days since last visit (+21 points of risk),visits roughly every 3 days (+15 points of risk),visiting 58% less often than their own usual pattern (+9 points of risk),Bounce-back free drink + one-question why-survey,8186.05
M006637,Silver,Hibernating,0.99156755,60 days since last visit (+18 points of risk),visits roughly every 3 days (+18 points of risk),40 visits on record (+8 points of risk),Bounce-back free drink + one-question why-survey,7962.9
M012108,Bronze,Hibernating,0.9765173,66 days since last visit (+26 points of risk),visits roughly every 3 days (+16 points of risk),a member for 200 days (+7 points of risk),Bounce-back free drink + one-question why-survey,7775.25
M017738,Bronze,Hibernating,0.9763825,71 days since last visit (+29 points of risk),visits roughly every 3 days (+23 points of risk),a member for 194 days (+6 points of risk),Bounce-back free drink + one-question why-survey,7703.77
M010492,Gold,Hibernating,0.98675376,80 days since last visit (+21 points of risk),visits roughly every 4 days (+16 points of risk),30 visits on record (+9 points of risk),Bounce-back free drink + one-question why-survey,7591.0
M000431,Silver,Champions,0.89442635,typical gap between visits is now 11.5x longer than their own usual pattern (+44 points of risk),visits roughly every 5 days (+8 points of risk),a member for 155 days (+7 points of risk),"VIP perks, early access to new drinks, referral ask",7569.62
M018649,Bronze,Champions,0.99583817,typical gap between visits is now 4.1x longer than their own usual pattern (+21 points of risk),visits roughly every 4 days (+15 points of risk),45 visits on record (+9 points of risk),"VIP perks, early access to new drinks, referral ask",7492.24
M012056,Bronze,Hibernating,0.98743546,76 days since last visit (+23 points of risk),visits roughly every 3 days (+14 points of risk),visiting 53% less often than their own usual pattern (+8 points of risk),Bounce-back free drink + one-question why-survey,7371.26
M014323,Bronze,Champions,0.9499146,typical gap between visits is now 4.8x longer than their own usual pattern (+25 points of risk),visits roughly every 4 days (+17 points of risk),38 visits on record (+8 points of risk),"VIP perks, early access to new drinks, referral ask",7367.14
M005052,Bronze,Hibernating,0.9856857,72 days since last visit (+24 points of risk),visits roughly every 3 days (+16 points of risk),46 visits on record (+8 points of risk),Bounce-back free drink + one-question why-survey,7259.74
M017299,Silver,Champions,0.9898235,visits roughly every 3 days (+21 points of risk),32 days since last visit (+12 points of risk),37 visits on record (+9 points of risk),"VIP perks, early access to new drinks, referral ask",7030.53
M018378,Silver,Champions,0.9895778,typical gap between visits is now 4.1x longer than their own usual pattern (+27 points of risk),22 visits on record (+12 points of risk),a member for 342 days (+7 points of risk),"VIP perks, early access to new drinks, referral ask",7011.55
M003509,Bronze,Hibernating,0.98875636,79 days since last visit (+23 points of risk),typical gap between visits is now 2.3x longer than their own usual pattern (+11 points of risk),30 visits on record (+8 points of risk),Bounce-back free drink + one-question why-survey,6898.55
M014975,Silver,Hibernating,0.9979948,typical gap between visits is now 6.9x longer than their own usual pattern (+20 points of risk),71 days since last visit (+19 points of risk),33 visits on record (+8 points of risk),Bounce-back free drink + one-question why-survey,6898.5
M016200,Bronze,Champions,0.99083227,typical gap between visits is now 13.1x longer than their own usual pattern (+22 points of risk),41 days since last visit (+16 points of risk),37 visits on record (+10 points of risk),"VIP perks, early access to new drinks, referral ask",6822.41
M011962,Silver,Hibernating,0.9892049,46 days since last visit (+20 points of risk),typical gap between visits is now 3.0x longer than their own usual pattern (+17 points of risk),31 visits on record (+8 points of risk),Bounce-back free drink + one-question why-survey,6766.78
M009512,Bronze,Champions,0.95822805,visits roughly every 4 days (+19 points of risk),26 days since last visit (+10 points of risk),29 visits on record (+9 points of risk),"VIP perks, early access to new drinks, referral ask",6714.28
M003344,Bronze,Hibernating,0.96934235,85 days since last visit (+24 points of risk),visits roughly every 3 days (+15 points of risk),29 visits on record (+7 points of risk),Bounce-back free drink + one-question why-survey,6695.5
M008345,Silver,Champions,0.98192006,visits roughly every 3 days (+22 points of risk),30 days since last visit (+12 points of risk),visits down 92% in the last 30 days vs. the 30 before (+7 points of risk),"VIP perks, early access to new drinks, referral ask",6661.8
M005973,Silver,Champions,0.9783207,typical gap between visits is now 6.8x longer than their own usual pattern (+33 points of risk),visits roughly every 11 days (+9 points of risk),33 visits on record (+7 points of risk),"VIP perks, early access to new drinks, referral ask",6567.85
M011398,Silver,Hibernating,0.974287,82 days since last visit (+21 points of risk),visits roughly every 11 days (+11 points of risk),23 visits on record (+10 points of risk),Bounce-back free drink + one-question why-survey,6477.57
M006785,Gold,Loyal,0.8142121,visiting 68% less often than their own usual pattern (+16 points of risk),21 visits on record (+15 points of risk),visits roughly every 10 days (+14 points of risk),"Tier-up nudge, personalized bundle",6472.91
M016403,Bronze,Champions,0.95453215,typical gap between visits is now 5.9x longer than their own usual pattern (+40 points of risk),visits roughly every 13 days (+8 points of risk),a member for 375 days (+8 points of risk),"VIP perks, early access to new drinks, referral ask",6469.97
M001546,Bronze,Champions,0.9119834,visits roughly every 3 days (+27 points of risk),visits down 53% in the last 30 days vs. the 30 before (+8 points of risk),32 visits on record (+5 points of risk),"VIP perks, early access to new drinks, referral ask",6451.32
M007088,Bronze,Hibernating,0.9770393,80 days since last visit (+22 points of risk),27 visits on record (+10 points of risk),visiting 51% less often than their own usual pattern (+10 points of risk),Bounce-back free drink + one-question why-survey,6429.21
M000140,Bronze,Champions,0.98052394,visits roughly every 3 days (+21 points of risk),visits down 73% in the last 30 days vs. the 30 before (+9 points of risk),20 days since last visit (+8 points of risk),"VIP perks, early access to new drinks, referral ask",6413.77
M007397,Bronze,Hibernating,0.99761355,typical gap between visits is now 3.8x longer than their own usual pattern (+21 points of risk),56 days since last visit (+17 points of risk),34 visits on record (+9 points of risk),Bounce-back free drink + one-question why-survey,6277.82
M007944,Bronze,Champions,0.98598665,visits roughly every 2 days (+21 points of risk),30 days since last visit (+11 points of risk),29 visits on record (+9 points of risk),"VIP perks, early access to new drinks, referral ask",6271.8
M002165,Bronze,Hibernating,0.96395177,80 days since last visit (+23 points of risk),22 visits on record (+12 points of risk),visiting 45% less often than their own usual pattern (+9 points of risk),Bounce-back free drink + one-question why-survey,6163.43
M001069,Bronze,Champions,0.89277816,typical gap between visits is now 2.1x longer than their own usual pattern (+13 points of risk),30 days since last visit (+12 points of risk),31 visits on record (+10 points of risk),"VIP perks, early access to new drinks, referral ask",6119.21
M005937,Gold,Champions,0.94822544,typical gap between visits is now 6.1x longer than their own usual pattern (+35 points of risk),21 visits on record (+14 points of risk),a member for 296 days (+8 points of risk),"VIP perks, early access to new drinks, referral ask",6105.570000000001
M012537,Gold,Hibernating,0.9875945,73 days since last visit (+19 points of risk),16 visits on record (+12 points of risk),typical gap between visits is now 2.6x longer than their own usual pattern (+11 points of risk),Bounce-back free drink + one-question why-survey,6039.43
M009825,Silver,Champions,0.8453627,visiting 41% less often than their own usual pattern (+15 points of risk),visits roughly every 12 days (+13 points of risk),24 visits on record (+12 points of risk),"VIP perks, early access to new drinks, referral ask",6032.03
M000076,Silver,Champions,0.99262977,typical gap between visits is now 5.0x longer than their own usual pattern (+27 points of risk),28 visits on record (+11 points of risk),visits roughly every 12 days (+9 points of risk),"VIP perks, early access to new drinks, referral ask",6016.74
M012193,Silver,Hibernating,0.9803838,53 days since last visit (+20 points of risk),visits roughly every 9 days (+11 points of risk),21 visits on record (+11 points of risk),Bounce-back free drink + one-question why-survey,5998.76
M008006,Bronze,Hibernating,0.9770602,82 days since last visit (+22 points of risk),visits roughly every 3 days (+16 points of risk),a member for 182 days (+8 points of risk),Bounce-back free drink + one-question why-survey,5918.48
M000470,Bronze,Hibernating,0.99184144,typical gap between visits is now 4.2x longer than their own usual pattern (+23 points of risk),89 days since last visit (+12 points of risk),32 visits on record (+10 points of risk),Bounce-back free drink + one-question why-survey,5858.52
M009364,Silver,Hibernating,0.997757,typical gap between visits is now 4.5x longer than their own usual pattern (+17 points of risk),58 days since last visit (+14 points of risk),28 visits on record (+11 points of risk),Bounce-back free drink + one-question why-survey,5853.74
M000608,Silver,Hibernating,0.97542304,76 days since last visit (+23 points of risk),visiting 87% less often than their own usual pattern (+11 points of risk),28 visits on record (+10 points of risk),Bounce-back free drink + one-question why-survey,5842.4400000000005
M008592,Silver,Champions,0.82031745,visiting 60% less often than their own usual pattern (+22 points of risk),a member for 311 days (+11 points of risk),27 visits on record (+11 points of risk),"VIP perks, early access to new drinks, referral ask",5840.0199999999995
M017422,Silver,Champions,0.96889436,visits roughly every 3 days (+25 points of risk),28 days since last visit (+11 points of risk),visits down 88% in the last 30 days vs. the 30 before (+8 points of risk),"VIP perks, early access to new drinks, referral ask",5837.99
M011666,Silver,Hibernating,0.95415354,62 days since last visit (+26 points of risk),visits roughly every 3 days (+24 points of risk),a member for 138 days (+5 points of risk),Bounce-back free drink + one-question why-survey,5779.79
M012829,Bronze,Hibernating,0.99070495,55 days since last visit (+19 points of risk),typical gap between visits is now 2.3x longer than their own usual pattern (+12 points of risk),27 visits on record (+11 points of risk),Bounce-back free drink + one-question why-survey,5776.87
M006308,Bronze,Hibernating,0.9971693,typical gap between visits is now 3.8x longer than their own usual pattern (+20 points of risk),46 days since last visit (+13 points of risk),29 visits on record (+9 points of risk),Bounce-back free drink + one-question why-survey,5770.6900000000005
M002636,Gold,Loyal,0.9261977,typical gap between visits is now 3.8x longer than their own usual pattern (+34 points of risk),18 visits on record (+17 points of risk),a member for 279 days (+9 points of risk),"Tier-up nudge, personalized bundle",5767.94
M018062,Silver,Hibernating,0.99653554,typical gap between visits is now 6.0x longer than their own usual pattern (+21 points of risk),60 days since last visit (+16 points of risk),visits roughly every 12 days (+8 points of risk),Bounce-back free drink + one-question why-survey,5732.51
M014477,Bronze,Hibernating,0.9717924,79 days since last visit (+28 points of risk),visiting 57% less often than their own usual pattern (+11 points of risk),31 visits on record (+10 points of risk),Bounce-back free drink + one-question why-survey,5731.28
M011331,Silver,Hibernating,0.9789007,57 days since last visit (+20 points of risk),27 visits on record (+11 points of risk),visiting 72% less often than their own usual pattern (+11 points of risk),Bounce-back free drink + one-question why-survey,5720.28
M009446,Bronze,Hibernating,0.99461174,67 days since last visit (+17 points of risk),visits roughly every 3 days (+13 points of risk),33 visits on record (+9 points of risk),Bounce-back free drink + one-question why-survey,5666.43
M005196,Bronze,Champions,0.9887561,typical gap between visits is now 4.5x longer than their own usual pattern (+28 points of risk),22 visits on record (+11 points of risk),visits roughly every 13 days (+9 points of risk),"VIP perks, early access to new drinks, referral ask",5666.11
M019742,Bronze,Hibernating,0.9612921,80 days since last visit (+29 points of risk),visits roughly every 3 days (+24 points of risk),a member for 168 days (+7 points of risk),Bounce-back free drink + one-question why-survey,5640.9400000000005
M012350,Bronze,Hibernating,0.94718385,23 visits on record (+13 points of risk),visits roughly every 10 days (+12 points of risk),a member for 310 days (+9 points of risk),Bounce-back free drink + one-question why-survey,5635.83
M016618,Bronze,Champions,0.91726947,visiting 93% less often than their own usual pattern (+20 points of risk),22 visits on record (+13 points of risk),a member for 199 days (+9 points of risk),"VIP perks, early access to new drinks, referral ask",5626.4800000000005
M015394,Gold,Hibernating,0.9227328,41 days since last visit (+22 points of risk),visits roughly every 9 days (+18 points of risk),14 visits on record (+10 points of risk),Bounce-back free drink + one-question why-survey,5624.21
M003207,Silver,Champions,0.9498952,typical gap between visits is now 6.1x longer than their own usual pattern (+39 points of risk),28 visits on record (+13 points of risk),a member for 416 days (+9 points of risk),"VIP perks, early access to new drinks, referral ask",5604.28
M008812,Silver,Champions,0.94260854,visits roughly every 3 days (+22 points of risk),23 visits on record (+13 points of risk),visits down 67% in the last 30 days vs. the 30 before (+9 points of risk),"VIP perks, early access to new drinks, referral ask",5594.44
M008602,Gold,Hibernating,0.9655546,41 days since last visit (+16 points of risk),visits roughly every 11 days (+13 points of risk),17 visits on record (+13 points of risk),Bounce-back free drink + one-question why-survey,5526.81
M010922,Bronze,Hibernating,0.99660957,typical gap between visits is now 3.7x longer than their own usual pattern (+15 points of risk),55 days since last visit (+14 points of risk),25 visits on record (+11 points of risk),Bounce-back free drink + one-question why-survey,5506.01
M012973,Bronze,Hibernating,0.9317286,79 days since last visit (+29 points of risk),visiting 52% less often than their own usual pattern (+13 points of risk),29 visits on record (+9 points of risk),Bounce-back free drink + one-question why-survey,5500.45
M006755,Bronze,Loyal,0.82583046,visiting 81% less often than their own usual pattern (+19 points of risk),19 visits on record (+15 points of risk),visits roughly every 10 days (+9 points of risk),"Tier-up nudge, personalized bundle",5485.46
M008722,Silver,Hibernating,0.9974896,typical gap between visits is now 5.6x longer than their own usual pattern (+17 points of risk),46 days since last visit (+13 points of risk),25 visits on record (+11 points of risk),Bounce-back free drink + one-question why-survey,5481.89
M008893,Bronze,Champions,0.9137341,typical gap between visits is now 2.0x longer than their own usual pattern (+17 points of risk),25 visits on record (+14 points of risk),a member for 193 days (+9 points of risk),"VIP perks, early access to new drinks, referral ask",5452.07
M001866,Silver,Hibernating,0.98351014,58 days since last visit (+19 points of risk),20 visits on record (+12 points of risk),visits roughly every 9 days (+9 points of risk),Bounce-back free drink + one-question why-survey,5437.17
M013584,Silver,Champions,0.9691349,typical gap between visits is now 6.0x longer than their own usual pattern (+34 points of risk),23 visits on record (+12 points of risk),a member for 325 days (+9 points of risk),"VIP perks, early access to new drinks, referral ask",5418.12
M003278,Bronze,Hibernating,0.9897424,88 days since last visit (+17 points of risk),visits roughly every 3 days (+13 points of risk),30 visits on record (+9 points of risk),Bounce-back free drink + one-question why-survey,5364.26
M016429,Bronze,Champions,0.97119236,typical gap between visits is now 3.6x longer than their own usual pattern (+22 points of risk),visits roughly every 12 days (+13 points of risk),31 visits on record (+10 points of risk),"VIP perks, early access to new drinks, referral ask",5358.68
M010274,Silver,Hibernating,0.98501414,72 days since last visit (+21 points of risk),24 visits on record (+11 points of risk),visiting 59% less often than their own usual pattern (+9 points of risk),Bounce-back free drink + one-question why-survey,5354.79
M005874,Gold,Loyal,0.90798146,visits roughly every 12 days (+15 points of risk),16 visits on record (+15 points of risk),visiting 76% less often than their own usual pattern (+13 points of risk),"Tier-up nudge, personalized bundle",5322.14
M013514,Silver,Loyal,0.93415654,21 visits on record (+14 points of risk),visits roughly every 9 days (+12 points of risk),36 days since last visit (+11 points of risk),"Tier-up nudge, personalized bundle",5309.1
M001040,Bronze,Hibernating,0.9848823,62 days since last visit (+19 points of risk),28 visits on record (+11 points of risk),visiting 79% less often than their own usual pattern (+9 points of risk),Bounce-back free drink + one-question why-survey,5279.03
M009412,Silver,Loyal,0.87230253,typical gap between visits is now 2.1x longer than their own usual pattern (+14 points of risk),23 visits on record (+14 points of risk),visits roughly every 10 days (+11 points of risk),"Tier-up nudge, personalized bundle",5277.79
M003696,Silver,Hibernating,0.97169185,46 days since last visit (+18 points of risk),23 visits on record (+13 points of risk),visiting 67% less often than their own usual pattern (+10 points of risk),Bounce-back free drink + one-question why-survey,5274.95
M013922,Bronze,Hibernating,0.9532356,83 days since last visit (+25 points of risk),visiting 84% less often than their own usual pattern (+12 points of risk),31 visits on record (+8 points of risk),Bounce-back free drink + one-question why-survey,5274.14
M015191,Bronze,Hibernating,0.9676961,82 days since last visit (+16 points of risk),21 visits on record (+12 points of risk),visits roughly every 10 days (+11 points of risk),Bounce-back free drink + one-question why-survey,5269.26
M013008,Silver,Hibernating,0.9836183,52 days since last visit (+16 points of risk),22 visits on record (+12 points of risk),visits roughly every 10 days (+11 points of risk),Bounce-back free drink + one-question why-survey,5256.03
M002622,Silver,Hibernating,0.9692441,55 days since last visit (+19 points of risk),visits roughly every 10 days (+14 points of risk),19 visits on record (+11 points of risk),Bounce-back free drink + one-question why-survey,5254.76
M000836,Bronze,Loyal,0.95300347,25 visits on record (+13 points of risk),36 days since last visit (+13 points of risk),visiting 99% less often than their own usual pattern (+7 points of risk),"Tier-up nudge, personalized bundle",5205.43
M010517,Gold,Loyal,0.9158138,visits roughly every 13 days (+19 points of risk),18 visits on record (+12 points of risk),32 days since last visit (+10 points of risk),"Tier-up nudge, personalized bundle",5151.14
M011745,Bronze,Hibernating,0.98590356,56 days since last visit (+15 points of risk),24 visits on record (+11 points of risk),visiting 96% less often than their own usual pattern (+9 points of risk),Bounce-back free drink + one-question why-survey,5149.89
M016254,Bronze,Hibernating,0.97842216,69 days since last visit (+25 points of risk),25 visits on record (+13 points of risk),typical gap between visits is now 2.2x longer than their own usual pattern (+10 points of risk),Bounce-back free drink + one-question why-survey,5146.78
M015264,Bronze,Hibernating,0.9856947,75 days since last visit (+22 points of risk),visits roughly every 3 days (+13 points of risk),31 visits on record (+9 points of risk),Bounce-back free drink + one-question why-survey,5133.66
M010443,Silver,Hibernating,0.9660877,42 days since last visit (+15 points of risk),17 visits on record (+13 points of risk),typical gap between visits is now 2.0x longer than their own usual pattern (+8 points of risk),Bounce-back free drink + one-question why-survey,5118.31
M010600,Silver,Hibernating,0.9655177,71 days since last visit (+25 points of risk),visiting 59% less often than their own usual pattern (+11 points of risk),a member for 279 days (+8 points of risk),Bounce-back free drink + one-question why-survey,5101.97
M007562,Bronze,Champions,0.9877087,typical gap between visits is now 4.2x longer than their own usual pattern (+28 points of risk),25 visits on record (+13 points of risk),a member for 374 days (+8 points of risk),"VIP perks, early access to new drinks, referral ask",5101.86
M004754,Silver,Hibernating,0.9768132,76 days since last visit (+20 points of risk),17 visits on record (+11 points of risk),visits roughly every 14 days (+10 points of risk),Bounce-back free drink + one-question why-survey,5091.27
M008268,Bronze,Hibernating,0.99524313,56 days since last visit (+14 points of risk),typical gap between visits is now 3.3x longer than their own usual pattern (+13 points of risk),23 visits on record (+11 points of risk),Bounce-back free drink + one-question why-survey,5061.42
M012615,Bronze,Hibernating,0.9826271,54 days since last visit (+17 points of risk),20 visits on record (+12 points of risk),visits roughly every 9 days (+9 points of risk),Bounce-back free drink + one-question why-survey,5053.0
M013502,Bronze,Loyal,0.9268485,22 visits on record (+14 points of risk),visiting 70% less often than their own usual pattern (+12 points of risk),visits down 60% in the last 30 days vs. the 30 before (+8 points of risk),"Tier-up nudge, personalized bundle",5021.7699999999995
M009213,Silver,Hibernating,0.9697889,42 days since last visit (+15 points of risk),23 visits on record (+15 points of risk),visits roughly every 13 days (+13 points of risk),Bounce-back free drink + one-question why-survey,5014.32
M002515,Bronze,Hibernating,0.9733175,81 days since last visit (+20 points of risk),26 visits on record (+11 points of risk),visiting 80% less often than their own usual pattern (+10 points of risk),Bounce-back free drink + one-question why-survey,4995.38
M003791,Silver,Hibernating,0.9449919,71 days since last visit (+25 points of risk),26 visits on record (+12 points of risk),visiting 71% less often than their own usual pattern (+11 points of risk),Bounce-back free drink + one-question why-survey,4993.65
M014156,Bronze,Hibernating,0.9968881,typical gap between visits is now 3.8x longer than their own usual pattern (+20 points of risk),55 days since last visit (+15 points of risk),30 visits on record (+9 points of risk),Bounce-back free drink + one-question why-survey,4986.34
M014612,Bronze,Hibernating,0.9805956,80 days since last visit (+20 points of risk),21 visits on record (+11 points of risk),visiting 81% less often than their own usual pattern (+8 points of risk),Bounce-back free drink + one-question why-survey,4985.46
M004354,Silver,Hibernating,0.9965203,typical gap between visits is now 3.9x longer than their own usual pattern (+18 points of risk),25 visits on record (+11 points of risk),43 days since last visit (+10 points of risk),Bounce-back free drink + one-question why-survey,4975.59
M015120,Silver,Loyal,0.94968057,37 days since last visit (+14 points of risk),24 visits on record (+14 points of risk),typical gap between visits is now 2.1x longer than their own usual pattern (+9 points of risk),"Tier-up nudge, personalized bundle",4970.13
M005660,Silver,Hibernating,0.96389884,79 days since last visit (+20 points of risk),visits roughly every 11 days (+14 points of risk),15 visits on record (+11 points of risk),Bounce-back free drink + one-question why-survey,4970.06
M018345,Gold,Hibernating,0.9683364,49 days since last visit (+18 points of risk),visits roughly every 13 days (+15 points of risk),22 visits on record (+11 points of risk),Bounce-back free drink + one-question why-survey,4957.72
M018908,Silver,Hibernating,0.9564013,75 days since last visit (+19 points of risk),22 visits on record (+13 points of risk),visits roughly every 12 days (+11 points of risk),Bounce-back free drink + one-question why-survey,4942.99
M009293,Bronze,Hibernating,0.9609714,65 days since last visit (+25 points of risk),24 visits on record (+11 points of risk),a member for 244 days (+7 points of risk),Bounce-back free drink + one-question why-survey,4940.28
M008801,Silver,Champions,0.89491314,typical gap between visits is now 2.2x longer than their own usual pattern (+16 points of risk),27 visits on record (+14 points of risk),visits roughly every 9 days (+11 points of risk),"VIP perks, early access to new drinks, referral ask",4910.19
M013215,Gold,Loyal,0.96745723,visits roughly every 3 days (+22 points of risk),37 days since last visit (+13 points of risk),27 visits on record (+13 points of risk),"Tier-up nudge, personalized bundle",4910.13
M004724,Bronze,Hibernating,0.97878164,76 days since last visit (+23 points of risk),21 visits on record (+12 points of risk),visiting 69% less often than their own usual pattern (+9 points of risk),Bounce-back free drink + one-question why-survey,4897.75
M009282,Silver,Loyal,0.9469059,38 days since last visit (+15 points of risk),20 visits on record (+14 points of risk),a member for 198 days (+8 points of risk),"Tier-up nudge, personalized bundle",4887.36
M008116,Bronze,Hibernating,0.9857125,77 days since last visit (+17 points of risk),23 visits on record (+11 points of risk),visits roughly every 12 days (+10 points of risk),Bounce-back free drink + one-question why-survey,4877.64
M017139,Silver,Loyal,0.8605798,25 visits on record (+15 points of risk),37 days since last visit (+14 points of risk),a member for 188 days (+8 points of risk),"Tier-up nudge, personalized bundle",4873.7300000000005
M013509,Gold,Hibernating,0.95256764,visits roughly every 11 days (+16 points of risk),41 days since last visit (+13 points of risk),13 visits on record (+12 points of risk),Bounce-back free drink + one-question why-survey,4869.6
M014925,Bronze,Hibernating,0.99697757,typical gap between visits is now 10.5x longer than their own usual pattern (+20 points of risk),45 days since last visit (+14 points of risk),32 visits on record (+10 points of risk),Bounce-back free drink + one-question why-survey,4868.4
M011861,Silver,Hibernating,0.9663957,visits roughly every 13 days (+14 points of risk),40 days since last visit (+12 points of risk),20 visits on record (+12 points of risk),Bounce-back free drink + one-question why-survey,4863.82
M017587,Bronze,Loyal,0.899724,visiting 68% less often than their own usual pattern (+17 points of risk),19 visits on record (+13 points of risk),visits roughly every 12 days (+12 points of risk),"Tier-up nudge, personalized bundle",4853.2
M015564,Bronze,Hibernating,0.94620395,27 visits on record (+13 points of risk),visits roughly every 10 days (+12 points of risk),visiting 72% less often than their own usual pattern (+10 points of risk),Bounce-back free drink + one-question why-survey,4816.31
M015214,Silver,Champions,0.98926336,typical gap between visits is now 6.5x longer than their own usual pattern (+26 points of risk),36 days since last visit (+11 points of risk),35 visits on record (+10 points of risk),"VIP perks, early access to new drinks, referral ask",4811.14
M009086,Silver,Hibernating,0.9323962,44 days since last visit (+17 points of risk),23 visits on record (+16 points of risk),typical gap between visits is now 2.0x longer than their own usual pattern (+13 points of risk),Bounce-back free drink + one-question why-survey,4804.86
M011019,Bronze,Hibernating,0.9178371,42 days since last visit (+17 points of risk),26 visits on record (+16 points of risk),visiting 73% less often than their own usual pattern (+10 points of risk),Bounce-back free drink + one-question why-survey,4803.39
M019119,Bronze,Hibernating,0.94385356,81 days since last visit (+23 points of risk),24 visits on record (+13 points of risk),visiting 43% less often than their own usual pattern (+9 points of risk),Bounce-back free drink + one-question why-survey,4794.33
M007700,Bronze,Loyal,0.9173002,22 visits on record (+14 points of risk),visiting 90% less often than their own usual pattern (+14 points of risk),a member for 223 days (+7 points of risk),"Tier-up nudge, personalized bundle",4789.79
M018451,Silver,Hibernating,0.9479661,19 visits on record (+13 points of risk),89 days since last visit (+11 points of risk),a member for 260 days (+10 points of risk),Bounce-back free drink + one-question why-survey,4785.73
M016082,Bronze,Hibernating,0.9718778,62 days since last visit (+24 points of risk),28 visits on record (+12 points of risk),typical gap between visits is now 2.0x longer than their own usual pattern (+11 points of risk),Bounce-back free drink + one-question why-survey,4784.75
M015703,Bronze,Champions,0.98996234,visits roughly every 3 days (+18 points of risk),30 days since last visit (+10 points of risk),30 visits on record (+10 points of risk),"VIP perks, early access to new drinks, referral ask",4783.91
M015409,Silver,Hibernating,0.9728789,76 days since last visit (+20 points of risk),visits roughly every 12 days (+12 points of risk),21 visits on record (+9 points of risk),Bounce-back free drink + one-question why-survey,4781.77
M009606,Silver,Hibernating,0.99097365,typical gap between visits is now 4.1x longer than their own usual pattern (+21 points of risk),21 visits on record (+13 points of risk),a member for 395 days (+8 points of risk),Bounce-back free drink + one-question why-survey,4780.6900000000005
M016969,Gold,Loyal,0.8985385,20 visits on record (+14 points of risk),32 days since last visit (+12 points of risk),visits roughly every 7 days (+8 points of risk),"Tier-up nudge, personalized bundle",4768.54
M003391,Silver,Champions,0.97359437,visits roughly every 2 days (+28 points of risk),visits down 80% in the last 30 days vs. the 30 before (+12 points of risk),26 days since last visit (+9 points of risk),"VIP perks, early access to new drinks, referral ask",4762.05
M013830,Bronze,Hibernating,0.9786587,81 days since last visit (+17 points of risk),visits roughly every 11 days (+11 points of risk),22 visits on record (+10 points of risk),Bounce-back free drink + one-question why-survey,4747.64
M016873,Bronze,Champions,0.9895635,typical gap between visits is now 4.8x longer than their own usual pattern (+28 points of risk),32 visits on record (+9 points of risk),visits roughly every 12 days (+9 points of risk),"VIP perks, early access to new drinks, referral ask",4736.52
M008451,Bronze,Hibernating,0.9773318,66 days since last visit (+23 points of risk),visiting 78% less often than their own usual pattern (+10 points of risk),29 visits on record (+8 points of risk),Bounce-back free drink + one-question why-survey,4734.71
M012487,Bronze,Loyal,0.7979057,visits roughly every 3 days (+31 points of risk),visits down 77% in the last 30 days vs. the 30 before (+16 points of risk),25 days since last visit (+9 points of risk),"Tier-up nudge, personalized bundle",4726.43
M008527,Silver,Loyal,0.8766695,visits roughly every 9 days (+14 points of risk),14 visits on record (+13 points of risk),31 days since last visit (+10 points of risk),"Tier-up nudge, personalized bundle",4724.61
M018884,Silver,Loyal,0.7933933,visits roughly every 3 days (+22 points of risk),23 visits on record (+14 points of risk),visits down 46% in the last 30 days vs. the 30 before (+9 points of risk),"Tier-up nudge, personalized bundle",4686.48
M011791,Bronze,Loyal,0.8997543,visiting 59% less often than their own usual pattern (+17 points of risk),22 visits on record (+14 points of risk),a member for 203 days (+8 points of risk),"Tier-up nudge, personalized bundle",4684.13
M018709,Bronze,Hibernating,0.98196435,71 days since last visit (+20 points of risk),21 visits on record (+11 points of risk),a member for 261 days (+8 points of risk),Bounce-back free drink + one-question why-survey,4668.49
M009313,Bronze,Champions,0.79826623,typical gap between visits is now 2.5x longer than their own usual pattern (+17 points of risk),26 visits on record (+15 points of risk),a member for 262 days (+10 points of risk),"VIP perks, early access to new drinks, referral ask",4658.28
M008130,Bronze,Loyal,0.9187256,visits roughly every 10 days (+14 points of risk),20 visits on record (+12 points of risk),visiting 35% less often than their own usual pattern (+8 points of risk),"Tier-up nudge, personalized bundle",4657.4
M004874,Bronze,Hibernating,0.9721982,80 days since last visit (+20 points of risk),26 visits on record (+11 points of risk),visiting 82% less often than their own usual pattern (+10 points of risk),Bounce-back free drink + one-question why-survey,4650.95
M003795,Silver,Loyal,0.8698646,23 visits on record (+16 points of risk),visits roughly every 12 days (+15 points of risk),35 days since last visit (+8 points of risk),"Tier-up nudge, personalized bundle",4649.15
M001365,Bronze,Champions,0.9918705,typical gap between visits is now 8.2x longer than their own usual pattern (+26 points of risk),32 days since last visit (+11 points of risk),visits roughly every 10 days (+9 points of risk),"VIP perks, early access to new drinks, referral ask",4643.83
M015442,Gold,Loyal,0.8475435,18 visits on record (+12 points of risk),visits down 60% in the last 30 days vs. the 30 before (+11 points of risk),22 days since last visit (+9 points of risk),"Tier-up nudge, personalized bundle",4614.24
M007604,Silver,Hibernating,0.97738737,61 days since last visit (+17 points of risk),17 visits on record (+12 points of risk),visits roughly every 12 days (+11 points of risk),Bounce-back free drink + one-question why-survey,4569.31
M018533,Bronze,Hibernating,0.98478276,63 days since last visit (+15 points of risk),23 visits on record (+12 points of risk),typical gap between visits is now 2.6x longer than their own usual pattern (+11 points of risk),Bounce-back free drink + one-question why-survey,4567.88
M004688,Silver,Loyal,0.9472346,visits roughly every 13 days (+16 points of risk),17 visits on record (+13 points of risk),33 days since last visit (+7 points of risk),"Tier-up nudge, personalized bundle",4562.92
M001713,Bronze,Champions,0.9537076,visits roughly every 2 days (+24 points of risk),26 visits on record (+12 points of risk),visits down 71% in the last 30 days vs. the 30 before (+11 points of risk),"VIP perks, early access to new drinks, referral ask",4560.12
M010611,Silver,Hibernating,0.9805304,69 days since last visit (+19 points of risk),visits roughly every 2 days (+16 points of risk),27 visits on record (+11 points of risk),Bounce-back free drink + one-question why-survey,4555.64
M006636,Silver,Loyal,0.9787274,typical gap between visits is now 4.5x longer than their own usual pattern (+22 points of risk),19 visits on record (+13 points of risk),34 days since last visit (+8 points of risk),"Tier-up nudge, personalized bundle",4552.69
M011072,Silver,Hibernating,0.92332417,85 days since last visit (+25 points of risk),23 visits on record (+11 points of risk),a member for 293 days (+9 points of risk),Bounce-back free drink + one-question why-survey,4537.1
M018004,Silver,Hibernating,0.99092215,typical gap between visits is now 5.7x longer than their own usual pattern (+20 points of risk),23 visits on record (+13 points of risk),43 days since last visit (+11 points of risk),Bounce-back free drink + one-question why-survey,4530.24
M005255,Bronze,Hibernating,0.97270185,45 days since last visit (+14 points of risk),27 visits on record (+12 points of risk),visits roughly every 10 days (+11 points of risk),Bounce-back free drink + one-question why-survey,4527.24
M003484,Silver,Loyal,0.85829955,typical gap between visits is now 2.1x longer than their own usual pattern (+16 points of risk),23 visits on record (+13 points of risk),a member for 196 days (+8 points of risk),"Tier-up nudge, personalized bundle",4522.8
M010438,Bronze,Hibernating,0.9689306,82 days since last visit (+23 points of risk),19 visits on record (+13 points of risk),visiting 60% less often than their own usual pattern (+9 points of risk),Bounce-back free drink + one-question why-survey,4513.73
M017957,Silver,Loyal,0.9408317,39 days since last visit (+15 points of risk),26 visits on record (+12 points of risk),a member for 252 days (+8 points of risk),"Tier-up nudge, personalized bundle",4498.93
M000815,Silver,Loyal,0.88527775,visiting 73% less often than their own usual pattern (+17 points of risk),20 visits on record (+14 points of risk),a member for 183 days (+8 points of risk),"Tier-up nudge, personalized bundle",4498.38
M009320,Silver,Hibernating,0.98914576,80 days since last visit (+16 points of risk),18 visits on record (+11 points of risk),typical gap between visits is now 3.0x longer than their own usual pattern (+11 points of risk),Bounce-back free drink + one-question why-survey,4494.64
M000137,Bronze,Hibernating,0.8571323,visits roughly every 14 days (+19 points of risk),45 days since last visit (+18 points of risk),visits down 67% in the last 30 days vs. the 30 before (+6 points of risk),Bounce-back free drink + one-question why-survey,4485.17
M000164,Bronze,Hibernating,0.9679967,67 days since last visit (+23 points of risk),25 visits on record (+13 points of risk),visiting 64% less often than their own usual pattern (+10 points of risk),Bounce-back free drink + one-question why-survey,4466.86
M006403,Gold,Hibernating,0.959117,78 days since last visit (+20 points of risk),19 visits on record (+12 points of risk),visits roughly every 10 days (+10 points of risk),Bounce-back free drink + one-question why-survey,4464.3
M012940,Bronze,Loyal,0.99047965,visits roughly every 3 days (+18 points of risk),25 visits on record (+10 points of risk),29 days since last visit (+8 points of risk),"Tier-up nudge, personalized bundle",4459.0
M009176,Bronze,Hibernating,0.9658034,85 days since last visit (+21 points of risk),25 visits on record (+12 points of risk),visiting 59% less often than their own usual pattern (+9 points of risk),Bounce-back free drink + one-question why-survey,4432.27
M012689,Bronze,Hibernating,0.9695905,80 days since last visit (+19 points of risk),24 visits on record (+11 points of risk),a member for 292 days (+9 points of risk),Bounce-back free drink + one-question why-survey,4411.79
M011707,Silver,Loyal,0.865881,15 visits on record (+15 points of risk),typical gap between visits is now 2.1x longer than their own usual pattern (+13 points of risk),visits roughly every 9 days (+8 points of risk),"Tier-up nudge, personalized bundle",4390.4
M015393,Silver,Loyal,0.9763241,typical gap between visits is now 3.8x longer than their own usual pattern (+26 points of risk),23 visits on record (+12 points of risk),a member for 345 days (+9 points of risk),"Tier-up nudge, personalized bundle",4389.44
M004772,Bronze,Hibernating,0.95369023,78 days since last visit (+24 points of risk),26 visits on record (+12 points of risk),visiting 56% less often than their own usual pattern (+10 points of risk),Bounce-back free drink + one-question why-survey,4382.07
M019526,Bronze,Hibernating,0.9867808,51 days since last visit (+15 points of risk),20 visits on record (+11 points of risk),visits roughly every 11 days (+11 points of risk),Bounce-back free drink + one-question why-survey,4380.83
M011838,Silver,Loyal,0.9172503,19 visits on record (+14 points of risk),37 days since last visit (+13 points of risk),visits roughly every 7 days (+8 points of risk),"Tier-up nudge, personalized bundle",4375.16
M002318,Silver,Loyal,0.9927537,typical gap between visits is now 6.0x longer than their own usual pattern (+19 points of risk),25 visits on record (+12 points of risk),visits roughly every 14 days (+11 points of risk),"Tier-up nudge, personalized bundle",4374.11
M012933,Gold,Hibernating,0.93282783,40 days since last visit (+16 points of risk),19 visits on record (+14 points of risk),visits roughly every 9 days (+9 points of risk),Bounce-back free drink + one-question why-survey,4370.84
M012333,Silver,Hibernating,0.9803965,51 days since last visit (+19 points of risk),22 visits on record (+12 points of risk),typical gap between visits is now 2.0x longer than their own usual pattern (+10 points of risk),Bounce-back free drink + one-question why-survey,4369.7300000000005
M012691,Bronze,Hibernating,0.98109186,51 days since last visit (+16 points of risk),21 visits on record (+12 points of risk),visits roughly every 10 days (+10 points of risk),Bounce-back free drink + one-question why-survey,4361.97
M013276,Bronze,Hibernating,0.9909634,visits roughly every 4 days (+13 points of risk),89 days since last visit (+13 points of risk),32 visits on record (+10 points of risk),Bounce-back free drink + one-question why-survey,4348.87
M003905,Bronze,Loyal,0.9119792,visits roughly every 3 days (+25 points of risk),23 visits on record (+12 points of risk),visits down 57% in the last 30 days vs. the 30 before (+9 points of risk),"Tier-up nudge, personalized bundle",4333.5
M006070,Bronze,Hibernating,0.98835397,55 days since last visit (+16 points of risk),23 visits on record (+12 points of risk),typical gap between visits is now 2.1x longer than their own usual pattern (+8 points of risk),Bounce-back free drink + one-question why-survey,4332.3
M017857,Silver,Hibernating,0.9550561,74 days since last visit (+26 points of risk),19 visits on record (+12 points of risk),a member for 222 days (+9 points of risk),Bounce-back free drink + one-question why-survey,4330.38
M010342,Bronze,Hibernating,0.97674596,56 days since last visit (+16 points of risk),25 visits on record (+12 points of risk),visits roughly every 10 days (+10 points of risk),Bounce-back free drink + one-question why-survey,4329.03
M015689,Bronze,Hibernating,0.96317554,51 days since last visit (+20 points of risk),27 visits on record (+13 points of risk),visiting 73% less often than their own usual pattern (+11 points of risk),Bounce-back free drink + one-question why-survey,4327.71
M003995,Bronze,Loyal,0.96324867,typical gap between visits is now 4.6x longer than their own usual pattern (+31 points of risk),15 visits on record (+14 points of risk),a member for 244 days (+7 points of risk),"Tier-up nudge, personalized bundle",4318.52
M012568,Bronze,Hibernating,0.9798645,49 days since last visit (+19 points of risk),24 visits on record (+14 points of risk),visiting 89% less often than their own usual pattern (+8 points of risk),Bounce-back free drink + one-question why-survey,4301.65
M007953,Bronze,Hibernating,0.9815258,typical gap between visits is now 5.5x longer than their own usual pattern (+24 points of risk),17 visits on record (+13 points of risk),39 days since last visit (+11 points of risk),Bounce-back free drink + one-question why-survey,4301.16
M015726,Gold,Hibernating,0.97970986,50 days since last visit (+15 points of risk),19 visits on record (+12 points of risk),visits roughly every 10 days (+12 points of risk),Bounce-back free drink + one-question why-survey,4299.84
M010924,Bronze,Loyal,0.9445748,22 visits on record (+14 points of risk),36 days since last visit (+13 points of risk),typical gap between visits is now 2.1x longer than their own usual pattern (+8 points of risk),"Tier-up nudge, personalized bundle",4299.06
M010343,Silver,Hibernating,0.9630463,49 days since last visit (+19 points of risk),15 visits on record (+13 points of risk),a member for 157 days (+9 points of risk),Bounce-back free drink + one-question why-survey,4294.77
M003258,Silver,Hibernating,0.995937,typical gap between visits is now 4.8x longer than their own usual pattern (+17 points of risk),72 days since last visit (+15 points of risk),25 visits on record (+11 points of risk),Bounce-back free drink + one-question why-survey,4294.1900000000005
M013647,Silver,Hibernating,0.9550342,22 visits on record (+13 points of risk),42 days since last visit (+12 points of risk),visits roughly every 10 days (+11 points of risk),Bounce-back free drink + one-question why-survey,4289.54
M019847,Bronze,Hibernating,0.9695618,52 days since last visit (+22 points of risk),25 visits on record (+14 points of risk),visiting 84% less often than their own usual pattern (+9 points of risk),Bounce-back free drink + one-question why-survey,4272.93
M011365,Silver,Hibernating,0.9876431,typical gap between visits is now 3.5x longer than their own usual pattern (+21 points of risk),59 days since last visit (+15 points of risk),17 visits on record (+12 points of risk),Bounce-back free drink + one-question why-survey,4271.9
M006914,Bronze,Loyal,0.80801064,23 visits on record (+13 points of risk),typical gap between visits is now 2.1x longer than their own usual pattern (+11 points of risk),visits down 67% in the last 30 days vs. the 30 before (+9 points of risk),"Tier-up nudge, personalized bundle",4262.35
M018370,Bronze,Hibernating,0.98111504,67 days since last visit (+19 points of risk),23 visits on record (+11 points of risk),a member for 266 days (+8 points of risk),Bounce-back free drink + one-question why-survey,4261.15
M002615,Silver,Hibernating,0.97349113,63 days since last visit (+16 points of risk),14 visits on record (+13 points of risk),visits roughly every 10 days (+11 points of risk),Bounce-back free drink + one-question why-survey,4259.13
M012648,Bronze,Loyal,0.86635286,visiting 92% less often than their own usual pattern (+16 points of risk),a member for 509 days (+12 points of risk),16 visits on record (+10 points of risk),"Tier-up nudge, personalized bundle",4231.38
M005290,Bronze,Loyal,0.9870588,typical gap between visits is now 5.5x longer than their own usual pattern (+28 points of risk),23 visits on record (+11 points of risk),visits roughly every 13 days (+9 points of risk),"Tier-up nudge, personalized bundle",4229.13
M011463,Gold,Loyal,0.7960706,visits roughly every 13 days (+19 points of risk),18 visits on record (+12 points of risk),visiting 30% less often than their own usual pattern (+8 points of risk),"Tier-up nudge, personalized bundle",4229.0599999999995
M019052,Bronze,Hibernating,0.9528922,78 days since last visit (+22 points of risk),21 visits on record (+12 points of risk),visits roughly every 10 days (+11 points of risk),Bounce-back free drink + one-question why-survey,4226.54
M013681,Bronze,Loyal,0.83941966,visits roughly every 10 days (+16 points of risk),15 visits on record (+13 points of risk),visits down 60% in the last 30 days vs. the 30 before (+11 points of risk),"Tier-up nudge, personalized bundle",4226.15
M012245,Bronze,Hibernating,0.95616734,79 days since last visit (+25 points of risk),visits roughly every 12 days (+17 points of risk),a member for 279 days (+8 points of risk),Bounce-back free drink + one-question why-survey,4217.67
M009991,Silver,Hibernating,0.9684947,80 days since last visit (+22 points of risk),visits roughly every 13 days (+17 points of risk),a member for 297 days (+8 points of risk),Bounce-back free drink + one-question why-survey,4214.6
M011246,Bronze,Loyal,0.89176834,17 visits on record (+14 points of risk),visits down 60% in the last 30 days vs. the 30 before (+10 points of risk),visiting 40% less often than their own usual pattern (+8 points of risk),"Tier-up nudge, personalized bundle",4214.41
M012754,Silver,Hibernating,0.97132146,56 days since last visit (+16 points of risk),visits roughly every 12 days (+14 points of risk),15 visits on record (+13 points of risk),Bounce-back free drink + one-question why-survey,4211.39
M007756,Silver,Loyal,0.8813086,visits roughly every 10 days (+14 points of risk),15 visits on record (+12 points of risk),visits down 60% in the last 30 days vs. the 30 before (+11 points of risk),"Tier-up nudge, personalized bundle",4210.61
M014529,Bronze,Loyal,0.9391914,visits roughly every 12 days (+14 points of risk),19 visits on record (+13 points of risk),visiting 56% less often than their own usual pattern (+11 points of risk),"Tier-up nudge, personalized bundle",4203.92
M016825,Silver,Hibernating,0.9933242,typical gap between visits is now 5.9x longer than their own usual pattern (+19 points of risk),63 days since last visit (+13 points of risk),16 visits on record (+11 points of risk),Bounce-back free drink + one-question why-survey,4195.85
M004240,Gold,Hibernating,0.95065683,83 days since last visit (+19 points of risk),visits roughly every 13 days (+15 points of risk),21 visits on record (+10 points of risk),Bounce-back free drink + one-question why-survey,4191.94
M007635,Bronze,Champions,0.9951432,typical gap between visits is now 5.3x longer than their own usual pattern (+19 points of risk),39 days since last visit (+12 points of risk),32 visits on record (+9 points of risk),"VIP perks, early access to new drinks, referral ask",4171.69
M011827,Gold,Hibernating,0.9211787,86 days since last visit (+18 points of risk),visits roughly every 12 days (+15 points of risk),18 visits on record (+11 points of risk),Bounce-back free drink + one-question why-survey,4164.37
M012986,Silver,Hibernating,0.9752167,46 days since last visit (+17 points of risk),25 visits on record (+12 points of risk),visiting 76% less often than their own usual pattern (+9 points of risk),Bounce-back free drink + one-question why-survey,4163.36
M005677,Silver,Loyal,0.932644,visiting 89% less often than their own usual pattern (+15 points of risk),16 visits on record (+13 points of risk),visits roughly every 12 days (+12 points of risk),"Tier-up nudge, personalized bundle",4161.33
M015589,Silver,Hibernating,0.9541863,43 days since last visit (+14 points of risk),19 visits on record (+13 points of risk),a member for 188 days (+9 points of risk),Bounce-back free drink + one-question why-survey,4157.67
M006604,Silver,Loyal,0.8489233,a member for 259 days (+13 points of risk),9 visits on record (+8 points of risk),visiting 33% less often than their own usual pattern (+7 points of risk),"Tier-up nudge, personalized bundle",4141.89
M016171,Bronze,Loyal,0.99518895,typical gap between visits is now 3.9x longer than their own usual pattern (+18 points of risk),24 visits on record (+11 points of risk),visits roughly every 11 days (+10 points of risk),"Tier-up nudge, personalized bundle",4128.38
M012916,Bronze,Hibernating,0.95624954,70 days since last visit (+26 points of risk),20 visits on record (+13 points of risk),visiting 93% less often than their own usual pattern (+10 points of risk),Bounce-back free drink + one-question why-survey,4107.28
M017586,Bronze,Hibernating,0.9913328,74 days since last visit (+17 points of risk),25 visits on record (+11 points of risk),typical gap between visits is now 3.0x longer than their own usual pattern (+10 points of risk),Bounce-back free drink + one-question why-survey,4089.85
M011370,Bronze,Loyal,0.86515385,visiting 95% less often than their own usual pattern (+16 points of risk),21 visits on record (+13 points of risk),a member for 215 days (+10 points of risk),"Tier-up nudge, personalized bundle",4077.4
M014617,Silver,Hibernating,0.9822172,51 days since last visit (+15 points of risk),20 visits on record (+12 points of risk),visits roughly every 10 days (+12 points of risk),Bounce-back free drink + one-question why-survey,4076.91
M001471,Bronze,Loyal,0.9008328,33 days since last visit (+14 points of risk),20 visits on record (+13 points of risk),a member for 178 days (+8 points of risk),"Tier-up nudge, personalized bundle",4071.87
M018447,Silver,Loyal,0.9734308,typical gap between visits is now 6.0x longer than their own usual pattern (+30 points of risk),22 visits on record (+12 points of risk),a member for 330 days (+9 points of risk),"Tier-up nudge, personalized bundle",4066.41
M002727,Bronze,Loyal,0.8669489,visiting 46% less often than their own usual pattern (+13 points of risk),21 visits on record (+12 points of risk),a member for 201 days (+10 points of risk),"Tier-up nudge, personalized bundle",4057.81
M017861,Bronze,Loyal,0.9209084,typical gap between visits is now 2.1x longer than their own usual pattern (+15 points of risk),21 visits on record (+13 points of risk),a member for 200 days (+9 points of risk),"Tier-up nudge, personalized bundle",4055.44
M016887,Bronze,Hibernating,0.97590315,75 days since last visit (+23 points of risk),20 visits on record (+11 points of risk),a member for 227 days (+9 points of risk),Bounce-back free drink + one-question why-survey,4052.49
M002066,Gold,Loyal,0.8402777,typical gap between visits is now 2.5x longer than their own usual pattern (+19 points of risk),a member for 384 days (+16 points of risk),13 visits on record (+14 points of risk),"Tier-up nudge, personalized bundle",4047.79
M013538,Gold,Loyal,0.9743221,visits roughly every 3 days (+20 points of risk),38 days since last visit (+13 points of risk),21 visits on record (+13 points of risk),"Tier-up nudge, personalized bundle",4036.35
M014826,Bronze,Hibernating,0.9822603,78 days since last visit (+18 points of risk),visits roughly every 11 days (+11 points of risk),15 visits on record (+10 points of risk),Bounce-back free drink + one-question why-survey,4034.41
M011628,Bronze,Hibernating,0.96571445,78 days since last visit (+24 points of risk),24 visits on record (+10 points of risk),a member for 273 days (+9 points of risk),Bounce-back free drink + one-question why-survey,4033.7599999999998
M007446,Silver,Hibernating,0.9631481,71 days since last visit (+19 points of risk),typical gap between visits is now 2.6x longer than their own usual pattern (+16 points of risk),19 visits on record (+11 points of risk),Bounce-back free drink + one-question why-survey,4028.24
M006250,Silver,Hibernating,0.98140335,48 days since last visit (+16 points of risk),20 visits on record (+12 points of risk),visits roughly every 9 days (+9 points of risk),Bounce-back free drink + one-question why-survey,4026.61
M016958,Silver,Loyal,0.9869053,typical gap between visits is now 5.1x longer than their own usual pattern (+28 points of risk),19 visits on record (+11 points of risk),a member for 270 days (+9 points of risk),"Tier-up nudge, personalized bundle",4012.4700000000003
M007114,Gold,Hibernating,0.9115278,75 days since last visit (+30 points of risk),visits roughly every 15 days (+13 points of risk),a member for 260 days (+8 points of risk),Bounce-back free drink + one-question why-survey,4007.84
M019028,Silver,Loyal,0.91264474,visits roughly every 11 days (+15 points of risk),19 visits on record (+12 points of risk),visiting 34% less often than their own usual pattern (+9 points of risk),"Tier-up nudge, personalized bundle",4007.13
M015056,Bronze,Loyal,0.95175093,18 visits on record (+13 points of risk),visits roughly every 10 days (+12 points of risk),typical gap between visits is now 2.2x longer than their own usual pattern (+12 points of risk),"Tier-up nudge, personalized bundle",4006.88
M010607,Bronze,Hibernating,0.978773,74 days since last visit (+19 points of risk),16 visits on record (+12 points of risk),a member for 212 days (+9 points of risk),Bounce-back free drink + one-question why-survey,4005.19
M014871,Bronze,Hibernating,0.9837284,62 days since last visit (+16 points of risk),19 visits on record (+12 points of risk),visits roughly every 10 days (+10 points of risk),Bounce-back free drink + one-question why-survey,4004.34
M011774,Silver,Hibernating,0.8832305,72 days since last visit (+17 points of risk),visiting 74% less often than their own usual pattern (+15 points of risk),15 visits on record (+12 points of risk),Bounce-back free drink + one-question why-survey,3993.67
M006410,Silver,Hibernating,0.9598824,64 days since last visit (+18 points of risk),13 visits on record (+15 points of risk),visits roughly every 11 days (+10 points of risk),Bounce-back free drink + one-question why-survey,3986.64
M018763,Bronze,Hibernating,0.99497694,70 days since last visit (+16 points of risk),typical gap between visits is now 3.1x longer than their own usual pattern (+12 points of risk),25 visits on record (+11 points of risk),Bounce-back free drink + one-question why-survey,3977.32
M005412,Silver,Hibernating,0.9781949,57 days since last visit (+21 points of risk),20 visits on record (+12 points of risk),typical gap between visits is now 2.1x longer than their own usual pattern (+9 points of risk),Bounce-back free drink + one-question why-survey,3977.3199999999997
M017720,Silver,Loyal,0.94124985,14 visits on record (+14 points of risk),visiting 70% less often than their own usual pattern (+12 points of risk),29 days since last visit (+8 points of risk),"Tier-up nudge, personalized bundle",3974.68
M012720,Bronze,Hibernating,0.94161385,64 days since last visit (+19 points of risk),visits roughly every 11 days (+13 points of risk),15 visits on record (+13 points of risk),Bounce-back free drink + one-question why-survey,3973.45
M012249,Silver,Hibernating,0.99635506,typical gap between visits is now 3.4x longer than their own usual pattern (+15 points of risk),73 days since last visit (+14 points of risk),19 visits on record (+10 points of risk),Bounce-back free drink + one-question why-survey,3971.66
M014083,Gold,Loyal,0.85069084,13 visits on record (+16 points of risk),visiting 76% less often than their own usual pattern (+15 points of risk),visits roughly every 11 days (+14 points of risk),"Tier-up nudge, personalized bundle",3968.25
M003227,Bronze,Hibernating,0.9645402,61 days since last visit (+17 points of risk),24 visits on record (+11 points of risk),visits roughly every 10 days (+11 points of risk),Bounce-back free drink + one-question why-survey,3966.59
M008776,Bronze,Loyal,0.89251816,21 visits on record (+16 points of risk),typical gap between visits is now 2.1x longer than their own usual pattern (+13 points of risk),a member for 172 days (+9 points of risk),"Tier-up nudge, personalized bundle",3959.67
M002351,Bronze,Hibernating,0.8640585,56 days since last visit (+23 points of risk),21 visits on record (+15 points of risk),a member for 386 days (+7 points of risk),Bounce-back free drink + one-question why-survey,3956.66
M015110,Bronze,Hibernating,0.9808358,48 days since last visit (+17 points of risk),19 visits on record (+13 points of risk),typical gap between visits is now 2.3x longer than their own usual pattern (+10 points of risk),Bounce-back free drink + one-question why-survey,3949.85
M010228,Bronze,Loyal,0.83450943,20 visits on record (+16 points of risk),visiting 87% less often than their own usual pattern (+15 points of risk),a member for 166 days (+7 points of risk),"Tier-up nudge, personalized bundle",3949.46
M019065,Silver,Loyal,0.86694074,22 visits on record (+16 points of risk),visiting 62% less often than their own usual pattern (+15 points of risk),a member for 187 days (+7 points of risk),"Tier-up nudge, personalized bundle",3929.86
M019613,Bronze,Loyal,0.88404506,typical gap between visits is now 2.1x longer than their own usual pattern (+16 points of risk),18 visits on record (+14 points of risk),a member for 181 days (+10 points of risk),"Tier-up nudge, personalized bundle",3928.48
M012331,Gold,Hibernating,0.9083634,71 days since last visit (+21 points of risk),14 visits on record (+13 points of risk),a member for 283 days (+10 points of risk),Bounce-back free drink + one-question why-survey,3926.48
M001903,Bronze,Loyal,0.94197184,23 visits on record (+14 points of risk),37 days since last visit (+12 points of risk),visiting 57% less often than their own usual pattern (+7 points of risk),"Tier-up nudge, personalized bundle",3919.17
M014716,Bronze,Hibernating,0.98583764,54 days since last visit (+17 points of risk),17 visits on record (+12 points of risk),visits roughly every 10 days (+10 points of risk),Bounce-back free drink + one-question why-survey,3918.9300000000003
M007675,Bronze,Loyal,0.9888269,typical gap between visits is now 6.3x longer than their own usual pattern (+27 points of risk),19 visits on record (+12 points of risk),visits roughly every 13 days (+8 points of risk),"Tier-up nudge, personalized bundle",3918.15
M009206,Silver,Hibernating,0.96634096,70 days since last visit (+22 points of risk),visits roughly every 9 days (+10 points of risk),17 visits on record (+10 points of risk),Bounce-back free drink + one-question why-survey,3916.66
M003558,Bronze,Champions,0.99750704,typical gap between visits is now 7.8x longer than their own usual pattern (+21 points of risk),46 days since last visit (+14 points of risk),visits roughly every 12 days (+9 points of risk),"VIP perks, early access to new drinks, referral ask",3911.64
M017705,Bronze,Hibernating,0.9614276,70 days since last visit (+22 points of risk),visits roughly every 3 days (+17 points of risk),22 visits on record (+10 points of risk),Bounce-back free drink + one-question why-survey,3910.03
M003590,Bronze,Hibernating,0.9865953,54 days since last visit (+16 points of risk),23 visits on record (+12 points of risk),typical gap between visits is now 2.9x longer than their own usual pattern (+11 points of risk),Bounce-back free drink + one-question why-survey,3908.59
M004617,Bronze,Hibernating,0.9921955,76 days since last visit (+17 points of risk),25 visits on record (+12 points of risk),typical gap between visits is now 3.0x longer than their own usual pattern (+10 points of risk),Bounce-back free drink + one-question why-survey,3905.42
M011371,Bronze,Hibernating,0.95931596,typical gap between visits is now 5.1x longer than their own usual pattern (+29 points of risk),62 days since last visit (+19 points of risk),19 visits on record (+15 points of risk),Bounce-back free drink + one-question why-survey,3905.41
M011936,Silver,Hibernating,0.9803736,81 days since last visit (+19 points of risk),15 visits on record (+11 points of risk),visiting 57% less often than their own usual pattern (+8 points of risk),Bounce-back free drink + one-question why-survey,3900.01
M017566,Silver,Hibernating,0.95347106,66 days since last visit (+24 points of risk),23 visits on record (+12 points of risk),a member for 249 days (+9 points of risk),Bounce-back free drink + one-question why-survey,3899.31
M006565,Silver,Loyal,0.97107834,typical gap between visits is now 4.8x longer than their own usual pattern (+34 points of risk),24 visits on record (+13 points of risk),a member for 420 days (+8 points of risk),"Tier-up nudge, personalized bundle",3884.73
M000351,Silver,Hibernating,0.9233387,75 days since last visit (+16 points of risk),visiting 55% less often than their own usual pattern (+12 points of risk),a member for 354 days (+12 points of risk),Bounce-back free drink + one-question why-survey,3881.14
M008031,Bronze,Loyal,0.9383511,visits roughly every 10 days (+13 points of risk),19 visits on record (+13 points of risk),visiting 41% less often than their own usual pattern (+11 points of risk),"Tier-up nudge, personalized bundle",3879.32
M018830,Silver,Hibernating,0.9875091,74 days since last visit (+18 points of risk),16 visits on record (+11 points of risk),visits roughly every 10 days (+8 points of risk),Bounce-back free drink + one-question why-survey,3878.35
M001016,Gold,Hibernating,0.969138,72 days since last visit (+19 points of risk),13 visits on record (+12 points of risk),a member for 259 days (+9 points of risk),Bounce-back free drink + one-question why-survey,3873.02
M010145,Silver,Hibernating,0.94749177,76 days since last visit (+28 points of risk),18 visits on record (+11 points of risk),visits roughly every 9 days (+10 points of risk),Bounce-back free drink + one-question why-survey,3869.2200000000003
M010930,Bronze,Loyal,0.93846697,visiting 78% less often than their own usual pattern (+15 points of risk),21 visits on record (+15 points of risk),a member for 210 days (+8 points of risk),"Tier-up nudge, personalized bundle",3868.63
M016456,Bronze,Hibernating,0.98674613,typical gap between visits is now 3.5x longer than their own usual pattern (+14 points of risk),16 visits on record (+14 points of risk),43 days since last visit (+13 points of risk),Bounce-back free drink + one-question why-survey,3861.79
M015763,Bronze,Hibernating,0.9859995,57 days since last visit (+14 points of risk),19 visits on record (+12 points of risk),visits roughly every 11 days (+10 points of risk),Bounce-back free drink + one-question why-survey,3859.57
M002815,Silver,Hibernating,0.956728,66 days since last visit (+13 points of risk),visiting 60% less often than their own usual pattern (+11 points of risk),13 visits on record (+11 points of risk),Bounce-back free drink + one-question why-survey,3856.88
M005174,Silver,Hibernating,0.96606386,65 days since last visit (+21 points of risk),22 visits on record (+12 points of risk),visiting 71% less often than their own usual pattern (+9 points of risk),Bounce-back free drink + one-question why-survey,3856.04
M003961,Bronze,Loyal,0.96152353,typical gap between visits is now 3.4x longer than their own usual pattern (+27 points of risk),16 visits on record (+11 points of risk),a member for 206 days (+10 points of risk),"Tier-up nudge, personalized bundle",3845.27
M000828,Bronze,Loyal,0.91710067,visiting 85% less often than their own usual pattern (+16 points of risk),18 visits on record (+14 points of risk),visits roughly every 10 days (+10 points of risk),"Tier-up nudge, personalized bundle",3832.88
M003792,Gold,Hibernating,0.9416487,typical gap between visits is now 3.6x longer than their own usual pattern (+22 points of risk),76 days since last visit (+20 points of risk),13 visits on record (+15 points of risk),Bounce-back free drink + one-question why-survey,3829.97
M003089,Silver,Hibernating,0.96955305,48 days since last visit (+16 points of risk),17 visits on record (+13 points of risk),visits roughly every 9 days (+9 points of risk),Bounce-back free drink + one-question why-survey,3828.71
M000788,Bronze,Hibernating,0.95762265,40 days since last visit (+14 points of risk),27 visits on record (+12 points of risk),a member for 214 days (+7 points of risk),Bounce-back free drink + one-question why-survey,3824.44
M012360,Bronze,Loyal,0.8692233,visiting 89% less often than their own usual pattern (+16 points of risk),21 visits on record (+14 points of risk),a member for 195 days (+9 points of risk),"Tier-up nudge, personalized bundle",3820.7400000000002
M005551,Silver,Loyal,0.87349343,12 visits on record (+17 points of risk),typical gap between visits is now 2.6x longer than their own usual pattern (+14 points of risk),visits roughly every 11 days (+14 points of risk),"Tier-up nudge, personalized bundle",3819.85
M005353,Bronze,Loyal,0.93775076,typical gap between visits is now 3.6x longer than their own usual pattern (+28 points of risk),21 visits on record (+14 points of risk),a member for 308 days (+10 points of risk),"Tier-up nudge, personalized bundle",3802.02
M001026,Bronze,Loyal,0.9370637,21 visits on record (+14 points of risk),visiting 65% less often than their own usual pattern (+13 points of risk),a member for 180 days (+8 points of risk),"Tier-up nudge, personalized bundle",3799.7
M000359,Gold,Loyal,0.7978755,typical gap between visits is now 2.4x longer than their own usual pattern (+23 points of risk),18 visits on record (+15 points of risk),a member for 426 days (+11 points of risk),"Tier-up nudge, personalized bundle",3799.52
M019790,Bronze,Loyal,0.80292255,19 visits on record (+15 points of risk),visiting 66% less often than their own usual pattern (+15 points of risk),visits roughly every 10 days (+13 points of risk),"Tier-up nudge, personalized bundle",3794.11
M014293,Silver,Loyal,0.934234,17 visits on record (+14 points of risk),visits roughly every 11 days (+13 points of risk),visiting 86% less often than their own usual pattern (+13 points of risk),"Tier-up nudge, personalized bundle",3793.76
M017938,Gold,Loyal,0.89333016,visits roughly every 10 days (+19 points of risk),visits down 60% in the last 30 days vs. the 30 before (+18 points of risk),12 visits on record (+9 points of risk),"Tier-up nudge, personalized bundle",3793.58
M009615,Silver,Hibernating,0.97925925,56 days since last visit (+18 points of risk),16 visits on record (+12 points of risk),a member for 186 days (+8 points of risk),Bounce-back free drink + one-question why-survey,3790.76
M011875,Bronze,Hibernating,0.9650163,62 days since last visit (+20 points of risk),21 visits on record (+13 points of risk),a member for 217 days (+9 points of risk),Bounce-back free drink + one-question why-survey,3785.05
M007170,Bronze,Hibernating,0.9797783,visits roughly every 4 days (+16 points of risk),40 days since last visit (+14 points of risk),26 visits on record (+12 points of risk),Bounce-back free drink + one-question why-survey,3781.11
M004689,Bronze,Hibernating,0.974463,63 days since last visit (+21 points of risk),21 visits on record (+13 points of risk),typical gap between visits is now 2.1x longer than their own usual pattern (+10 points of risk),Bounce-back free drink + one-question why-survey,3777.9
M018399,Bronze,Hibernating,0.9720399,80 days since last visit (+20 points of risk),visits roughly every 10 days (+10 points of risk),21 visits on record (+10 points of risk),Bounce-back free drink + one-question why-survey,3775.48
M006105,Bronze,Loyal,0.92853457,23 visits on record (+13 points of risk),32 days since last visit (+11 points of risk),a member for 202 days (+8 points of risk),"Tier-up nudge, personalized bundle",3773.79
M018518,Bronze,Hibernating,0.9877858,57 days since last visit (+15 points of risk),17 visits on record (+12 points of risk),visits roughly every 11 days (+10 points of risk),Bounce-back free drink + one-question why-survey,3771.17
M006977,Gold,Loyal,0.85937494,visits roughly every 12 days (+18 points of risk),11 visits on record (+13 points of risk),a member for 147 days (+4 points of risk),"Tier-up nudge, personalized bundle",3760.8300000000004
M009762,Bronze,Loyal,0.9755957,typical gap between visits is now 3.6x longer than their own usual pattern (+19 points of risk),18 visits on record (+12 points of risk),a member for 308 days (+8 points of risk),"Tier-up nudge, personalized bundle",3758.51
M011567,Bronze,Hibernating,0.98524064,62 days since last visit (+16 points of risk),20 visits on record (+12 points of risk),a member for 251 days (+8 points of risk),Bounce-back free drink + one-question why-survey,3754.45
M006515,Silver,Hibernating,0.98079693,59 days since last visit (+14 points of risk),20 visits on record (+12 points of risk),visits roughly every 12 days (+11 points of risk),Bounce-back free drink + one-question why-survey,3749.69
M003350,Bronze,Hibernating,0.97275496,visits roughly every 4 days (+18 points of risk),44 days since last visit (+14 points of risk),24 visits on record (+13 points of risk),Bounce-back free drink + one-question why-survey,3745.97
M009685,Bronze,Loyal,0.9701957,19 visits on record (+13 points of risk),32 days since last visit (+10 points of risk),a member for 171 days (+6 points of risk),"Tier-up nudge, personalized bundle",3740.11
M008711,Bronze,Loyal,0.8868188,typical gap between visits is now 2.8x longer than their own usual pattern (+25 points of risk),17 visits on record (+15 points of risk),a member for 392 days (+13 points of risk),"Tier-up nudge, personalized bundle",3731.72
M014790,Bronze,Hibernating,0.91810673,57 days since last visit (+22 points of risk),24 visits on record (+16 points of risk),visiting 42% less often than their own usual pattern (+9 points of risk),Bounce-back free drink + one-question why-survey,3729.7599999999998
M001350,Gold,Hibernating,0.89459896,81 days since last visit (+15 points of risk),a member for 385 days (+13 points of risk),visiting 81% less often than their own usual pattern (+13 points of risk),Bounce-back free drink + one-question why-survey,3714.44
M015575,Silver,Hibernating,0.9896741,visits roughly every 4 days (+20 points of risk),43 days since last visit (+11 points of risk),18 visits on record (+7 points of risk),Bounce-back free drink + one-question why-survey,3711.55
M016933,Bronze,Hibernating,0.97025675,68 days since last visit (+22 points of risk),21 visits on record (+10 points of risk),a member for 238 days (+7 points of risk),Bounce-back free drink + one-question why-survey,3709.2999999999997
M004417,Bronze,Hibernating,0.9538919,85 days since last visit (+21 points of risk),typical gap between visits is now 2.2x longer than their own usual pattern (+14 points of risk),24 visits on record (+13 points of risk),Bounce-back free drink + one-question why-survey,3709.12
M016984,Bronze,Hibernating,0.98544747,68 days since last visit (+17 points of risk),14 visits on record (+11 points of risk),visits roughly every 11 days (+10 points of risk),Bounce-back free drink + one-question why-survey,3707.5699999999997
M017873,Silver,Hibernating,0.8771608,40 days since last visit (+12 points of risk),visits roughly every 14 days (+12 points of risk),8 visits on record (+11 points of risk),Bounce-back free drink + one-question why-survey,3707.36
M019374,Bronze,Loyal,0.8403393,11 visits on record (+12 points of risk),33 days since last visit (+9 points of risk),a member for 192 days (+8 points of risk),"Tier-up nudge, personalized bundle",3700.95
M010261,Bronze,Hibernating,0.9839951,16 visits on record (+12 points of risk),visits roughly every 12 days (+12 points of risk),40 days since last visit (+10 points of risk),Bounce-back free drink + one-question why-survey,3694.68
M019024,Silver,Hibernating,0.90827507,69 days since last visit (+20 points of risk),visiting 86% less often than their own usual pattern (+14 points of risk),15 visits on record (+12 points of risk),Bounce-back free drink + one-question why-survey,3690.17
M012426,Silver,Hibernating,0.97567344,59 days since last visit (+16 points of risk),19 visits on record (+12 points of risk),visits roughly every 9 days (+9 points of risk),Bounce-back free drink + one-question why-survey,3687.4900000000002
M017177,Bronze,Loyal,0.9831697,typical gap between visits is now 6.5x longer than their own usual pattern (+27 points of risk),16 visits on record (+12 points of risk),a member for 289 days (+9 points of risk),"Tier-up nudge, personalized bundle",3673.56
M005426,Bronze,Hibernating,0.995837,typical gap between visits is now 4.2x longer than their own usual pattern (+20 points of risk),87 days since last visit (+16 points of risk),visits roughly every 12 days (+9 points of risk),Bounce-back free drink + one-question why-survey,3671.72
M009354,Bronze,Hibernating,0.85934484,62 days since last visit (+15 points of risk),15 visits on record (+14 points of risk),visiting 49% less often than their own usual pattern (+13 points of risk),Bounce-back free drink + one-question why-survey,3665.8
M002239,Bronze,Loyal,0.8062041,14 visits on record (+15 points of risk),visiting 36% less often than their own usual pattern (+13 points of risk),visits roughly every 10 days (+11 points of risk),"Tier-up nudge, personalized bundle",3665.3199999999997
M006041,Gold,Loyal,0.8361985,a member for 276 days (+13 points of risk),visiting 40% less often than their own usual pattern (+13 points of risk),11 visits on record (+10 points of risk),"Tier-up nudge, personalized bundle",3657.85
M013188,Bronze,Hibernating,0.9977825,typical gap between visits is now 21.2x longer than their own usual pattern (+15 points of risk),87 days since last visit (+14 points of risk),20 visits on record (+10 points of risk),Bounce-back free drink + one-question why-survey,3657.4
M012748,Bronze,Loyal,0.9819834,typical gap between visits is now 3.4x longer than their own usual pattern (+24 points of risk),21 visits on record (+11 points of risk),visits roughly every 11 days (+9 points of risk),"Tier-up nudge, personalized bundle",3648.75
M001485,Bronze,Hibernating,0.9678059,84 days since last visit (+18 points of risk),visits roughly every 10 days (+11 points of risk),22 visits on record (+10 points of risk),Bounce-back free drink + one-question why-survey,3639.98
M007488,Bronze,Hibernating,0.98977345,70 days since last visit (+19 points of risk),20 visits on record (+11 points of risk),a member for 295 days (+8 points of risk),Bounce-back free drink + one-question why-survey,3635.54
M009768,Bronze,Hibernating,0.97940856,25 visits on record (+12 points of risk),40 days since last visit (+12 points of risk),visits roughly every 10 days (+8 points of risk),Bounce-back free drink + one-question why-survey,3625.32
M002971,Bronze,Hibernating,0.9398728,81 days since last visit (+18 points of risk),23 visits on record (+11 points of risk),visits roughly every 10 days (+10 points of risk),Bounce-back free drink + one-question why-survey,3622.63
M018332,Bronze,Loyal,0.90849876,20 visits on record (+14 points of risk),visits roughly every 10 days (+12 points of risk),typical gap between visits is now 2.1x longer than their own usual pattern (+12 points of risk),"Tier-up nudge, personalized bundle",3622.0699999999997
M005540,Bronze,Loyal,0.96071434,typical gap between visits is now 5.8x longer than their own usual pattern (+31 points of risk),18 visits on record (+14 points of risk),a member for 244 days (+8 points of risk),"Tier-up nudge, personalized bundle",3621.32
M002775,Silver,Hibernating,0.95896655,typical gap between visits is now 3.4x longer than their own usual pattern (+20 points of risk),22 visits on record (+16 points of risk),39 days since last visit (+13 points of risk),Bounce-back free drink + one-question why-survey,3620.86
M012590,Bronze,Loyal,0.9908077,typical gap between visits is now 5.8x longer than their own usual pattern (+17 points of risk),20 visits on record (+13 points of risk),visits roughly every 12 days (+11 points of risk),"Tier-up nudge, personalized bundle",3620.47
M009450,Silver,Hibernating,0.95411056,49 days since last visit (+20 points of risk),18 visits on record (+11 points of risk),visits roughly every 9 days (+9 points of risk),Bounce-back free drink + one-question why-survey,3619.48
M002249,Bronze,Hibernating,0.98167807,83 days since last visit (+18 points of risk),visits roughly every 11 days (+10 points of risk),22 visits on record (+10 points of risk),Bounce-back free drink + one-question why-survey,3619.25
M004359,Silver,Hibernating,0.9670144,67 days since last visit (+18 points of risk),visits roughly every 10 days (+12 points of risk),18 visits on record (+11 points of risk),Bounce-back free drink + one-question why-survey,3614.1
M000059,Bronze,Loyal,0.907624,visiting 81% less often than their own usual pattern (+15 points of risk),16 visits on record (+14 points of risk),visits roughly every 12 days (+13 points of risk),"Tier-up nudge, personalized bundle",3609.28
M019229,Bronze,Loyal,0.962238,19 visits on record (+13 points of risk),visits roughly every 10 days (+11 points of risk),35 days since last visit (+8 points of risk),"Tier-up nudge, personalized bundle",3607.02
M019747,Bronze,Hibernating,0.9457087,49 days since last visit (+15 points of risk),visiting 56% less often than their own usual pattern (+13 points of risk),15 visits on record (+12 points of risk),Bounce-back free drink + one-question why-survey,3603.15
M004952,Bronze,Loyal,0.89034045,visiting 57% less often than their own usual pattern (+16 points of risk),a member for 358 days (+13 points of risk),16 visits on record (+12 points of risk),"Tier-up nudge, personalized bundle",3599.01
M008966,Bronze,Hibernating,0.99337524,typical gap between visits is now 4.0x longer than their own usual pattern (+21 points of risk),87 days since last visit (+15 points of risk),15 visits on record (+11 points of risk),Bounce-back free drink + one-question why-survey,3588.82
M009010,Bronze,Hibernating,0.9829883,54 days since last visit (+16 points of risk),18 visits on record (+12 points of risk),visits roughly every 10 days (+11 points of risk),Bounce-back free drink + one-question why-survey,3588.57
M008456,Bronze,Hibernating,0.98062676,51 days since last visit (+16 points of risk),visits roughly every 13 days (+14 points of risk),14 visits on record (+12 points of risk),Bounce-back free drink + one-question why-survey,3586.37
M014848,Silver,Hibernating,0.9481653,81 days since last visit (+20 points of risk),14 visits on record (+11 points of risk),a member for 299 days (+10 points of risk),Bounce-back free drink + one-question why-survey,3581.31
M014030,Silver,Loyal,0.88489777,typical gap between visits is now 3.6x longer than their own usual pattern (+32 points of risk),19 visits on record (+12 points of risk),a member for 495 days (+11 points of risk),"Tier-up nudge, personalized bundle",3576.9300000000003
M011535,Silver,Loyal,0.84610415,visiting 55% less often than their own usual pattern (+16 points of risk),18 visits on record (+13 points of risk),visits roughly every 11 days (+10 points of risk),"Tier-up nudge, personalized bundle",3575.21
M002808,Silver,Hibernating,0.8704249,a member for 324 days (+15 points of risk),visiting 71% less often than their own usual pattern (+12 points of risk),8 visits on record (+9 points of risk),Bounce-back free drink + one-question why-survey,3572.52
M012427,Silver,Hibernating,0.9428074,visits roughly every 4 days (+23 points of risk),42 days since last visit (+16 points of risk),visits down 88% in the last 30 days vs. the 30 before (+9 points of risk),Bounce-back free drink + one-question why-survey,3569.3999999999996
M003840,Silver,Hibernating,0.89294297,visiting 66% less often than their own usual pattern (+15 points of risk),82 days since last visit (+15 points of risk),17 visits on record (+12 points of risk),Bounce-back free drink + one-question why-survey,3567.45
M005194,Bronze,Loyal,0.90266806,visits roughly every 11 days (+15 points of risk),15 visits on record (+13 points of risk),a member for 168 days (+7 points of risk),"Tier-up nudge, personalized bundle",3567.24
M007729,Bronze,Loyal,0.9323911,typical gap between visits is now 3.3x longer than their own usual pattern (+25 points of risk),16 visits on record (+14 points of risk),a member for 269 days (+11 points of risk),"Tier-up nudge, personalized bundle",3567.1400000000003
M018580,Bronze,Loyal,0.80194765,visiting 69% less often than their own usual pattern (+15 points of risk),16 visits on record (+13 points of risk),a member for 336 days (+9 points of risk),"Tier-up nudge, personalized bundle",3562.24
M004825,Bronze,Loyal,0.9321754,visits roughly every 11 days (+15 points of risk),20 visits on record (+14 points of risk),a member for 235 days (+7 points of risk),"Tier-up nudge, personalized bundle",3556.67
M010282,Bronze,Hibernating,0.98637253,66 days since last visit (+17 points of risk),20 visits on record (+11 points of risk),typical gap between visits is now 2.1x longer than their own usual pattern (+10 points of risk),Bounce-back free drink + one-question why-survey,3548.88
M002539,Silver,Hibernating,0.9950588,typical gap between visits is now 3.7x longer than their own usual pattern (+14 points of risk),45 days since last visit (+12 points of risk),19 visits on record (+11 points of risk),Bounce-back free drink + one-question why-survey,3543.36
M006376,Bronze,Hibernating,0.9647352,82 days since last visit (+22 points of risk),12 visits on record (+14 points of risk),a member for 185 days (+8 points of risk),Bounce-back free drink + one-question why-survey,3540.58
M013581,Bronze,Hibernating,0.9724572,71 days since last visit (+25 points of risk),19 visits on record (+12 points of risk),typical gap between visits is now 2.0x longer than their own usual pattern (+10 points of risk),Bounce-back free drink + one-question why-survey,3539.77
M019400,Silver,Loyal,0.8506856,14 visits on record (+15 points of risk),visiting 57% less often than their own usual pattern (+13 points of risk),a member for 358 days (+10 points of risk),"Tier-up nudge, personalized bundle",3534.23
M005652,Bronze,Loyal,0.8993147,24 visits on record (+15 points of risk),visiting 83% less often than their own usual pattern (+15 points of risk),a member for 255 days (+9 points of risk),"Tier-up nudge, personalized bundle",3529.91
M016322,Gold,Hibernating,0.8629857,56 days since last visit (+19 points of risk),a member for 200 days (+10 points of risk),9 visits on record (+10 points of risk),Bounce-back free drink + one-question why-survey,3528.7
M013168,Bronze,Loyal,0.9284396,22 visits on record (+14 points of risk),typical gap between visits is now 2.1x longer than their own usual pattern (+13 points of risk),visits roughly every 9 days (+9 points of risk),"Tier-up nudge, personalized bundle",3526.32
M000486,Silver,Loyal,0.9934465,typical gap between visits is now 4.6x longer than their own usual pattern (+25 points of risk),21 visits on record (+10 points of risk),visits roughly every 12 days (+9 points of risk),"Tier-up nudge, personalized bundle",3523.83
M016913,Bronze,Hibernating,0.99630886,typical gap between visits is now 5.3x longer than their own usual pattern (+19 points of risk),57 days since last visit (+14 points of risk),19 visits on record (+11 points of risk),Bounce-back free drink + one-question why-survey,3521.94
M010348,Bronze,Loyal,0.9522955,14 visits on record (+13 points of risk),visits roughly every 10 days (+11 points of risk),visiting 54% less often than their own usual pattern (+10 points of risk),"Tier-up nudge, personalized bundle",3514.16
M017702,Silver,Loyal,0.8500551,typical gap between visits is now 2.3x longer than their own usual pattern (+23 points of risk),12 visits on record (+14 points of risk),a member for 245 days (+12 points of risk),"Tier-up nudge, personalized bundle",3513.52
M016374,Silver,Hibernating,0.9710651,70 days since last visit (+18 points of risk),23 visits on record (+11 points of risk),visits roughly every 10 days (+9 points of risk),Bounce-back free drink + one-question why-survey,3512.63
M002580,Bronze,Loyal,0.9768742,typical gap between visits is now 6.5x longer than their own usual pattern (+30 points of risk),24 visits on record (+12 points of risk),a member for 333 days (+10 points of risk),"Tier-up nudge, personalized bundle",3508.92
M003661,Bronze,Hibernating,0.81288916,62 days since last visit (+16 points of risk),16 visits on record (+13 points of risk),a member for 378 days (+11 points of risk),Bounce-back free drink + one-question why-survey,3508.32
M016842,Bronze,Hibernating,0.9967271,typical gap between visits is now 4.7x longer than their own usual pattern (+18 points of risk),77 days since last visit (+15 points of risk),22 visits on record (+11 points of risk),Bounce-back free drink + one-question why-survey,3505.49
M008658,Bronze,Hibernating,0.98754954,67 days since last visit (+16 points of risk),23 visits on record (+12 points of risk),visits roughly every 10 days (+8 points of risk),Bounce-back free drink + one-question why-survey,3502.48
M000732,Bronze,Hibernating,0.82894444,51 days since last visit (+28 points of risk),visits roughly every 17 days (+10 points of risk),a member for 321 days (+9 points of risk),Bounce-back free drink + one-question why-survey,3486.16
M014413,Bronze,Hibernating,0.9846163,87 days since last visit (+18 points of risk),16 visits on record (+11 points of risk),visits roughly every 11 days (+10 points of risk),Bounce-back free drink + one-question why-survey,3486.01
M009727,Bronze,Hibernating,0.9224807,56 days since last visit (+16 points of risk),visiting 56% less often than their own usual pattern (+13 points of risk),17 visits on record (+12 points of risk),Bounce-back free drink + one-question why-survey,3485.18
M008095,Bronze,Hibernating,0.9798931,54 days since last visit (+15 points of risk),visits roughly every 13 days (+12 points of risk),19 visits on record (+12 points of risk),Bounce-back free drink + one-question why-survey,3483.27
M003376,Bronze,Hibernating,0.98255897,51 days since last visit (+16 points of risk),16 visits on record (+12 points of risk),visits roughly every 12 days (+12 points of risk),Bounce-back free drink + one-question why-survey,3481.91
M014368,Bronze,Loyal,0.9858891,typical gap between visits is now 3.1x longer than their own usual pattern (+19 points of risk),23 visits on record (+13 points of risk),visits roughly every 12 days (+8 points of risk),"Tier-up nudge, personalized bundle",3472.65
M000160,Bronze,Hibernating,0.9971317,typical gap between visits is now 6.2x longer than their own usual pattern (+18 points of risk),57 days since last visit (+12 points of risk),27 visits on record (+11 points of risk),Bounce-back free drink + one-question why-survey,3472.0
M006658,Silver,Loyal,0.93339866,visiting 57% less often than their own usual pattern (+14 points of risk),visits roughly every 12 days (+13 points of risk),16 visits on record (+12 points of risk),"Tier-up nudge, personalized bundle",3471.26
M017255,Bronze,Hibernating,0.96411717,73 days since last visit (+22 points of risk),visits roughly every 10 days (+12 points of risk),16 visits on record (+10 points of risk),Bounce-back free drink + one-question why-survey,3469.7
M007531,Bronze,Hibernating,0.9826445,55 days since last visit (+17 points of risk),17 visits on record (+13 points of risk),visits roughly every 9 days (+8 points of risk),Bounce-back free drink + one-question why-survey,3468.74
M001502,Silver,Hibernating,0.9821582,50 days since last visit (+19 points of risk),20 visits on record (+12 points of risk),typical gap between visits is now 2.2x longer than their own usual pattern (+10 points of risk),Bounce-back free drink + one-question why-survey,3468.74
M003528,Bronze,Hibernating,0.98091024,65 days since last visit (+19 points of risk),22 visits on record (+12 points of risk),visiting 83% less often than their own usual pattern (+9 points of risk),Bounce-back free drink + one-question why-survey,3462.7
M005580,Bronze,Loyal,0.87003356,15 visits on record (+15 points of risk),visiting 97% less often than their own usual pattern (+14 points of risk),visits roughly every 10 days (+11 points of risk),"Tier-up nudge, personalized bundle",3460.61
M010066,Bronze,Loyal,0.9732438,23 visits on record (+12 points of risk),visits roughly every 10 days (+11 points of risk),38 days since last visit (+11 points of risk),"Tier-up nudge, personalized bundle",3460.04
M003700,Bronze,Hibernating,0.99263716,typical gap between visits is now 3.8x longer than their own usual pattern (+13 points of risk),40 days since last visit (+12 points of risk),17 visits on record (+12 points of risk),Bounce-back free drink + one-question why-survey,3459.63
M016309,Silver,Hibernating,0.9875873,66 days since last visit (+20 points of risk),17 visits on record (+12 points of risk),typical gap between visits is now 2.1x longer than their own usual pattern (+8 points of risk),Bounce-back free drink + one-question why-survey,3450.63
M005118,Bronze,Loyal,0.8819326,17 visits on record (+15 points of risk),typical gap between visits is now 2.0x longer than their own usual pattern (+14 points of risk),a member for 161 days (+9 points of risk),"Tier-up nudge, personalized bundle",3437.79
M004948,Bronze,Loyal,0.94520015,visits roughly every 10 days (+14 points of risk),17 visits on record (+13 points of risk),35 days since last visit (+9 points of risk),"Tier-up nudge, personalized bundle",3435.96
M000666,Bronze,Hibernating,0.88948137,78 days since last visit (+21 points of risk),13 visits on record (+12 points of risk),a member for 289 days (+10 points of risk),Bounce-back free drink + one-question why-survey,3434.69
M009632,Bronze,Hibernating,0.81808573,13 visits on record (+14 points of risk),visiting 62% less often than their own usual pattern (+13 points of risk),a member for 397 days (+10 points of risk),Bounce-back free drink + one-question why-survey,3427.05
M015769,Gold,Hibernating,0.82867974,49 days since last visit (+19 points of risk),12 visits on record (+17 points of risk),visiting 56% less often than their own usual pattern (+14 points of risk),Bounce-back free drink + one-question why-survey,3425.51
M014515,Bronze,Hibernating,0.96812415,82 days since last visit (+18 points of risk),24 visits on record (+11 points of risk),a member for 311 days (+10 points of risk),Bounce-back free drink + one-question why-survey,3424.09
M004946,Bronze,Loyal,0.95371723,12 visits on record (+14 points of risk),visits roughly every 12 days (+14 points of risk),a member for 164 days (+8 points of risk),"Tier-up nudge, personalized bundle",3420.3
M012137,Bronze,Loyal,0.98739505,typical gap between visits is now 5.1x longer than their own usual pattern (+21 points of risk),17 visits on record (+12 points of risk),35 days since last visit (+8 points of risk),"Tier-up nudge, personalized bundle",3418.14
M002022,Silver,Loyal,0.84918225,visiting 68% less often than their own usual pattern (+17 points of risk),18 visits on record (+15 points of risk),visits roughly every 13 days (+14 points of risk),"Tier-up nudge, personalized bundle",3414.71
M015854,Bronze,Loyal,0.94834685,19 visits on record (+13 points of risk),34 days since last visit (+12 points of risk),visits roughly every 9 days (+10 points of risk),"Tier-up nudge, personalized bundle",3412.9300000000003
M003954,Bronze,Loyal,0.8963988,15 visits on record (+14 points of risk),visiting 70% less often than their own usual pattern (+13 points of risk),visits roughly every 11 days (+12 points of risk),"Tier-up nudge, personalized bundle",3408.39
M013050,Silver,Hibernating,0.9831715,53 days since last visit (+15 points of risk),visits roughly every 11 days (+12 points of risk),16 visits on record (+11 points of risk),Bounce-back free drink + one-question why-survey,3403.73
M000693,Silver,Loyal,0.8479717,visiting 79% less often than their own usual pattern (+17 points of risk),a member for 328 days (+13 points of risk),13 visits on record (+13 points of risk),"Tier-up nudge, personalized bundle",3402.68
M002725,Bronze,Loyal,0.93767214,17 visits on record (+14 points of risk),typical gap between visits is now 2.1x longer than their own usual pattern (+13 points of risk),visits roughly every 10 days (+11 points of risk),"Tier-up nudge, personalized bundle",3394.03
M014558,Gold,Hibernating,0.9132935,49 days since last visit (+19 points of risk),12 visits on record (+16 points of risk),visits roughly every 10 days (+14 points of risk),Bounce-back free drink + one-question why-survey,3392.79
M011529,Bronze,Loyal,0.86219156,visiting 95% less often than their own usual pattern (+15 points of risk),18 visits on record (+14 points of risk),a member for 365 days (+9 points of risk),"Tier-up nudge, personalized bundle",3389.86
M016343,Silver,Hibernating,0.99015665,74 days since last visit (+18 points of risk),20 visits on record (+10 points of risk),typical gap between visits is now 2.7x longer than their own usual pattern (+9 points of risk),Bounce-back free drink + one-question why-survey,3385.25
M017657,Bronze,Hibernating,0.93857384,69 days since last visit (+25 points of risk),18 visits on record (+14 points of risk),visiting 90% less often than their own usual pattern (+11 points of risk),Bounce-back free drink + one-question why-survey,3384.47
M005220,Bronze,Hibernating,0.9797031,80 days since last visit (+19 points of risk),18 visits on record (+10 points of risk),a member for 208 days (+8 points of risk),Bounce-back free drink + one-question why-survey,3379.83
M005236,Gold,Loyal,0.85602295,17 visits on record (+16 points of risk),32 days since last visit (+15 points of risk),visiting 67% less often than their own usual pattern (+7 points of risk),"Tier-up nudge, personalized bundle",3371.13
M006249,Bronze,Hibernating,0.99825627,typical gap between visits is now 6.2x longer than their own usual pattern (+18 points of risk),49 days since last visit (+13 points of risk),visits roughly every 13 days (+9 points of risk),Bounce-back free drink + one-question why-survey,3369.69
M018662,Bronze,Hibernating,0.94337493,63 days since last visit (+14 points of risk),13 visits on record (+13 points of risk),visiting 78% less often than their own usual pattern (+11 points of risk),Bounce-back free drink + one-question why-survey,3360.69
M018853,Silver,Loyal,0.89406675,15 visits on record (+14 points of risk),visiting 59% less often than their own usual pattern (+14 points of risk),visits roughly every 11 days (+12 points of risk),"Tier-up nudge, personalized bundle",3359.7200000000003
M015867,Bronze,Loyal,0.9391582,13 visits on record (+15 points of risk),typical gap between visits is now 2.9x longer than their own usual pattern (+15 points of risk),visits roughly every 11 days (+12 points of risk),"Tier-up nudge, personalized bundle",3356.46
M011270,Bronze,Hibernating,0.99671763,typical gap between visits is now 7.7x longer than their own usual pattern (+17 points of risk),53 days since last visit (+15 points of risk),19 visits on record (+11 points of risk),Bounce-back free drink + one-question why-survey,3355.44
M015253,Bronze,Loyal,0.8929113,12 visits on record (+15 points of risk),visits roughly every 11 days (+13 points of risk),visiting 48% less often than their own usual pattern (+12 points of risk),"Tier-up nudge, personalized bundle",3354.42
M016408,Bronze,Loyal,0.88547903,16 visits on record (+14 points of risk),visits roughly every 11 days (+13 points of risk),visiting 41% less often than their own usual pattern (+11 points of risk),"Tier-up nudge, personalized bundle",3348.75
M007571,Silver,Loyal,0.95068824,typical gap between visits is now 3.7x longer than their own usual pattern (+19 points of risk),15 visits on record (+13 points of risk),a member for 251 days (+8 points of risk),"Tier-up nudge, personalized bundle",3347.92
M019128,Bronze,Loyal,0.8647743,typical gap between visits is now 2.1x longer than their own usual pattern (+16 points of risk),20 visits on record (+14 points of risk),visits roughly every 10 days (+10 points of risk),"Tier-up nudge, personalized bundle",3328.9
M014183,Bronze,Hibernating,0.9877577,typical gap between visits is now 4.6x longer than their own usual pattern (+26 points of risk),79 days since last visit (+16 points of risk),22 visits on record (+12 points of risk),Bounce-back free drink + one-question why-survey,3328.28
M016895,Bronze,Hibernating,0.9745062,53 days since last visit (+15 points of risk),19 visits on record (+12 points of risk),visits roughly every 10 days (+11 points of risk),Bounce-back free drink + one-question why-survey,3326.35
M001849,Silver,Hibernating,0.86683065,14 visits on record (+14 points of risk),a member for 322 days (+11 points of risk),40 days since last visit (+10 points of risk),Bounce-back free drink + one-question why-survey,3325.67
M012744,Bronze,Loyal,0.94214207,21 visits on record (+13 points of risk),visits roughly every 10 days (+13 points of risk),35 days since last visit (+8 points of risk),"Tier-up nudge, personalized bundle",3322.63
M012750,Silver,Loyal,0.8084594,visiting 57% less often than their own usual pattern (+17 points of risk),a member for 255 days (+12 points of risk),15 visits on record (+11 points of risk),"Tier-up nudge, personalized bundle",3321.23
M014962,Bronze,Hibernating,0.9544443,63 days since last visit (+17 points of risk),visits roughly every 12 days (+14 points of risk),a member for 258 days (+10 points of risk),Bounce-back free drink + one-question why-survey,3316.17
M019878,Bronze,Hibernating,0.97356266,57 days since last visit (+18 points of risk),18 visits on record (+12 points of risk),visits roughly every 9 days (+9 points of risk),Bounce-back free drink + one-question why-survey,3315.8199999999997
M002519,Bronze,Hibernating,0.96021706,79 days since last visit (+18 points of risk),19 visits on record (+12 points of risk),visits roughly every 10 days (+11 points of risk),Bounce-back free drink + one-question why-survey,3312.28
M015081,Bronze,Hibernating,0.97853035,81 days since last visit (+17 points of risk),14 visits on record (+12 points of risk),visits roughly every 12 days (+11 points of risk),Bounce-back free drink + one-question why-survey,3312.12
M012233,Gold,Champions,0.88026875,typical gap between visits is now 5.5x longer than their own usual pattern (+37 points of risk),25 visits on record (+17 points of risk),30 days since last visit (+3 points of risk),"VIP perks, early access to new drinks, referral ask",3311.57
M007438,Silver,Loyal,0.91129214,typical gap between visits is now 3.5x longer than their own usual pattern (+35 points of risk),20 visits on record (+14 points of risk),a member for 477 days (+4 points of risk),"Tier-up nudge, personalized bundle",3302.68
M005635,Silver,Hibernating,0.9493481,61 days since last visit (+22 points of risk),13 visits on record (+15 points of risk),a member for 163 days (+10 points of risk),Bounce-back free drink + one-question why-survey,3298.89
M013961,Silver,Hibernating,0.98377776,typical gap between visits is now 3.8x longer than their own usual pattern (+22 points of risk),68 days since last visit (+17 points of risk),16 visits on record (+12 points of risk),Bounce-back free drink + one-question why-survey,3291.75
M003808,Bronze,Hibernating,0.9577331,86 days since last visit (+19 points of risk),visits roughly every 11 days (+13 points of risk),17 visits on record (+10 points of risk),Bounce-back free drink + one-question why-survey,3291.07
M005549,Bronze,Hibernating,0.9775578,49 days since last visit (+19 points of risk),21 visits on record (+12 points of risk),visiting 97% less often than their own usual pattern (+9 points of risk),Bounce-back free drink + one-question why-survey,3288.2
M002014,Bronze,Loyal,0.8617082,13 visits on record (+15 points of risk),visiting 46% less often than their own usual pattern (+13 points of risk),visits roughly every 12 days (+10 points of risk),"Tier-up nudge, personalized bundle",3286.7
M018054,Gold,Loyal,0.94144106,a member for 399 days (+17 points of risk),11 visits on record (+13 points of risk),typical gap between visits is now 2.6x longer than their own usual pattern (+12 points of risk),"Tier-up nudge, personalized bundle",3285.51
M010081,Silver,Loyal,0.89865273,visits roughly every 11 days (+16 points of risk),13 visits on record (+13 points of risk),a member for 162 days (+9 points of risk),"Tier-up nudge, personalized bundle",3280.58
M019601,Bronze,Hibernating,0.9848889,62 days since last visit (+15 points of risk),17 visits on record (+12 points of risk),visits roughly every 12 days (+10 points of risk),Bounce-back free drink + one-question why-survey,3278.07
M014769,Silver,Hibernating,0.9809186,71 days since last visit (+23 points of risk),13 visits on record (+12 points of risk),a member for 175 days (+8 points of risk),Bounce-back free drink + one-question why-survey,3272.53
M014624,Bronze,Loyal,0.894822,typical gap between visits is now 2.7x longer than their own usual pattern (+19 points of risk),a member for 412 days (+16 points of risk),16 visits on record (+12 points of risk),"Tier-up nudge, personalized bundle",3272.39
M005922,Bronze,Loyal,0.827508,visiting 65% less often than their own usual pattern (+18 points of risk),14 visits on record (+14 points of risk),a member for 270 days (+10 points of risk),"Tier-up nudge, personalized bundle",3271.17
M014911,Bronze,Loyal,0.9253017,visiting 81% less often than their own usual pattern (+15 points of risk),16 visits on record (+13 points of risk),visits roughly every 11 days (+12 points of risk),"Tier-up nudge, personalized bundle",3268.73
M014907,Bronze,Hibernating,0.8569221,15 visits on record (+15 points of risk),visiting 73% less often than their own usual pattern (+13 points of risk),44 days since last visit (+12 points of risk),Bounce-back free drink + one-question why-survey,3268.53
M013957,Gold,Loyal,0.85672617,visits roughly every 15 days (+18 points of risk),35 days since last visit (+13 points of risk),15 visits on record (+9 points of risk),"Tier-up nudge, personalized bundle",3257.36
M007533,Silver,Hibernating,0.97433686,74 days since last visit (+23 points of risk),18 visits on record (+11 points of risk),visiting 84% less often than their own usual pattern (+9 points of risk),Bounce-back free drink + one-question why-survey,3254.63
M017272,Bronze,Hibernating,0.956744,87 days since last visit (+19 points of risk),visits roughly every 11 days (+13 points of risk),14 visits on record (+12 points of risk),Bounce-back free drink + one-question why-survey,3252.95
M016080,Bronze,Hibernating,0.9905241,64 days since last visit (+17 points of risk),typical gap between visits is now 3.1x longer than their own usual pattern (+13 points of risk),18 visits on record (+12 points of risk),Bounce-back free drink + one-question why-survey,3250.7799999999997
M001950,Bronze,Loyal,0.96122414,typical gap between visits is now 3.3x longer than their own usual pattern (+27 points of risk),16 visits on record (+12 points of risk),a member for 211 days (+9 points of risk),"Tier-up nudge, personalized bundle",3246.38
M000030,Bronze,Loyal,0.7931027,visiting 90% less often than their own usual pattern (+19 points of risk),15 visits on record (+13 points of risk),a member for 305 days (+12 points of risk),"Tier-up nudge, personalized bundle",3245.73
M016114,Bronze,Hibernating,0.94522935,visits roughly every 5 days (+20 points of risk),43 days since last visit (+16 points of risk),17 visits on record (+8 points of risk),Bounce-back free drink + one-question why-survey,3244.13
M015923,Bronze,Loyal,0.9387783,36 days since last visit (+13 points of risk),17 visits on record (+13 points of risk),visits roughly every 9 days (+12 points of risk),"Tier-up nudge, personalized bundle",3226.79
M015443,Bronze,Loyal,0.8963654,visiting 82% less often than their own usual pattern (+15 points of risk),a member for 326 days (+15 points of risk),13 visits on record (+10 points of risk),"Tier-up nudge, personalized bundle",3219.32
M013012,Silver,Hibernating,0.9847631,78 days since last visit (+19 points of risk),12 visits on record (+11 points of risk),visits roughly every 10 days (+9 points of risk),Bounce-back free drink + one-question why-survey,3218.76
M004416,Bronze,Loyal,0.9726414,typical gap between visits is now 7.5x longer than their own usual pattern (+21 points of risk),18 visits on record (+15 points of risk),36 days since last visit (+9 points of risk),"Tier-up nudge, personalized bundle",3218.26
M013352,Silver,Hibernating,0.8037495,73 days since last visit (+19 points of risk),a member for 311 days (+15 points of risk),visiting 34% less often than their own usual pattern (+4 points of risk),Bounce-back free drink + one-question why-survey,3216.36
M002422,Bronze,Hibernating,0.87936527,18 visits on record (+15 points of risk),visiting 70% less often than their own usual pattern (+13 points of risk),42 days since last visit (+11 points of risk),Bounce-back free drink + one-question why-survey,3214.94
M015267,Silver,Loyal,0.86589223,visiting 38% less often than their own usual pattern (+14 points of risk),18 visits on record (+13 points of risk),a member for 196 days (+10 points of risk),"Tier-up nudge, personalized bundle",3213.54
M007335,Bronze,Hibernating,0.9826399,56 days since last visit (+15 points of risk),17 visits on record (+12 points of risk),visits roughly every 10 days (+10 points of risk),Bounce-back free drink + one-question why-survey,3210.6899999999996
M005397,Bronze,Loyal,0.9772735,typical gap between visits is now 3.9x longer than their own usual pattern (+26 points of risk),16 visits on record (+13 points of risk),a member for 338 days (+8 points of risk),"Tier-up nudge, personalized bundle",3210.2200000000003
M017687,Bronze,Hibernating,0.84808266,55 days since last visit (+21 points of risk),12 visits on record (+14 points of risk),a member for 263 days (+8 points of risk),Bounce-back free drink + one-question why-survey,3203.92
M018305,Silver,Loyal,0.89162296,18 visits on record (+15 points of risk),37 days since last visit (+11 points of risk),a member for 197 days (+9 points of risk),"Tier-up nudge, personalized bundle",3202.75
M004647,Silver,Hibernating,0.97414976,45 days since last visit (+13 points of risk),15 visits on record (+12 points of risk),visits roughly every 11 days (+12 points of risk),Bounce-back free drink + one-question why-survey,3201.97
M000596,Bronze,Hibernating,0.95007336,77 days since last visit (+16 points of risk),visiting 88% less often than their own usual pattern (+13 points of risk),a member for 363 days (+12 points of risk),Bounce-back free drink + one-question why-survey,3197.32
M015135,Gold,Hibernating,0.96290535,87 days since last visit (+25 points of risk),17 visits on record (+12 points of risk),a member for 217 days (+8 points of risk),Bounce-back free drink + one-question why-survey,3197.26
M012156,Bronze,Hibernating,0.9849355,51 days since last visit (+18 points of risk),20 visits on record (+12 points of risk),typical gap between visits is now 2.2x longer than their own usual pattern (+10 points of risk),Bounce-back free drink + one-question why-survey,3196.86
M011588,Bronze,Loyal,0.8772008,visiting 58% less often than their own usual pattern (+17 points of risk),18 visits on record (+14 points of risk),a member for 171 days (+10 points of risk),"Tier-up nudge, personalized bundle",3195.84
M007686,Silver,Hibernating,0.99041724,typical gap between visits is now 4.4x longer than their own usual pattern (+21 points of risk),56 days since last visit (+16 points of risk),22 visits on record (+13 points of risk),Bounce-back free drink + one-question why-survey,3185.58
M002117,Bronze,Hibernating,0.79915947,81 days since last visit (+15 points of risk),a member for 379 days (+13 points of risk),15 visits on record (+12 points of risk),Bounce-back free drink + one-question why-survey,3181.64
M005523,Silver,Hibernating,0.9055471,80 days since last visit (+20 points of risk),typical gap between visits is now 2.1x longer than their own usual pattern (+17 points of risk),20 visits on record (+12 points of risk),Bounce-back free drink + one-question why-survey,3181.04
M008244,Silver,Hibernating,0.9776178,76 days since last visit (+20 points of risk),17 visits on record (+11 points of risk),visiting 100% less often than their own usual pattern (+8 points of risk),Bounce-back free drink + one-question why-survey,3180.82
M009041,Silver,Hibernating,0.8547441,13 visits on record (+13 points of risk),a member for 332 days (+12 points of risk),visiting 41% less often than their own usual pattern (+10 points of risk),Bounce-back free drink + one-question why-survey,3180.06
M007866,Bronze,Loyal,0.9329626,17 visits on record (+13 points of risk),visits roughly every 10 days (+13 points of risk),visiting 37% less often than their own usual pattern (+9 points of risk),"Tier-up nudge, personalized bundle",3178.0
M003380,Silver,Loyal,0.9765876,typical gap between visits is now 4.9x longer than their own usual pattern (+30 points of risk),14 visits on record (+12 points of risk),a member for 289 days (+11 points of risk),"Tier-up nudge, personalized bundle",3175.14
M019554,Silver,Loyal,0.9198539,visits roughly every 10 days (+15 points of risk),19 visits on record (+13 points of risk),34 days since last visit (+9 points of risk),"Tier-up nudge, personalized bundle",3174.81
M018252,Bronze,Hibernating,0.9684912,51 days since last visit (+18 points of risk),18 visits on record (+12 points of risk),visits roughly every 9 days (+9 points of risk),Bounce-back free drink + one-question why-survey,3173.73
M008579,Bronze,Loyal,0.87088615,11 visits on record (+16 points of risk),visits roughly every 12 days (+13 points of risk),visiting 68% less often than their own usual pattern (+12 points of risk),"Tier-up nudge, personalized bundle",3171.75
M009508,Bronze,Loyal,0.9666532,typical gap between visits is now 5.0x longer than their own usual pattern (+33 points of risk),22 visits on record (+13 points of risk),a member for 404 days (+9 points of risk),"Tier-up nudge, personalized bundle",3163.67
M015988,Silver,Hibernating,0.8551918,visiting 74% less often than their own usual pattern (+13 points of risk),a member for 337 days (+13 points of risk),53 days since last visit (+12 points of risk),Bounce-back free drink + one-question why-survey,3158.02
M002170,Bronze,Loyal,0.954578,typical gap between visits is now 3.7x longer than their own usual pattern (+27 points of risk),18 visits on record (+12 points of risk),visits roughly every 13 days (+10 points of risk),"Tier-up nudge, personalized bundle",3156.43
M010470,Bronze,Hibernating,0.94176245,84 days since last visit (+27 points of risk),visits roughly every 4 days (+17 points of risk),15 visits on record (+7 points of risk),Bounce-back free drink + one-question why-survey,3154.98
M018690,Bronze,Loyal,0.9654619,typical gap between visits is now 5.2x longer than their own usual pattern (+32 points of risk),18 visits on record (+12 points of risk),a member for 344 days (+11 points of risk),"Tier-up nudge, personalized bundle",3154.22
M015423,Silver,Loyal,0.905313,visiting 71% less often than their own usual pattern (+15 points of risk),16 visits on record (+14 points of risk),visits roughly every 10 days (+12 points of risk),"Tier-up nudge, personalized bundle",3150.81
M003879,Silver,Hibernating,0.8456797,13 visits on record (+14 points of risk),visiting 52% less often than their own usual pattern (+12 points of risk),40 days since last visit (+11 points of risk),Bounce-back free drink + one-question why-survey,3147.65
M012920,Silver,Hibernating,0.94443417,70 days since last visit (+27 points of risk),19 visits on record (+13 points of risk),typical gap between visits is now 2.1x longer than their own usual pattern (+11 points of risk),Bounce-back free drink + one-question why-survey,3143.73
M004875,Silver,Hibernating,0.9689117,86 days since last visit (+20 points of risk),visits roughly every 12 days (+12 points of risk),a member for 265 days (+10 points of risk),Bounce-back free drink + one-question why-survey,3142.1
M009959,Bronze,Hibernating,0.973231,64 days since last visit (+15 points of risk),15 visits on record (+12 points of risk),visits roughly every 11 days (+11 points of risk),Bounce-back free drink + one-question why-survey,3141.96
M010204,Bronze,Loyal,0.9580859,visits roughly every 12 days (+15 points of risk),11 visits on record (+13 points of risk),33 days since last visit (+9 points of risk),"Tier-up nudge, personalized bundle",3129.16
M002818,Silver,Hibernating,0.94177717,visiting 85% less often than their own usual pattern (+14 points of risk),52 days since last visit (+14 points of risk),15 visits on record (+13 points of risk),Bounce-back free drink + one-question why-survey,3124.2
M007489,Silver,Loyal,0.8788276,visiting 72% less often than their own usual pattern (+16 points of risk),a member for 298 days (+14 points of risk),11 visits on record (+10 points of risk),"Tier-up nudge, personalized bundle",3121.55
M013267,Bronze,Loyal,0.9528586,visits roughly every 13 days (+17 points of risk),13 visits on record (+13 points of risk),33 days since last visit (+10 points of risk),"Tier-up nudge, personalized bundle",3121.54
M007959,Bronze,Hibernating,0.97886527,62 days since last visit (+21 points of risk),17 visits on record (+12 points of risk),typical gap between visits is now 2.1x longer than their own usual pattern (+9 points of risk),Bounce-back free drink + one-question why-survey,3121.0499999999997
M002710,Bronze,Hibernating,0.88105875,visiting 95% less often than their own usual pattern (+17 points of risk),46 days since last visit (+15 points of risk),22 visits on record (+14 points of risk),Bounce-back free drink + one-question why-survey,3120.08
M001412,Bronze,Loyal,0.9211339,18 visits on record (+14 points of risk),visits roughly every 9 days (+10 points of risk),a member for 191 days (+8 points of risk),"Tier-up nudge, personalized bundle",3114.64
M008848,Bronze,Loyal,0.96822584,16 visits on record (+12 points of risk),visits roughly every 9 days (+9 points of risk),31 days since last visit (+8 points of risk),"Tier-up nudge, personalized bundle",3112.42
M006413,Silver,Loyal,0.87640107,visits roughly every 10 days (+20 points of risk),visits down 60% in the last 30 days vs. the 30 before (+18 points of risk),27 days since last visit (+7 points of risk),"Tier-up nudge, personalized bundle",3109.1
M009099,Silver,Loyal,0.92916095,20 visits on record (+13 points of risk),visiting 69% less often than their own usual pattern (+12 points of risk),visits roughly every 11 days (+12 points of risk),"Tier-up nudge, personalized bundle",3106.39
M001175,Bronze,Hibernating,0.96492374,84 days since last visit (+20 points of risk),visits roughly every 10 days (+10 points of risk),18 visits on record (+10 points of risk),Bounce-back free drink + one-question why-survey,3103.0499999999997
M018179,Silver,Hibernating,0.9531475,75 days since last visit (+21 points of risk),12 visits on record (+13 points of risk),a member for 255 days (+10 points of risk),Bounce-back free drink + one-question why-survey,3100.7599999999998
M016683,Bronze,Hibernating,0.99218774,typical gap between visits is now 5.7x longer than their own usual pattern (+20 points of risk),71 days since last visit (+14 points of risk),14 visits on record (+11 points of risk),Bounce-back free drink + one-question why-survey,3097.52
M003137,Bronze,Hibernating,0.83730143,visiting 64% less often than their own usual pattern (+13 points of risk),11 visits on record (+12 points of risk),a member for 333 days (+11 points of risk),Bounce-back free drink + one-question why-survey,3094.51
M014611,Bronze,Loyal,0.96038604,typical gap between visits is now 4.4x longer than their own usual pattern (+31 points of risk),18 visits on record (+13 points of risk),a member for 361 days (+11 points of risk),"Tier-up nudge, personalized bundle",3090.69
M015488,Silver,Loyal,0.81157184,visiting 91% less often than their own usual pattern (+16 points of risk),a member for 333 days (+15 points of risk),15 visits on record (+11 points of risk),"Tier-up nudge, personalized bundle",3087.87
M004714,Bronze,Hibernating,0.9564285,14 visits on record (+14 points of risk),visits roughly every 12 days (+14 points of risk),40 days since last visit (+13 points of risk),Bounce-back free drink + one-question why-survey,3083.99
M014279,Bronze,Hibernating,0.8486096,74 days since last visit (+15 points of risk),a member for 363 days (+13 points of risk),9 visits on record (+9 points of risk),Bounce-back free drink + one-question why-survey,3083.82
M017421,Bronze,Loyal,0.9390832,visits roughly every 12 days (+21 points of risk),35 days since last visit (+11 points of risk),13 visits on record (+11 points of risk),"Tier-up nudge, personalized bundle",3081.11
M010731,Bronze,Hibernating,0.9791804,70 days since last visit (+18 points of risk),visits roughly every 13 days (+13 points of risk),14 visits on record (+11 points of risk),Bounce-back free drink + one-question why-survey,3077.7
M015631,Bronze,Hibernating,0.9061798,74 days since last visit (+17 points of risk),15 visits on record (+13 points of risk),a member for 368 days (+11 points of risk),Bounce-back free drink + one-question why-survey,3076.53
M016591,Silver,Loyal,0.9010986,typical gap between visits is now 3.3x longer than their own usual pattern (+24 points of risk),12 visits on record (+14 points of risk),a member for 362 days (+12 points of risk),"Tier-up nudge, personalized bundle",3072.2799999999997
M013427,Bronze,Hibernating,0.92480546,typical gap between visits is now 2.4x longer than their own usual pattern (+18 points of risk),45 days since last visit (+18 points of risk),23 visits on record (+16 points of risk),Bounce-back free drink + one-question why-survey,3071.5299999999997
M005165,Bronze,Hibernating,0.96665436,63 days since last visit (+17 points of risk),16 visits on record (+13 points of risk),typical gap between visits is now 2.4x longer than their own usual pattern (+10 points of risk),Bounce-back free drink + one-question why-survey,3070.35
M007957,Bronze,Hibernating,0.9741819,87 days since last visit (+24 points of risk),visits roughly every 10 days (+14 points of risk),13 visits on record (+7 points of risk),Bounce-back free drink + one-question why-survey,3067.64
M009927,Bronze,Hibernating,0.97676337,67 days since last visit (+21 points of risk),15 visits on record (+12 points of risk),a member for 199 days (+9 points of risk),Bounce-back free drink + one-question why-survey,3067.12
M004554,Silver,Hibernating,0.9649962,visits roughly every 13 days (+15 points of risk),47 days since last visit (+15 points of risk),14 visits on record (+12 points of risk),Bounce-back free drink + one-question why-survey,3063.37
M005514,Bronze,Hibernating,0.9687362,46 days since last visit (+19 points of risk),20 visits on record (+12 points of risk),visiting 59% less often than their own usual pattern (+9 points of risk),Bounce-back free drink + one-question why-survey,3054.63
M003237,Bronze,Hibernating,0.9377161,52 days since last visit (+21 points of risk),visits roughly every 15 days (+12 points of risk),a member for 272 days (+10 points of risk),Bounce-back free drink + one-question why-survey,3049.92
M009050,Bronze,Loyal,0.81427425,visiting 71% less often than their own usual pattern (+18 points of risk),14 visits on record (+14 points of risk),a member for 286 days (+12 points of risk),"Tier-up nudge, personalized bundle",3049.47
M016992,Silver,Loyal,0.85124654,visiting 59% less often than their own usual pattern (+20 points of risk),a member for 423 days (+14 points of risk),18 visits on record (+11 points of risk),"Tier-up nudge, personalized bundle",3047.61
M019520,Bronze,Hibernating,0.9569317,87 days since last visit (+22 points of risk),21 visits on record (+12 points of risk),visiting 68% less often than their own usual pattern (+10 points of risk),Bounce-back free drink + one-question why-survey,3044.18
M019152,Bronze,Loyal,0.9136593,19 visits on record (+14 points of risk),typical gap between visits is now 2.2x longer than their own usual pattern (+13 points of risk),visits roughly every 9 days (+9 points of risk),"Tier-up nudge, personalized bundle",3041.4700000000003
M001682,Bronze,Hibernating,0.97194326,71 days since last visit (+20 points of risk),16 visits on record (+12 points of risk),visits roughly every 10 days (+9 points of risk),Bounce-back free drink + one-question why-survey,3040.95
M009975,Silver,Loyal,0.902686,typical gap between visits is now 3.1x longer than their own usual pattern (+26 points of risk),15 visits on record (+13 points of risk),a member for 214 days (+10 points of risk),"Tier-up nudge, personalized bundle",3037.2200000000003
M005751,Bronze,Hibernating,0.9828886,80 days since last visit (+17 points of risk),13 visits on record (+11 points of risk),visits roughly every 11 days (+10 points of risk),Bounce-back free drink + one-question why-survey,3032.45
M009236,Bronze,Hibernating,0.987102,75 days since last visit (+21 points of risk),18 visits on record (+11 points of risk),typical gap between visits is now 2.4x longer than their own usual pattern (+9 points of risk),Bounce-back free drink + one-question why-survey,3031.77
M019408,Bronze,Hibernating,0.95612645,a member for 360 days (+12 points of risk),67 days since last visit (+12 points of risk),14 visits on record (+11 points of risk),Bounce-back free drink + one-question why-survey,3024.89
M006879,Silver,Loyal,0.9455569,14 visits on record (+14 points of risk),visiting 80% less often than their own usual pattern (+11 points of risk),visits roughly every 9 days (+7 points of risk),"Tier-up nudge, personalized bundle",3024.43
M012098,Bronze,Loyal,0.86210346,visiting 69% less often than their own usual pattern (+17 points of risk),16 visits on record (+13 points of risk),a member for 161 days (+10 points of risk),"Tier-up nudge, personalized bundle",3023.3700000000003
M009791,Bronze,Hibernating,0.9540254,61 days since last visit (+24 points of risk),visits roughly every 14 days (+16 points of risk),13 visits on record (+9 points of risk),Bounce-back free drink + one-question why-survey,3023.2400000000002
M005368,Bronze,Loyal,0.93357986,12 visits on record (+14 points of risk),visits roughly every 13 days (+13 points of risk),visiting 39% less often than their own usual pattern (+12 points of risk),"Tier-up nudge, personalized bundle",3021.77
M007890,Bronze,Loyal,0.85176986,visiting 74% less often than their own usual pattern (+16 points of risk),a member for 313 days (+14 points of risk),12 visits on record (+11 points of risk),"Tier-up nudge, personalized bundle",3020.39
M009028,Bronze,Loyal,0.9051627,22 visits on record (+16 points of risk),visiting 72% less often than their own usual pattern (+16 points of risk),visits roughly every 11 days (+10 points of risk),"Tier-up nudge, personalized bundle",3020.31
M011892,Bronze,Hibernating,0.82139194,a member for 329 days (+12 points of risk),visiting 54% less often than their own usual pattern (+12 points of risk),10 visits on record (+11 points of risk),Bounce-back free drink + one-question why-survey,3020.25
M006222,Silver,Hibernating,0.9816923,67 days since last visit (+17 points of risk),19 visits on record (+11 points of risk),visits roughly every 11 days (+9 points of risk),Bounce-back free drink + one-question why-survey,3020.24
M014987,Bronze,Loyal,0.90081924,visiting 83% less often than their own usual pattern (+15 points of risk),16 visits on record (+13 points of risk),a member for 163 days (+9 points of risk),"Tier-up nudge, personalized bundle",3019.56
M014350,Bronze,Loyal,0.9333428,visits roughly every 9 days (+15 points of risk),34 days since last visit (+14 points of risk),21 visits on record (+8 points of risk),"Tier-up nudge, personalized bundle",3019.46
M003161,Silver,Hibernating,0.9693792,76 days since last visit (+21 points of risk),visits roughly every 13 days (+13 points of risk),16 visits on record (+10 points of risk),Bounce-back free drink + one-question why-survey,3016.62
M006854,Silver,Hibernating,0.9246451,77 days since last visit (+19 points of risk),visiting 56% less often than their own usual pattern (+12 points of risk),a member for 276 days (+12 points of risk),Bounce-back free drink + one-question why-survey,3015.4900000000002
M002077,Bronze,Hibernating,0.9819919,54 days since last visit (+16 points of risk),14 visits on record (+12 points of risk),a member for 165 days (+8 points of risk),Bounce-back free drink + one-question why-survey,3010.62
M009260,Silver,Hibernating,0.9805204,typical gap between visits is now 3.9x longer than their own usual pattern (+22 points of risk),79 days since last visit (+16 points of risk),12 visits on record (+13 points of risk),Bounce-back free drink + one-question why-survey,2996.4
M005511,Bronze,Loyal,0.962784,17 visits on record (+13 points of risk),visiting 68% less often than their own usual pattern (+12 points of risk),visits roughly every 9 days (+9 points of risk),"Tier-up nudge, personalized bundle",2995.7400000000002
M010270,Silver,Hibernating,0.8300413,79 days since last visit (+19 points of risk),a member for 379 days (+12 points of risk),15 visits on record (+11 points of risk),Bounce-back free drink + one-question why-survey,2992.21
M011893,Bronze,Hibernating,0.81965035,62 days since last visit (+17 points of risk),11 visits on record (+14 points of risk),a member for 291 days (+10 points of risk),Bounce-back free drink + one-question why-survey,2991.48
M001165,Gold,Hibernating,0.8434298,65 days since last visit (+30 points of risk),12 visits on record (+11 points of risk),visits roughly every 16 days (+10 points of risk),Bounce-back free drink + one-question why-survey,2991.36
M004661,Silver,Loyal,0.90870583,typical gap between visits is now 2.4x longer than their own usual pattern (+18 points of risk),13 visits on record (+15 points of risk),a member for 295 days (+9 points of risk),"Tier-up nudge, personalized bundle",2986.88
M008201,Bronze,Hibernating,0.96698695,visits roughly every 11 days (+18 points of risk),41 days since last visit (+15 points of risk),a member for 201 days (+9 points of risk),Bounce-back free drink + one-question why-survey,2984.01
M006842,Bronze,Hibernating,0.91531473,76 days since last visit (+25 points of risk),visiting 58% less often than their own usual pattern (+17 points of risk),29 visits on record (+8 points of risk),Bounce-back free drink + one-question why-survey,2982.2400000000002
M016742,Bronze,Hibernating,0.86903393,56 days since last visit (+16 points of risk),13 visits on record (+13 points of risk),a member for 335 days (+10 points of risk),Bounce-back free drink + one-question why-survey,2982.0099999999998
M008071,Bronze,Hibernating,0.9953424,typical gap between visits is now 4.6x longer than their own usual pattern (+18 points of risk),19 visits on record (+11 points of risk),43 days since last visit (+11 points of risk),Bounce-back free drink + one-question why-survey,2973.26
M012555,Silver,Loyal,0.8328838,visiting 44% less often than their own usual pattern (+15 points of risk),17 visits on record (+13 points of risk),a member for 411 days (+11 points of risk),"Tier-up nudge, personalized bundle",2972.11
M008634,Bronze,Loyal,0.9203205,37 days since last visit (+15 points of risk),19 visits on record (+13 points of risk),a member for 190 days (+7 points of risk),"Tier-up nudge, personalized bundle",2969.89
M008942,Silver,Loyal,0.8399133,visiting 61% less often than their own usual pattern (+17 points of risk),17 visits on record (+13 points of risk),a member for 173 days (+10 points of risk),"Tier-up nudge, personalized bundle",2969.57
M012569,Bronze,Hibernating,0.99732804,typical gap between visits is now 4.9x longer than their own usual pattern (+17 points of risk),49 days since last visit (+12 points of risk),17 visits on record (+11 points of risk),Bounce-back free drink + one-question why-survey,2967.75
M008022,Silver,Loyal,0.79801995,visiting 97% less often than their own usual pattern (+15 points of risk),11 visits on record (+12 points of risk),a member for 346 days (+12 points of risk),"Tier-up nudge, personalized bundle",2966.12
M008775,Bronze,Loyal,0.86055267,visiting 70% less often than their own usual pattern (+18 points of risk),19 visits on record (+13 points of risk),a member for 196 days (+10 points of risk),"Tier-up nudge, personalized bundle",2962.43
M016130,Silver,Loyal,0.9718835,typical gap between visits is now 4.6x longer than their own usual pattern (+31 points of risk),14 visits on record (+13 points of risk),a member for 330 days (+10 points of risk),"Tier-up nudge, personalized bundle",2961.96
M009112,Silver,Hibernating,0.9316133,51 days since last visit (+20 points of risk),11 visits on record (+16 points of risk),visits roughly every 11 days (+13 points of risk),Bounce-back free drink + one-question why-survey,2960.98
M004394,Bronze,Loyal,0.88064253,visits roughly every 12 days (+16 points of risk),11 visits on record (+12 points of risk),29 days since last visit (+6 points of risk),"Tier-up nudge, personalized bundle",2953.51
M001262,Silver,Hibernating,0.8996875,typical gap between visits is now 2.0x longer than their own usual pattern (+21 points of risk),47 days since last visit (+15 points of risk),20 visits on record (+12 points of risk),Bounce-back free drink + one-question why-survey,2952.44
M003420,Silver,Hibernating,0.99239665,typical gap between visits is now 4.4x longer than their own usual pattern (+23 points of risk),14 visits on record (+11 points of risk),60 days since last visit (+11 points of risk),Bounce-back free drink + one-question why-survey,2951.0
M018313,Silver,Hibernating,0.9811949,51 days since last visit (+15 points of risk),16 visits on record (+12 points of risk),visits roughly every 11 days (+12 points of risk),Bounce-back free drink + one-question why-survey,2946.2799999999997
M008873,Bronze,Hibernating,0.7917568,12 visits on record (+14 points of risk),visiting 53% less often than their own usual pattern (+11 points of risk),a member for 373 days (+10 points of risk),Bounce-back free drink + one-question why-survey,2944.05
M002089,Silver,Hibernating,0.98832124,60 days since last visit (+17 points of risk),typical gap between visits is now 3.1x longer than their own usual pattern (+11 points of risk),visits roughly every 12 days (+11 points of risk),Bounce-back free drink + one-question why-survey,2943.84
M014429,Bronze,Loyal,0.9550735,visits roughly every 3 days (+18 points of risk),21 visits on record (+14 points of risk),visits down 75% in the last 30 days vs. the 30 before (+10 points of risk),"Tier-up nudge, personalized bundle",2942.05
M015082,Bronze,Loyal,0.8283968,13 visits on record (+16 points of risk),visits down 60% in the last 30 days vs. the 30 before (+11 points of risk),visiting 44% less often than their own usual pattern (+8 points of risk),"Tier-up nudge, personalized bundle",2941.87
M003288,Silver,Hibernating,0.9833937,47 days since last visit (+15 points of risk),16 visits on record (+13 points of risk),typical gap between visits is now 2.9x longer than their own usual pattern (+11 points of risk),Bounce-back free drink + one-question why-survey,2938.77
M006037,Silver,Loyal,0.95331776,14 visits on record (+14 points of risk),visits roughly every 10 days (+11 points of risk),visiting 54% less often than their own usual pattern (+10 points of risk),"Tier-up nudge, personalized bundle",2938.13
M004277,Bronze,Hibernating,0.98242366,66 days since last visit (+17 points of risk),20 visits on record (+11 points of risk),visits roughly every 11 days (+9 points of risk),Bounce-back free drink + one-question why-survey,2933.6
M011200,Gold,Hibernating,0.96675026,52 days since last visit (+17 points of risk),visits roughly every 13 days (+16 points of risk),12 visits on record (+13 points of risk),Bounce-back free drink + one-question why-survey,2932.49
M005976,Bronze,Loyal,0.90718216,17 visits on record (+14 points of risk),visits roughly every 10 days (+12 points of risk),visiting 40% less often than their own usual pattern (+11 points of risk),"Tier-up nudge, personalized bundle",2929.96
M011168,Bronze,Hibernating,0.92145747,visiting 93% less often than their own usual pattern (+14 points of risk),15 visits on record (+13 points of risk),63 days since last visit (+12 points of risk),Bounce-back free drink + one-question why-survey,2927.58
M015230,Bronze,Hibernating,0.97230566,46 days since last visit (+19 points of risk),16 visits on record (+14 points of risk),typical gap between visits is now 2.5x longer than their own usual pattern (+11 points of risk),Bounce-back free drink + one-question why-survey,2924.51
M000395,Bronze,Loyal,0.8419858,visiting 78% less often than their own usual pattern (+16 points of risk),14 visits on record (+13 points of risk),a member for 419 days (+13 points of risk),"Tier-up nudge, personalized bundle",2923.83
M019129,Bronze,Hibernating,0.85144335,visiting 59% less often than their own usual pattern (+14 points of risk),12 visits on record (+14 points of risk),a member for 396 days (+10 points of risk),Bounce-back free drink + one-question why-survey,2923.02
M001948,Silver,Loyal,0.9048816,visiting 63% less often than their own usual pattern (+15 points of risk),11 visits on record (+14 points of risk),a member for 174 days (+9 points of risk),"Tier-up nudge, personalized bundle",2904.77
M017069,Bronze,Hibernating,0.88015115,12 visits on record (+14 points of risk),visiting 78% less often than their own usual pattern (+14 points of risk),a member for 269 days (+10 points of risk),Bounce-back free drink + one-question why-survey,2902.47
M012784,Gold,Hibernating,0.8299244,77 days since last visit (+24 points of risk),a member for 318 days (+12 points of risk),12 visits on record (+11 points of risk),Bounce-back free drink + one-question why-survey,2902.44
M016840,Bronze,Loyal,0.80727786,visiting 57% less often than their own usual pattern (+18 points of risk),12 visits on record (+13 points of risk),a member for 208 days (+9 points of risk),"Tier-up nudge, personalized bundle",2899.09
M002921,Silver,Hibernating,0.996564,typical gap between visits is now 5.7x longer than their own usual pattern (+20 points of risk),49 days since last visit (+15 points of risk),33 visits on record (+10 points of risk),Bounce-back free drink + one-question why-survey,2899.04
M002083,Silver,Loyal,0.9283306,typical gap between visits is now 3.4x longer than their own usual pattern (+28 points of risk),20 visits on record (+16 points of risk),a member for 463 days (+6 points of risk),"Tier-up nudge, personalized bundle",2897.3199999999997
M019445,Silver,Hibernating,0.95787376,80 days since last visit (+22 points of risk),13 visits on record (+13 points of risk),a member for 173 days (+9 points of risk),Bounce-back free drink + one-question why-survey,2897.2
M010013,Bronze,Loyal,0.97319984,typical gap between visits is now 3.1x longer than their own usual pattern (+22 points of risk),16 visits on record (+13 points of risk),visits roughly every 13 days (+10 points of risk),"Tier-up nudge, personalized bundle",2891.2999999999997
M018030,Bronze,Loyal,0.95746475,visits roughly every 12 days (+15 points of risk),14 visits on record (+13 points of risk),36 days since last visit (+9 points of risk),"Tier-up nudge, personalized bundle",2889.8
M012516,Silver,Hibernating,0.94850117,44 days since last visit (+15 points of risk),16 visits on record (+13 points of risk),visits roughly every 9 days (+11 points of risk),Bounce-back free drink + one-question why-survey,2887.54
M007421,Bronze,Hibernating,0.95760554,81 days since last visit (+22 points of risk),visits roughly every 11 days (+13 points of risk),a member for 262 days (+9 points of risk),Bounce-back free drink + one-question why-survey,2875.12
M001164,Bronze,Hibernating,0.9827291,68 days since last visit (+18 points of risk),20 visits on record (+11 points of risk),visits roughly every 12 days (+10 points of risk),Bounce-back free drink + one-question why-survey,2874.23
M018254,Silver,Loyal,0.9392423,18 visits on record (+14 points of risk),35 days since last visit (+12 points of risk),visits roughly every 9 days (+10 points of risk),"Tier-up nudge, personalized bundle",2870.82
M018364,Silver,Hibernating,0.82144374,15 visits on record (+15 points of risk),visiting 66% less often than their own usual pattern (+14 points of risk),a member for 365 days (+10 points of risk),Bounce-back free drink + one-question why-survey,2870.49
M016912,Bronze,Hibernating,0.9758547,13 visits on record (+13 points of risk),visits roughly every 11 days (+11 points of risk),38 days since last visit (+11 points of risk),Bounce-back free drink + one-question why-survey,2858.4
M015482,Bronze,Hibernating,0.98749477,81 days since last visit (+17 points of risk),13 visits on record (+11 points of risk),visits roughly every 12 days (+9 points of risk),Bounce-back free drink + one-question why-survey,2852.84
M013956,Gold,Hibernating,0.84556216,50 days since last visit (+17 points of risk),visiting 71% less often than their own usual pattern (+14 points of risk),a member for 336 days (+13 points of risk),Bounce-back free drink + one-question why-survey,2852.51
M017444,Bronze,Hibernating,0.98777664,typical gap between visits is now 4.0x longer than their own usual pattern (+18 points of risk),26 visits on record (+14 points of risk),42 days since last visit (+11 points of risk),Bounce-back free drink + one-question why-survey,2849.87
M013537,Bronze,Loyal,0.9346995,12 visits on record (+17 points of risk),36 days since last visit (+14 points of risk),visits down 67% in the last 30 days vs. the 30 before (+7 points of risk),"Tier-up nudge, personalized bundle",2842.39
M002565,Bronze,Loyal,0.82835394,visits roughly every 11 days (+21 points of risk),15 visits on record (+12 points of risk),34 days since last visit (+11 points of risk),"Tier-up nudge, personalized bundle",2840.93
M018091,Bronze,Loyal,0.84285146,typical gap between visits is now 2.0x longer than their own usual pattern (+19 points of risk),14 visits on record (+14 points of risk),a member for 267 days (+11 points of risk),"Tier-up nudge, personalized bundle",2839.4
M008001,Bronze,Loyal,0.79992425,visiting 52% less often than their own usual pattern (+16 points of risk),a member for 360 days (+13 points of risk),13 visits on record (+12 points of risk),"Tier-up nudge, personalized bundle",2827.96
M009929,Bronze,Hibernating,0.96532047,visits roughly every 11 days (+14 points of risk),38 days since last visit (+12 points of risk),14 visits on record (+12 points of risk),Bounce-back free drink + one-question why-survey,2823.1
M002824,Bronze,Loyal,0.95811015,15 visits on record (+13 points of risk),visits roughly every 10 days (+11 points of risk),visiting 53% less often than their own usual pattern (+11 points of risk),"Tier-up nudge, personalized bundle",2821.7
M010451,Bronze,Hibernating,0.8791177,typical gap between visits is now 2.5x longer than their own usual pattern (+22 points of risk),50 days since last visit (+22 points of risk),23 visits on record (+15 points of risk),Bounce-back free drink + one-question why-survey,2820.16
M006367,Bronze,Hibernating,0.9440661,86 days since last visit (+18 points of risk),visits roughly every 11 days (+12 points of risk),15 visits on record (+12 points of risk),Bounce-back free drink + one-question why-survey,2817.58
M008993,Bronze,Hibernating,0.9352772,39 days since last visit (+13 points of risk),17 visits on record (+12 points of risk),visits roughly every 14 days (+12 points of risk),Bounce-back free drink + one-question why-survey,2813.41
M002216,Gold,Hibernating,0.85815126,79 days since last visit (+17 points of risk),a member for 379 days (+13 points of risk),12 visits on record (+12 points of risk),Bounce-back free drink + one-question why-survey,2811.5
M018245,Silver,Hibernating,0.9319492,53 days since last visit (+16 points of risk),visiting 77% less often than their own usual pattern (+13 points of risk),10 visits on record (+11 points of risk),Bounce-back free drink + one-question why-survey,2810.06
M003219,Silver,Loyal,0.79699814,visiting 80% less often than their own usual pattern (+14 points of risk),11 visits on record (+13 points of risk),a member for 302 days (+10 points of risk),"Tier-up nudge, personalized bundle",2809.66
M008538,Bronze,Loyal,0.8839726,visiting 95% less often than their own usual pattern (+12 points of risk),14 visits on record (+12 points of risk),a member for 443 days (+12 points of risk),"Tier-up nudge, personalized bundle",2805.7
M018215,Gold,Hibernating,0.9707819,48 days since last visit (+17 points of risk),12 visits on record (+14 points of risk),visiting 59% less often than their own usual pattern (+8 points of risk),Bounce-back free drink + one-question why-survey,2805.52
M000240,Silver,Loyal,0.79292494,a member for 346 days (+12 points of risk),visits roughly every 34 days (+12 points of risk),11 visits on record (+9 points of risk),"Tier-up nudge, personalized bundle",2803.24
M012172,Bronze,Loyal,0.7980592,visiting 43% less often than their own usual pattern (+15 points of risk),17 visits on record (+13 points of risk),a member for 166 days (+10 points of risk),"Tier-up nudge, personalized bundle",2800.95
M010114,Bronze,Hibernating,0.90102154,visiting 85% less often than their own usual pattern (+12 points of risk),10 visits on record (+12 points of risk),44 days since last visit (+11 points of risk),Bounce-back free drink + one-question why-survey,2800.79
M012057,Silver,Loyal,0.8329253,a member for 348 days (+16 points of risk),visiting 61% less often than their own usual pattern (+13 points of risk),visits roughly every 38 days (+9 points of risk),"Tier-up nudge, personalized bundle",2799.61
M015990,Gold,Loyal,0.93457574,a member for 347 days (+14 points of risk),typical gap between visits is now 2.1x longer than their own usual pattern (+12 points of risk),visits roughly every 43 days (+10 points of risk),"Tier-up nudge, personalized bundle",2794.47
M003646,Bronze,Hibernating,0.9630015,11 visits on record (+13 points of risk),visits roughly every 11 days (+12 points of risk),a member for 198 days (+10 points of risk),Bounce-back free drink + one-question why-survey,2793.63
M014912,Bronze,Hibernating,0.9763347,13 visits on record (+14 points of risk),43 days since last visit (+11 points of risk),visits roughly every 10 days (+11 points of risk),Bounce-back free drink + one-question why-survey,2790.02
M016461,Silver,Hibernating,0.9079591,visiting 89% less often than their own usual pattern (+15 points of risk),56 days since last visit (+14 points of risk),13 visits on record (+13 points of risk),Bounce-back free drink + one-question why-survey,2787.48
M007384,Bronze,Loyal,0.87314177,visiting 66% less often than their own usual pattern (+14 points of risk),12 visits on record (+14 points of risk),a member for 268 days (+10 points of risk),"Tier-up nudge, personalized bundle",2786.84
M009739,Bronze,Loyal,0.9536423,17 visits on record (+14 points of risk),visiting 70% less often than their own usual pattern (+13 points of risk),visits roughly every 11 days (+11 points of risk),"Tier-up nudge, personalized bundle",2781.69
M017522,Bronze,Loyal,0.8786043,14 visits on record (+15 points of risk),visiting 52% less often than their own usual pattern (+15 points of risk),visits roughly every 10 days (+9 points of risk),"Tier-up nudge, personalized bundle",2780.2400000000002
M018114,Bronze,Hibernating,0.9692732,72 days since last visit (+17 points of risk),12 visits on record (+11 points of risk),visiting 61% less often than their own usual pattern (+11 points of risk),Bounce-back free drink + one-question why-survey,2772.44
M002315,Bronze,Loyal,0.83843875,10 visits on record (+11 points of risk),a member for 179 days (+8 points of risk),visits down 67% in the last 30 days vs. the 30 before (+8 points of risk),"Tier-up nudge, personalized bundle",2770.73
M009381,Bronze,Hibernating,0.8668001,11 visits on record (+13 points of risk),visiting 82% less often than their own usual pattern (+13 points of risk),62 days since last visit (+13 points of risk),Bounce-back free drink + one-question why-survey,2769.4700000000003
M009947,Bronze,Loyal,0.91684276,typical gap between visits is now 2.0x longer than their own usual pattern (+15 points of risk),13 visits on record (+15 points of risk),visits roughly every 12 days (+12 points of risk),"Tier-up nudge, personalized bundle",2769.1
M017745,Gold,Loyal,0.8536786,visiting 67% less often than their own usual pattern (+17 points of risk),13 visits on record (+13 points of risk),a member for 299 days (+12 points of risk),"Tier-up nudge, personalized bundle",2768.62
M007680,Bronze,Hibernating,0.94903094,visits roughly every 13 days (+17 points of risk),15 visits on record (+12 points of risk),37 days since last visit (+10 points of risk),Bounce-back free drink + one-question why-survey,2767.51
M000799,Bronze,Hibernating,0.93829226,75 days since last visit (+24 points of risk),17 visits on record (+14 points of risk),visiting 84% less often than their own usual pattern (+12 points of risk),Bounce-back free drink + one-question why-survey,2763.52
M019299,Bronze,Hibernating,0.9413337,84 days since last visit (+31 points of risk),visits roughly every 14 days (+12 points of risk),14 visits on record (+10 points of risk),Bounce-back free drink + one-question why-survey,2761.2
M000141,Bronze,Loyal,0.83200246,visiting 95% less often than their own usual pattern (+14 points of risk),10 visits on record (+12 points of risk),a member for 260 days (+10 points of risk),"Tier-up nudge, personalized bundle",2759.3
M014007,Silver,Loyal,0.80215615,visiting 54% less often than their own usual pattern (+15 points of risk),a member for 310 days (+12 points of risk),11 visits on record (+12 points of risk),"Tier-up nudge, personalized bundle",2755.2599999999998
M014499,Bronze,Loyal,0.79482585,visiting 52% less often than their own usual pattern (+15 points of risk),a member for 287 days (+13 points of risk),12 visits on record (+13 points of risk),"Tier-up nudge, personalized bundle",2748.86
M000695,Gold,Loyal,0.9256064,16 visits on record (+14 points of risk),28 days since last visit (+10 points of risk),visits down 60% in the last 30 days vs. the 30 before (+9 points of risk),"Tier-up nudge, personalized bundle",2746.98
M016168,Bronze,Hibernating,0.9734256,45 days since last visit (+14 points of risk),15 visits on record (+13 points of risk),visits roughly every 10 days (+11 points of risk),Bounce-back free drink + one-question why-survey,2743.5
M004982,Bronze,Hibernating,0.9497618,62 days since last visit (+14 points of risk),14 visits on record (+13 points of risk),visiting 57% less often than their own usual pattern (+12 points of risk),Bounce-back free drink + one-question why-survey,2736.11
M006691,Bronze,Hibernating,0.9478832,45 days since last visit (+15 points of risk),10 visits on record (+14 points of risk),visits roughly every 10 days (+12 points of risk),Bounce-back free drink + one-question why-survey,2730.63
M002943,Bronze,Loyal,0.8552454,14 visits on record (+15 points of risk),visiting 53% less often than their own usual pattern (+13 points of risk),a member for 252 days (+10 points of risk),"Tier-up nudge, personalized bundle",2729.62
M003800,Bronze,Loyal,0.8986835,14 visits on record (+17 points of risk),visits down 60% in the last 30 days vs. the 30 before (+11 points of risk),20 days since last visit (+7 points of risk),"Tier-up nudge, personalized bundle",2727.54
M007236,Bronze,Loyal,0.878287,visiting 69% less often than their own usual pattern (+18 points of risk),a member for 546 days (+12 points of risk),23 visits on record (+11 points of risk),"Tier-up nudge, personalized bundle",2727.07
M001905,Bronze,Loyal,0.8637786,11 visits on record (+14 points of risk),a member for 435 days (+12 points of risk),visiting 36% less often than their own usual pattern (+10 points of risk),"Tier-up nudge, personalized bundle",2724.4
M015286,Bronze,Loyal,0.9346548,13 visits on record (+14 points of risk),visits roughly every 9 days (+11 points of risk),26 days since last visit (+9 points of risk),"Tier-up nudge, personalized bundle",2724.33
M006056,Bronze,Hibernating,0.9194085,61 days since last visit (+18 points of risk),visits roughly every 11 days (+13 points of risk),20 visits on record (+12 points of risk),Bounce-back free drink + one-question why-survey,2723.94
M005362,Bronze,Hibernating,0.97530466,48 days since last visit (+18 points of risk),15 visits on record (+13 points of risk),a member for 155 days (+8 points of risk),Bounce-back free drink + one-question why-survey,2707.2
M003345,Silver,Hibernating,0.9658612,72 days since last visit (+14 points of risk),visiting 98% less often than their own usual pattern (+14 points of risk),18 visits on record (+10 points of risk),Bounce-back free drink + one-question why-survey,2706.89
M002492,Silver,Loyal,0.8370172,visiting 79% less often than their own usual pattern (+16 points of risk),12 visits on record (+13 points of risk),a member for 348 days (+12 points of risk),"Tier-up nudge, personalized bundle",2704.41
M006333,Bronze,Loyal,0.86236936,visiting 63% less often than their own usual pattern (+17 points of risk),a member for 295 days (+15 points of risk),12 visits on record (+11 points of risk),"Tier-up nudge, personalized bundle",2702.43
M001222,Bronze,Hibernating,0.8702966,11 visits on record (+14 points of risk),50 days since last visit (+13 points of risk),visiting 52% less often than their own usual pattern (+11 points of risk),Bounce-back free drink + one-question why-survey,2702.18
M015602,Bronze,Hibernating,0.9538245,88 days since last visit (+17 points of risk),15 visits on record (+13 points of risk),visits roughly every 12 days (+11 points of risk),Bounce-back free drink + one-question why-survey,2702.11
M010192,Silver,Hibernating,0.9298242,visiting 95% less often than their own usual pattern (+15 points of risk),47 days since last visit (+13 points of risk),13 visits on record (+12 points of risk),Bounce-back free drink + one-question why-survey,2698.2200000000003
M019866,Bronze,Loyal,0.9335009,18 visits on record (+14 points of risk),visiting 61% less often than their own usual pattern (+12 points of risk),a member for 164 days (+8 points of risk),"Tier-up nudge, personalized bundle",2691.27
M007354,Silver,Hibernating,0.82830834,79 days since last visit (+23 points of risk),a member for 224 days (+8 points of risk),8 visits on record (+7 points of risk),Bounce-back free drink + one-question why-survey,2687.19
M009934,Bronze,Loyal,0.95586467,typical gap between visits is now 4.4x longer than their own usual pattern (+32 points of risk),11 visits on record (+11 points of risk),a member for 229 days (+8 points of risk),"Tier-up nudge, personalized bundle",2687.16
M001544,Silver,Hibernating,0.9939521,55 days since last visit (+17 points of risk),13 visits on record (+13 points of risk),typical gap between visits is now 3.1x longer than their own usual pattern (+11 points of risk),Bounce-back free drink + one-question why-survey,2683.17
M016487,Bronze,Loyal,0.8528428,11 visits on record (+15 points of risk),visiting 45% less often than their own usual pattern (+14 points of risk),visits roughly every 14 days (+9 points of risk),"Tier-up nudge, personalized bundle",2681.66
M013554,Silver,Hibernating,0.8118819,typical gap between visits is now 2.1x longer than their own usual pattern (+19 points of risk),10 visits on record (+10 points of risk),a member for 394 days (+10 points of risk),Bounce-back free drink + one-question why-survey,2680.18
M011912,Bronze,Hibernating,0.98073465,84 days since last visit (+16 points of risk),17 visits on record (+11 points of risk),a member for 247 days (+9 points of risk),Bounce-back free drink + one-question why-survey,2668.01
M011840,Bronze,Loyal,0.9404939,visits roughly every 11 days (+17 points of risk),16 visits on record (+12 points of risk),32 days since last visit (+11 points of risk),"Tier-up nudge, personalized bundle",2666.27
M013388,Bronze,Hibernating,0.9611585,55 days since last visit (+21 points of risk),15 visits on record (+12 points of risk),a member for 170 days (+9 points of risk),Bounce-back free drink + one-question why-survey,2664.23
M013515,Silver,Hibernating,0.9812479,72 days since last visit (+18 points of risk),15 visits on record (+11 points of risk),visits roughly every 11 days (+10 points of risk),Bounce-back free drink + one-question why-survey,2661.9
M003382,Silver,Loyal,0.8006919,12 visits on record (+16 points of risk),visiting 62% less often than their own usual pattern (+14 points of risk),a member for 238 days (+5 points of risk),"Tier-up nudge, personalized bundle",2660.25
M001493,Silver,Hibernating,0.79209054,12 visits on record (+15 points of risk),a member for 598 days (+13 points of risk),visiting 28% less often than their own usual pattern (+3 points of risk),Bounce-back free drink + one-question why-survey,2654.33
M011092,Bronze,Loyal,0.80815387,typical gap between visits is now 2.4x longer than their own usual pattern (+24 points of risk),17 visits on record (+14 points of risk),a member for 461 days (+8 points of risk),"Tier-up nudge, personalized bundle",2654.06
M003371,Bronze,Hibernating,0.9192939,visiting 93% less often than their own usual pattern (+16 points of risk),60 days since last visit (+16 points of risk),17 visits on record (+14 points of risk),Bounce-back free drink + one-question why-survey,2648.12
M016881,Silver,Hibernating,0.91014147,visiting 73% less often than their own usual pattern (+14 points of risk),14 visits on record (+13 points of risk),39 days since last visit (+12 points of risk),Bounce-back free drink + one-question why-survey,2643.96
M007474,Bronze,Hibernating,0.8492877,54 days since last visit (+14 points of risk),11 visits on record (+14 points of risk),visiting 59% less often than their own usual pattern (+13 points of risk),Bounce-back free drink + one-question why-survey,2642.09
M004972,Silver,Hibernating,0.9827519,57 days since last visit (+15 points of risk),13 visits on record (+13 points of risk),visits roughly every 10 days (+10 points of risk),Bounce-back free drink + one-question why-survey,2640.3
M000826,Bronze,Hibernating,0.98695964,66 days since last visit (+19 points of risk),17 visits on record (+11 points of risk),a member for 203 days (+8 points of risk),Bounce-back free drink + one-question why-survey,2639.6
M005011,Bronze,Hibernating,0.84520644,a member for 394 days (+13 points of risk),12 visits on record (+13 points of risk),64 days since last visit (+11 points of risk),Bounce-back free drink + one-question why-survey,2639.35
M006033,Silver,Hibernating,0.9619843,58 days since last visit (+22 points of risk),16 visits on record (+11 points of risk),a member for 184 days (+8 points of risk),Bounce-back free drink + one-question why-survey,2637.24
M005456,Bronze,Hibernating,0.933937,typical gap between visits is now 2.4x longer than their own usual pattern (+17 points of risk),80 days since last visit (+15 points of risk),12 visits on record (+13 points of risk),Bounce-back free drink + one-question why-survey,2632.85
M007109,Gold,Hibernating,0.8092376,12 visits on record (+14 points of risk),49 days since last visit (+11 points of risk),visiting 47% less often than their own usual pattern (+11 points of risk),Bounce-back free drink + one-question why-survey,2632.75
M009686,Bronze,Hibernating,0.986432,52 days since last visit (+14 points of risk),13 visits on record (+13 points of risk),visits roughly every 11 days (+11 points of risk),Bounce-back free drink + one-question why-survey,2629.77
M019027,Bronze,Hibernating,0.98400635,typical gap between visits is now 5.2x longer than their own usual pattern (+22 points of risk),16 visits on record (+12 points of risk),42 days since last visit (+12 points of risk),Bounce-back free drink + one-question why-survey,2627.99
M010014,Bronze,Hibernating,0.9681616,82 days since last visit (+17 points of risk),16 visits on record (+11 points of risk),visits roughly every 12 days (+11 points of risk),Bounce-back free drink + one-question why-survey,2626.4
M000314,Bronze,Loyal,0.8776836,a member for 606 days (+15 points of risk),visiting 60% less often than their own usual pattern (+14 points of risk),19 visits on record (+11 points of risk),"Tier-up nudge, personalized bundle",2625.83
M005275,Silver,Hibernating,0.9447713,54 days since last visit (+16 points of risk),typical gap between visits is now 2.4x longer than their own usual pattern (+15 points of risk),11 visits on record (+12 points of risk),Bounce-back free drink + one-question why-survey,2623.09
M008242,Bronze,Hibernating,0.9934378,typical gap between visits is now 3.5x longer than their own usual pattern (+17 points of risk),51 days since last visit (+13 points of risk),17 visits on record (+11 points of risk),Bounce-back free drink + one-question why-survey,2622.4700000000003
M017209,Bronze,Loyal,0.81468344,visits roughly every 11 days (+15 points of risk),9 visits on record (+13 points of risk),visiting 45% less often than their own usual pattern (+11 points of risk),"Tier-up nudge, personalized bundle",2616.6800000000003
M008891,Bronze,Loyal,0.8724881,visiting 83% less often than their own usual pattern (+18 points of risk),13 visits on record (+13 points of risk),a member for 291 days (+13 points of risk),"Tier-up nudge, personalized bundle",2614.84
M006514,Silver,Hibernating,0.90332407,65 days since last visit (+13 points of risk),visiting 71% less often than their own usual pattern (+12 points of risk),a member for 356 days (+12 points of risk),Bounce-back free drink + one-question why-survey,2611.51
M005809,Silver,Hibernating,0.9852651,75 days since last visit (+17 points of risk),16 visits on record (+11 points of risk),visits roughly every 10 days (+9 points of risk),Bounce-back free drink + one-question why-survey,2610.49
M005336,Bronze,Loyal,0.8066277,visiting 47% less often than their own usual pattern (+14 points of risk),a member for 162 days (+9 points of risk),8 visits on record (+9 points of risk),"Tier-up nudge, personalized bundle",2606.6
M014951,Silver,Loyal,0.96218777,16 visits on record (+15 points of risk),visits roughly every 12 days (+12 points of risk),35 days since last visit (+10 points of risk),"Tier-up nudge, personalized bundle",2603.6
M002357,Bronze,Loyal,0.93635803,15 visits on record (+15 points of risk),visiting 47% less often than their own usual pattern (+10 points of risk),visits roughly every 9 days (+9 points of risk),"Tier-up nudge, personalized bundle",2601.35
M006943,Gold,Hibernating,0.96042186,11 visits on record (+14 points of risk),44 days since last visit (+12 points of risk),visits roughly every 10 days (+12 points of risk),Bounce-back free drink + one-question why-survey,2594.59
M009702,Bronze,Hibernating,0.8136071,46 days since last visit (+26 points of risk),visits roughly every 16 days (+12 points of risk),16 visits on record (+10 points of risk),Bounce-back free drink + one-question why-survey,2593.5
M014862,Bronze,Hibernating,0.9292921,typical gap between visits is now 2.3x longer than their own usual pattern (+21 points of risk),83 days since last visit (+17 points of risk),19 visits on record (+13 points of risk),Bounce-back free drink + one-question why-survey,2591.99
M013867,Silver,Hibernating,0.9221543,79 days since last visit (+17 points of risk),visiting 89% less often than their own usual pattern (+12 points of risk),12 visits on record (+12 points of risk),Bounce-back free drink + one-question why-survey,2591.89
M011028,Silver,Hibernating,0.955597,visiting 91% less often than their own usual pattern (+13 points of risk),60 days since last visit (+13 points of risk),13 visits on record (+12 points of risk),Bounce-back free drink + one-question why-survey,2590.58
M007200,Bronze,Hibernating,0.9729934,47 days since last visit (+15 points of risk),typical gap between visits is now 2.3x longer than their own usual pattern (+15 points of risk),15 visits on record (+12 points of risk),Bounce-back free drink + one-question why-survey,2584.0
M005830,Bronze,Hibernating,0.95648,79 days since last visit (+17 points of risk),visiting 76% less often than their own usual pattern (+13 points of risk),16 visits on record (+12 points of risk),Bounce-back free drink + one-question why-survey,2583.96
M009547,Gold,Loyal,0.9124196,a member for 410 days (+17 points of risk),typical gap between visits is now 2.0x longer than their own usual pattern (+13 points of risk),13 visits on record (+11 points of risk),"Tier-up nudge, personalized bundle",2582.31
M013865,Silver,Hibernating,0.9313425,49 days since last visit (+16 points of risk),visiting 65% less often than their own usual pattern (+15 points of risk),16 visits on record (+12 points of risk),Bounce-back free drink + one-question why-survey,2582.12
M009814,Gold,Hibernating,0.89613926,49 days since last visit (+18 points of risk),visiting 55% less often than their own usual pattern (+13 points of risk),10 visits on record (+11 points of risk),Bounce-back free drink + one-question why-survey,2581.59
M008610,Silver,Hibernating,0.8563503,77 days since last visit (+15 points of risk),visiting 58% less often than their own usual pattern (+14 points of risk),16 visits on record (+9 points of risk),Bounce-back free drink + one-question why-survey,2581.11
M018068,Bronze,Loyal,0.9486538,16 visits on record (+12 points of risk),visits down 60% in the last 30 days vs. the 30 before (+10 points of risk),visits roughly every 9 days (+9 points of risk),"Tier-up nudge, personalized bundle",2579.48
M014039,Silver,Hibernating,0.8941388,visiting 60% less often than their own usual pattern (+14 points of risk),14 visits on record (+13 points of risk),a member for 341 days (+11 points of risk),Bounce-back free drink + one-question why-survey,2578.54
M015552,Bronze,Hibernating,0.89913696,54 days since last visit (+16 points of risk),visiting 79% less often than their own usual pattern (+15 points of risk),16 visits on record (+13 points of risk),Bounce-back free drink + one-question why-survey,2577.72
M015909,Silver,Hibernating,0.8287091,58 days since last visit (+12 points of risk),a member for 304 days (+11 points of risk),visiting 44% less often than their own usual pattern (+10 points of risk),Bounce-back free drink + one-question why-survey,2575.06
M010121,Bronze,Loyal,0.90588045,10 visits on record (+15 points of risk),visits down 60% in the last 30 days vs. the 30 before (+11 points of risk),visits roughly every 9 days (+10 points of risk),"Tier-up nudge, personalized bundle",2574.1
M003077,Bronze,Hibernating,0.9722845,86 days since last visit (+16 points of risk),18 visits on record (+11 points of risk),a member for 264 days (+10 points of risk),Bounce-back free drink + one-question why-survey,2568.05
M014462,Bronze,Hibernating,0.9751135,63 days since last visit (+17 points of risk),visits roughly every 12 days (+13 points of risk),11 visits on record (+11 points of risk),Bounce-back free drink + one-question why-survey,2566.13
M012652,Bronze,Hibernating,0.9719964,51 days since last visit (+20 points of risk),15 visits on record (+11 points of risk),visits roughly every 9 days (+10 points of risk),Bounce-back free drink + one-question why-survey,2565.33
M013599,Bronze,Loyal,0.88843155,typical gap between visits is now 2.1x longer than their own usual pattern (+14 points of risk),15 visits on record (+13 points of risk),a member for 358 days (+11 points of risk),"Tier-up nudge, personalized bundle",2562.47
M018226,Bronze,Loyal,0.87577784,visiting 79% less often than their own usual pattern (+16 points of risk),a member for 231 days (+9 points of risk),9 visits on record (+8 points of risk),"Tier-up nudge, personalized bundle",2562.43
M000897,Bronze,Loyal,0.95364755,17 visits on record (+13 points of risk),36 days since last visit (+12 points of risk),visits roughly every 9 days (+10 points of risk),"Tier-up nudge, personalized bundle",2560.41
M018177,Silver,Hibernating,0.9973929,typical gap between visits is now 4.5x longer than their own usual pattern (+15 points of risk),57 days since last visit (+13 points of risk),11 visits on record (+11 points of risk),Bounce-back free drink + one-question why-survey,2557.62
M002188,Bronze,Loyal,0.8914179,visits roughly every 11 days (+17 points of risk),16 visits on record (+12 points of risk),a member for 197 days (+10 points of risk),"Tier-up nudge, personalized bundle",2554.7400000000002
M019110,Gold,Hibernating,0.7994448,78 days since last visit (+16 points of risk),a member for 384 days (+13 points of risk),11 visits on record (+11 points of risk),Bounce-back free drink + one-question why-survey,2554.34
M001050,Bronze,Hibernating,0.8001073,50 days since last visit (+13 points of risk),a member for 322 days (+12 points of risk),9 visits on record (+10 points of risk),Bounce-back free drink + one-question why-survey,2553.96
M009254,Silver,Loyal,0.86368054,typical gap between visits is now 2.5x longer than their own usual pattern (+19 points of risk),a member for 317 days (+13 points of risk),12 visits on record (+12 points of risk),"Tier-up nudge, personalized bundle",2550.8
M000698,Bronze,Loyal,0.96845824,typical gap between visits is now 5.6x longer than their own usual pattern (+29 points of risk),18 visits on record (+13 points of risk),a member for 307 days (+8 points of risk),"Tier-up nudge, personalized bundle",2549.71
M002613,Bronze,Loyal,0.8111904,visits roughly every 12 days (+20 points of risk),16 visits on record (+9 points of risk),visits down 50% in the last 30 days vs. the 30 before (+8 points of risk),"Tier-up nudge, personalized bundle",2547.55
M006534,Silver,Loyal,0.9441761,typical gap between visits is now 2.5x longer than their own usual pattern (+20 points of risk),a member for 438 days (+12 points of risk),17 visits on record (+11 points of risk),"Tier-up nudge, personalized bundle",2540.71
M001977,Bronze,Loyal,0.83222324,16 visits on record (+16 points of risk),visiting 71% less often than their own usual pattern (+14 points of risk),a member for 279 days (+9 points of risk),"Tier-up nudge, personalized bundle",2540.67
M011080,Gold,Hibernating,0.8230159,typical gap between visits is now 2.5x longer than their own usual pattern (+19 points of risk),15 visits on record (+15 points of risk),a member for 532 days (+10 points of risk),Bounce-back free drink + one-question why-survey,2538.48
M006535,Bronze,Hibernating,0.97105724,50 days since last visit (+18 points of risk),visits roughly every 11 days (+13 points of risk),17 visits on record (+11 points of risk),Bounce-back free drink + one-question why-survey,2535.48
M000581,Silver,Hibernating,0.90682125,57 days since last visit (+17 points of risk),visiting 74% less often than their own usual pattern (+14 points of risk),12 visits on record (+14 points of risk),Bounce-back free drink + one-question why-survey,2533.98
M015310,Gold,Loyal,0.92786014,visits roughly every 14 days (+21 points of risk),33 days since last visit (+11 points of risk),13 visits on record (+9 points of risk),"Tier-up nudge, personalized bundle",2531.84
M002970,Bronze,Hibernating,0.97384506,14 visits on record (+14 points of risk),41 days since last visit (+13 points of risk),typical gap between visits is now 2.6x longer than their own usual pattern (+9 points of risk),Bounce-back free drink + one-question why-survey,2531.32
M013579,Silver,Hibernating,0.92746323,68 days since last visit (+15 points of risk),a member for 394 days (+12 points of risk),visiting 65% less often than their own usual pattern (+12 points of risk),Bounce-back free drink + one-question why-survey,2527.28
M001132,Gold,Loyal,0.8620147,visits roughly every 41 days (+16 points of risk),12 visits on record (+14 points of risk),a member for 452 days (+13 points of risk),"Tier-up nudge, personalized bundle",2526.06
M008883,Bronze,Hibernating,0.87261987,13 visits on record (+15 points of risk),visiting 78% less often than their own usual pattern (+14 points of risk),58 days since last visit (+13 points of risk),Bounce-back free drink + one-question why-survey,2525.15
M007012,Silver,Hibernating,0.9301413,visiting 66% less often than their own usual pattern (+13 points of risk),48 days since last visit (+13 points of risk),13 visits on record (+12 points of risk),Bounce-back free drink + one-question why-survey,2524.85
M011265,Bronze,Loyal,0.91353446,typical gap between visits is now 2.2x longer than their own usual pattern (+18 points of risk),a member for 508 days (+14 points of risk),14 visits on record (+14 points of risk),"Tier-up nudge, personalized bundle",2516.45
M019607,Bronze,Loyal,0.83586663,visiting 82% less often than their own usual pattern (+18 points of risk),13 visits on record (+16 points of risk),a member for 247 days (+9 points of risk),"Tier-up nudge, personalized bundle",2513.25
M016061,Bronze,Loyal,0.9373005,typical gap between visits is now 3.9x longer than their own usual pattern (+23 points of risk),12 visits on record (+15 points of risk),a member for 327 days (+9 points of risk),"Tier-up nudge, personalized bundle",2511.69
M012059,Bronze,Loyal,0.7972897,15 visits on record (+13 points of risk),visits roughly every 11 days (+10 points of risk),a member for 155 days (+10 points of risk),"Tier-up nudge, personalized bundle",2511.46
M007909,Bronze,Loyal,0.94637156,15 visits on record (+14 points of risk),visits roughly every 10 days (+11 points of risk),visiting 64% less often than their own usual pattern (+11 points of risk),"Tier-up nudge, personalized bundle",2511.4300000000003
M002121,Bronze,Loyal,0.8277124,visiting 62% less often than their own usual pattern (+18 points of risk),a member for 408 days (+13 points of risk),15 visits on record (+12 points of risk),"Tier-up nudge, personalized bundle",2511.16
M016069,Bronze,Loyal,0.8597826,visiting 97% less often than their own usual pattern (+15 points of risk),14 visits on record (+14 points of risk),a member for 265 days (+9 points of risk),"Tier-up nudge, personalized bundle",2510.5299999999997
M004343,Bronze,Loyal,0.94049776,a member for 332 days (+15 points of risk),visiting 72% less often than their own usual pattern (+12 points of risk),visits roughly every 41 days (+11 points of risk),"Tier-up nudge, personalized bundle",2508.83
M005017,Bronze,Loyal,0.9727634,typical gap between visits is now 5.9x longer than their own usual pattern (+30 points of risk),19 visits on record (+13 points of risk),visits roughly every 13 days (+8 points of risk),"Tier-up nudge, personalized bundle",2506.27
M005068,Bronze,Loyal,0.8262136,visiting 65% less often than their own usual pattern (+15 points of risk),17 visits on record (+14 points of risk),a member for 388 days (+9 points of risk),"Tier-up nudge, personalized bundle",2504.71
M013731,Bronze,Hibernating,0.8366886,49 days since last visit (+17 points of risk),15 visits on record (+12 points of risk),a member for 301 days (+11 points of risk),Bounce-back free drink + one-question why-survey,2504.54
M004157,Bronze,Loyal,0.8931992,14 visits on record (+14 points of risk),visiting 40% less often than their own usual pattern (+10 points of risk),a member for 322 days (+10 points of risk),"Tier-up nudge, personalized bundle",2504.19
M009756,Bronze,Hibernating,0.8643748,56 days since last visit (+15 points of risk),visiting 70% less often than their own usual pattern (+14 points of risk),11 visits on record (+12 points of risk),Bounce-back free drink + one-question why-survey,2504.0699999999997
M009726,Bronze,Hibernating,0.9625931,73 days since last visit (+20 points of risk),17 visits on record (+13 points of risk),visits roughly every 13 days (+12 points of risk),Bounce-back free drink + one-question why-survey,2502.27
M013543,Silver,Hibernating,0.92805976,50 days since last visit (+16 points of risk),visiting 64% less often than their own usual pattern (+13 points of risk),11 visits on record (+13 points of risk),Bounce-back free drink + one-question why-survey,2500.6800000000003
M018509,Bronze,Loyal,0.8250955,visiting 45% less often than their own usual pattern (+15 points of risk),13 visits on record (+14 points of risk),a member for 288 days (+12 points of risk),"Tier-up nudge, personalized bundle",2498.88
M006536,Bronze,Loyal,0.9678354,typical gap between visits is now 4.4x longer than their own usual pattern (+30 points of risk),18 visits on record (+14 points of risk),a member for 380 days (+9 points of risk),"Tier-up nudge, personalized bundle",2498.15
M010428,Silver,Loyal,0.81627005,a member for 262 days (+13 points of risk),9 visits on record (+8 points of risk),visits roughly every 32 days (+5 points of risk),"Tier-up nudge, personalized bundle",2495.92
M017132,Bronze,Loyal,0.9226987,17 visits on record (+16 points of risk),visiting 72% less often than their own usual pattern (+14 points of risk),visits roughly every 11 days (+11 points of risk),"Tier-up nudge, personalized bundle",2492.34
M014608,Gold,Hibernating,0.8488878,52 days since last visit (+14 points of risk),visiting 59% less often than their own usual pattern (+14 points of risk),a member for 264 days (+13 points of risk),Bounce-back free drink + one-question why-survey,2491.85
M011202,Silver,Hibernating,0.96277857,68 days since last visit (+19 points of risk),16 visits on record (+13 points of risk),visits roughly every 12 days (+11 points of risk),Bounce-back free drink + one-question why-survey,2487.49
M019891,Silver,Loyal,0.8582713,visiting 88% less often than their own usual pattern (+18 points of risk),13 visits on record (+12 points of risk),a member for 320 days (+12 points of risk),"Tier-up nudge, personalized bundle",2487.36
M005208,Bronze,Loyal,0.90023285,visiting 95% less often than their own usual pattern (+15 points of risk),19 visits on record (+15 points of risk),visits roughly every 10 days (+10 points of risk),"Tier-up nudge, personalized bundle",2487.25
M012395,Silver,Hibernating,0.8048364,11 visits on record (+13 points of risk),a member for 393 days (+12 points of risk),65 days since last visit (+10 points of risk),Bounce-back free drink + one-question why-survey,2486.48
M014567,Silver,Loyal,0.808805,12 visits on record (+16 points of risk),visits roughly every 11 days (+14 points of risk),visits down 60% in the last 30 days vs. the 30 before (+13 points of risk),"Tier-up nudge, personalized bundle",2484.76
M011194,Bronze,Hibernating,0.90824026,77 days since last visit (+19 points of risk),a member for 392 days (+14 points of risk),visiting 58% less often than their own usual pattern (+11 points of risk),Bounce-back free drink + one-question why-survey,2481.11
M009106,Bronze,Loyal,0.79336995,visiting 66% less often than their own usual pattern (+18 points of risk),11 visits on record (+13 points of risk),a member for 231 days (+8 points of risk),"Tier-up nudge, personalized bundle",2481.0
M016060,Bronze,Hibernating,0.95000416,65 days since last visit (+15 points of risk),14 visits on record (+13 points of risk),visiting 58% less often than their own usual pattern (+13 points of risk),Bounce-back free drink + one-question why-survey,2480.51
M001723,Bronze,Hibernating,0.9886735,50 days since last visit (+15 points of risk),15 visits on record (+12 points of risk),visits roughly every 10 days (+9 points of risk),Bounce-back free drink + one-question why-survey,2479.73
M006347,Bronze,Hibernating,0.88247156,16 visits on record (+14 points of risk),a member for 335 days (+11 points of risk),39 days since last visit (+10 points of risk),Bounce-back free drink + one-question why-survey,2478.98
M004673,Bronze,Hibernating,0.954122,67 days since last visit (+16 points of risk),visiting 89% less often than their own usual pattern (+12 points of risk),12 visits on record (+12 points of risk),Bounce-back free drink + one-question why-survey,2478.98
M002768,Silver,Hibernating,0.91214,15 visits on record (+14 points of risk),visiting 70% less often than their own usual pattern (+12 points of risk),a member for 316 days (+9 points of risk),Bounce-back free drink + one-question why-survey,2477.9
M018044,Bronze,Loyal,0.9090502,16 visits on record (+14 points of risk),visits roughly every 12 days (+10 points of risk),visits down 60% in the last 30 days vs. the 30 before (+8 points of risk),"Tier-up nudge, personalized bundle",2472.96
M007423,Bronze,Loyal,0.90195113,18 visits on record (+16 points of risk),typical gap between visits is now 2.2x longer than their own usual pattern (+15 points of risk),visits roughly every 11 days (+12 points of risk),"Tier-up nudge, personalized bundle",2467.34
M014085,Bronze,Hibernating,0.97751725,48 days since last visit (+15 points of risk),visits roughly every 12 days (+13 points of risk),13 visits on record (+13 points of risk),Bounce-back free drink + one-question why-survey,2467.31
M016154,Bronze,Loyal,0.95673776,13 visits on record (+15 points of risk),visits roughly every 10 days (+12 points of risk),31 days since last visit (+7 points of risk),"Tier-up nudge, personalized bundle",2467.09
M013274,Bronze,Loyal,0.92136824,a member for 356 days (+15 points of risk),12 visits on record (+12 points of risk),visiting 47% less often than their own usual pattern (+11 points of risk),"Tier-up nudge, personalized bundle",2467.07
M013879,Bronze,Loyal,0.7983345,visiting 37% less often than their own usual pattern (+14 points of risk),a member for 203 days (+9 points of risk),9 visits on record (+8 points of risk),"Tier-up nudge, personalized bundle",2463.64
M009592,Silver,Hibernating,0.97280663,54 days since last visit (+17 points of risk),typical gap between visits is now 3.3x longer than their own usual pattern (+16 points of risk),10 visits on record (+11 points of risk),Bounce-back free drink + one-question why-survey,2463.33
M009940,Bronze,Hibernating,0.8099729,15 visits on record (+15 points of risk),42 days since last visit (+13 points of risk),a member for 301 days (+9 points of risk),Bounce-back free drink + one-question why-survey,2459.37
M014140,Silver,Loyal,0.79737437,typical gap between visits is now 2.0x longer than their own usual pattern (+20 points of risk),14 visits on record (+13 points of risk),a member for 418 days (+11 points of risk),"Tier-up nudge, personalized bundle",2459.33
M015672,Silver,Hibernating,0.8497653,visiting 90% less often than their own usual pattern (+14 points of risk),12 visits on record (+13 points of risk),83 days since last visit (+13 points of risk),Bounce-back free drink + one-question why-survey,2454.93
M018784,Silver,Loyal,0.9100362,typical gap between visits is now 3.8x longer than their own usual pattern (+24 points of risk),14 visits on record (+16 points of risk),a member for 209 days (+9 points of risk),"Tier-up nudge, personalized bundle",2454.64
M007955,Bronze,Hibernating,0.9801437,74 days since last visit (+19 points of risk),18 visits on record (+12 points of risk),typical gap between visits is now 2.7x longer than their own usual pattern (+10 points of risk),Bounce-back free drink + one-question why-survey,2454.43
M005064,Bronze,Loyal,0.9351763,typical gap between visits is now 6.0x longer than their own usual pattern (+33 points of risk),15 visits on record (+13 points of risk),a member for 281 days (+11 points of risk),"Tier-up nudge, personalized bundle",2453.94
M016646,Silver,Hibernating,0.92592806,83 days since last visit (+19 points of risk),visiting 84% less often than their own usual pattern (+13 points of risk),a member for 292 days (+11 points of risk),Bounce-back free drink + one-question why-survey,2451.31
M004848,Bronze,Hibernating,0.88008857,81 days since last visit (+19 points of risk),a member for 227 days (+10 points of risk),visiting 52% less often than their own usual pattern (+9 points of risk),Bounce-back free drink + one-question why-survey,2449.44
M016016,Bronze,Loyal,0.8545925,12 visits on record (+15 points of risk),visiting 51% less often than their own usual pattern (+13 points of risk),a member for 273 days (+10 points of risk),"Tier-up nudge, personalized bundle",2449.07
M014343,Silver,Loyal,0.8733349,visiting 42% less often than their own usual pattern (+15 points of risk),12 visits on record (+13 points of risk),a member for 255 days (+11 points of risk),"Tier-up nudge, personalized bundle",2447.96
M005882,Bronze,Hibernating,0.83197546,typical gap between visits is now 2.6x longer than their own usual pattern (+16 points of risk),10 visits on record (+12 points of risk),37 days since last visit (+10 points of risk),Bounce-back free drink + one-question why-survey,2447.2400000000002
M006335,Silver,Hibernating,0.8028828,visiting 91% less often than their own usual pattern (+12 points of risk),a member for 380 days (+10 points of risk),10 visits on record (+9 points of risk),Bounce-back free drink + one-question why-survey,2445.8
M003723,Silver,Hibernating,0.9413917,visits roughly every 13 days (+16 points of risk),41 days since last visit (+15 points of risk),12 visits on record (+14 points of risk),Bounce-back free drink + one-question why-survey,2445.77
M012209,Bronze,Loyal,0.83204895,visits down 60% in the last 30 days vs. the 30 before (+19 points of risk),visits roughly every 10 days (+16 points of risk),14 visits on record (+11 points of risk),"Tier-up nudge, personalized bundle",2444.95
M003952,Bronze,Hibernating,0.807163,54 days since last visit (+16 points of risk),visiting 88% less often than their own usual pattern (+15 points of risk),17 visits on record (+13 points of risk),Bounce-back free drink + one-question why-survey,2441.05
M016236,Silver,Hibernating,0.89676243,63 days since last visit (+23 points of risk),9 visits on record (+13 points of risk),visits roughly every 9 days (+9 points of risk),Bounce-back free drink + one-question why-survey,2439.8
M002956,Bronze,Hibernating,0.923592,60 days since last visit (+17 points of risk),15 visits on record (+13 points of risk),a member for 300 days (+10 points of risk),Bounce-back free drink + one-question why-survey,2438.54
M008258,Bronze,Hibernating,0.96058697,typical gap between visits is now 2.5x longer than their own usual pattern (+16 points of risk),82 days since last visit (+15 points of risk),17 visits on record (+11 points of risk),Bounce-back free drink + one-question why-survey,2435.4
M012339,Silver,Hibernating,0.957713,typical gap between visits is now 3.3x longer than their own usual pattern (+17 points of risk),49 days since last visit (+16 points of risk),9 visits on record (+11 points of risk),Bounce-back free drink + one-question why-survey,2432.4
M004493,Bronze,Loyal,0.92933285,13 visits on record (+15 points of risk),visits roughly every 12 days (+12 points of risk),visiting 42% less often than their own usual pattern (+9 points of risk),"Tier-up nudge, personalized bundle",2432.16
M007213,Silver,Loyal,0.80349636,11 visits on record (+15 points of risk),visiting 81% less often than their own usual pattern (+15 points of risk),visits roughly every 11 days (+13 points of risk),"Tier-up nudge, personalized bundle",2432.09
M004656,Bronze,Loyal,0.9513848,visits roughly every 3 days (+18 points of risk),17 visits on record (+12 points of risk),29 days since last visit (+12 points of risk),"Tier-up nudge, personalized bundle",2428.09
M002147,Silver,Loyal,0.92410934,a member for 298 days (+14 points of risk),typical gap between visits is now 2.3x longer than their own usual pattern (+14 points of risk),visits roughly every 42 days (+10 points of risk),"Tier-up nudge, personalized bundle",2426.65
M017943,Gold,Loyal,0.81817746,visiting 59% less often than their own usual pattern (+18 points of risk),13 visits on record (+16 points of risk),a member for 259 days (+11 points of risk),"Tier-up nudge, personalized bundle",2426.54
M001909,Bronze,Loyal,0.88322157,19 visits on record (+16 points of risk),visiting 60% less often than their own usual pattern (+13 points of risk),a member for 198 days (+8 points of risk),"Tier-up nudge, personalized bundle",2421.84
M014193,Gold,Hibernating,0.8846303,visiting 57% less often than their own usual pattern (+14 points of risk),11 visits on record (+13 points of risk),49 days since last visit (+13 points of risk),Bounce-back free drink + one-question why-survey,2421.52
M003088,Bronze,Hibernating,0.9862059,15 visits on record (+15 points of risk),typical gap between visits is now 3.6x longer than their own usual pattern (+14 points of risk),45 days since last visit (+14 points of risk),Bounce-back free drink + one-question why-survey,2420.92
M011268,Silver,Hibernating,0.9061418,77 days since last visit (+33 points of risk),visits roughly every 16 days (+14 points of risk),a member for 203 days (+7 points of risk),Bounce-back free drink + one-question why-survey,2416.73
M008081,Bronze,Hibernating,0.9461923,51 days since last visit (+15 points of risk),11 visits on record (+12 points of risk),visiting 68% less often than their own usual pattern (+12 points of risk),Bounce-back free drink + one-question why-survey,2415.42
M007194,Bronze,Loyal,0.95132434,visits roughly every 10 days (+19 points of risk),30 days since last visit (+11 points of risk),visits down 75% in the last 30 days vs. the 30 before (+10 points of risk),"Tier-up nudge, personalized bundle",2415.22
M017923,Bronze,Loyal,0.8283908,visiting 88% less often than their own usual pattern (+19 points of risk),13 visits on record (+13 points of risk),a member for 310 days (+12 points of risk),"Tier-up nudge, personalized bundle",2414.9
M016117,Bronze,Loyal,0.8766513,12 visits on record (+14 points of risk),visits roughly every 12 days (+13 points of risk),visits down 50% in the last 30 days vs. the 30 before (+7 points of risk),"Tier-up nudge, personalized bundle",2413.95
M014888,Bronze,Hibernating,0.9074958,18 visits on record (+16 points of risk),typical gap between visits is now 2.2x longer than their own usual pattern (+15 points of risk),43 days since last visit (+14 points of risk),Bounce-back free drink + one-question why-survey,2413.27
M000144,Bronze,Hibernating,0.9200866,18 visits on record (+15 points of risk),visiting 79% less often than their own usual pattern (+13 points of risk),44 days since last visit (+11 points of risk),Bounce-back free drink + one-question why-survey,2412.6
M008204,Bronze,Hibernating,0.9345721,83 days since last visit (+14 points of risk),a member for 358 days (+13 points of risk),visiting 55% less often than their own usual pattern (+11 points of risk),Bounce-back free drink + one-question why-survey,2412.38
M015927,Silver,Loyal,0.8835628,a member for 361 days (+15 points of risk),visiting 71% less often than their own usual pattern (+14 points of risk),10 visits on record (+10 points of risk),"Tier-up nudge, personalized bundle",2411.35
M018987,Silver,Loyal,0.8052781,13 visits on record (+15 points of risk),visiting 48% less often than their own usual pattern (+13 points of risk),visits roughly every 10 days (+9 points of risk),"Tier-up nudge, personalized bundle",2409.88
M010485,Bronze,Hibernating,0.92680144,14 visits on record (+13 points of risk),visiting 85% less often than their own usual pattern (+13 points of risk),a member for 402 days (+13 points of risk),Bounce-back free drink + one-question why-survey,2408.73
M003298,Silver,Hibernating,0.9500144,75 days since last visit (+19 points of risk),14 visits on record (+11 points of risk),a member for 317 days (+11 points of risk),Bounce-back free drink + one-question why-survey,2406.17
M012105,Bronze,Hibernating,0.91777074,typical gap between visits is now 2.1x longer than their own usual pattern (+19 points of risk),52 days since last visit (+16 points of risk),19 visits on record (+12 points of risk),Bounce-back free drink + one-question why-survey,2404.57
M002420,Bronze,Loyal,0.85607696,visiting 61% less often than their own usual pattern (+18 points of risk),14 visits on record (+14 points of risk),a member for 252 days (+11 points of risk),"Tier-up nudge, personalized bundle",2397.04
M004383,Silver,Hibernating,0.9252262,49 days since last visit (+16 points of risk),13 visits on record (+13 points of risk),a member for 352 days (+11 points of risk),Bounce-back free drink + one-question why-survey,2396.42
M004525,Bronze,Hibernating,0.9489866,50 days since last visit (+15 points of risk),13 visits on record (+12 points of risk),visiting 69% less often than their own usual pattern (+12 points of risk),Bounce-back free drink + one-question why-survey,2390.5099999999998
M003332,Silver,Loyal,0.8359736,typical gap between visits is now 2.0x longer than their own usual pattern (+20 points of risk),a member for 322 days (+13 points of risk),12 visits on record (+11 points of risk),"Tier-up nudge, personalized bundle",2390.09
M013212,Bronze,Loyal,0.92542535,typical gap between visits is now 2.6x longer than their own usual pattern (+20 points of risk),a member for 412 days (+15 points of risk),17 visits on record (+12 points of risk),"Tier-up nudge, personalized bundle",2387.9
M011828,Silver,Hibernating,0.9810465,85 days since last visit (+18 points of risk),13 visits on record (+11 points of risk),visits roughly every 11 days (+10 points of risk),Bounce-back free drink + one-question why-survey,2384.2599999999998
M006749,Silver,Loyal,0.822569,visiting 98% less often than their own usual pattern (+16 points of risk),17 visits on record (+11 points of risk),a member for 465 days (+8 points of risk),"Tier-up nudge, personalized bundle",2378.9
M018243,Bronze,Hibernating,0.8805025,62 days since last visit (+18 points of risk),12 visits on record (+12 points of risk),a member for 261 days (+11 points of risk),Bounce-back free drink + one-question why-survey,2378.37
M010257,Silver,Hibernating,0.85858005,38 days since last visit (+13 points of risk),10 visits on record (+12 points of risk),a member for 184 days (+8 points of risk),Bounce-back free drink + one-question why-survey,2378.21
M011528,Bronze,Hibernating,0.9870517,55 days since last visit (+16 points of risk),13 visits on record (+13 points of risk),typical gap between visits is now 2.1x longer than their own usual pattern (+8 points of risk),Bounce-back free drink + one-question why-survey,2377.48
M013642,Bronze,Hibernating,0.9494363,54 days since last visit (+15 points of risk),visiting 61% less often than their own usual pattern (+13 points of risk),12 visits on record (+12 points of risk),Bounce-back free drink + one-question why-survey,2375.32
M015827,Bronze,Hibernating,0.81758195,11 visits on record (+13 points of risk),visiting 47% less often than their own usual pattern (+10 points of risk),a member for 262 days (+9 points of risk),Bounce-back free drink + one-question why-survey,2374.87
M015327,Silver,Loyal,0.94011295,a member for 281 days (+12 points of risk),visits roughly every 40 days (+10 points of risk),8 visits on record (+9 points of risk),"Tier-up nudge, personalized bundle",2374.37
M007656,Silver,Hibernating,0.80494213,12 visits on record (+13 points of risk),41 days since last visit (+11 points of risk),a member for 294 days (+9 points of risk),Bounce-back free drink + one-question why-survey,2374.35
M013085,Bronze,Loyal,0.97889256,typical gap between visits is now 5.6x longer than their own usual pattern (+28 points of risk),14 visits on record (+13 points of risk),a member for 285 days (+8 points of risk),"Tier-up nudge, personalized bundle",2372.41
M016118,Bronze,Loyal,0.8311199,visiting 68% less often than their own usual pattern (+16 points of risk),11 visits on record (+13 points of risk),a member for 284 days (+10 points of risk),"Tier-up nudge, personalized bundle",2371.5299999999997
M007521,Bronze,Loyal,0.8247547,visiting 51% less often than their own usual pattern (+18 points of risk),12 visits on record (+13 points of risk),a member for 214 days (+8 points of risk),"Tier-up nudge, personalized bundle",2364.24
M000909,Silver,Loyal,0.88825977,visiting 95% less often than their own usual pattern (+16 points of risk),a member for 535 days (+14 points of risk),17 visits on record (+11 points of risk),"Tier-up nudge, personalized bundle",2363.92
M000283,Bronze,Hibernating,0.8025054,12 visits on record (+15 points of risk),visiting 42% less often than their own usual pattern (+10 points of risk),a member for 423 days (+9 points of risk),Bounce-back free drink + one-question why-survey,2363.26
M006542,Silver,Loyal,0.84802055,visiting 64% less often than their own usual pattern (+16 points of risk),a member for 226 days (+9 points of risk),9 visits on record (+8 points of risk),"Tier-up nudge, personalized bundle",2362.82
M015234,Silver,Hibernating,0.9683783,45 days since last visit (+13 points of risk),11 visits on record (+13 points of risk),visits roughly every 14 days (+9 points of risk),Bounce-back free drink + one-question why-survey,2362.72
M015735,Bronze,Loyal,0.82702106,visiting 84% less often than their own usual pattern (+18 points of risk),14 visits on record (+13 points of risk),a member for 268 days (+11 points of risk),"Tier-up nudge, personalized bundle",2361.92
M014042,Silver,Loyal,0.92563695,14 visits on record (+14 points of risk),visits roughly every 10 days (+11 points of risk),visiting 41% less often than their own usual pattern (+9 points of risk),"Tier-up nudge, personalized bundle",2360.19
M004799,Gold,Loyal,0.79172784,visits roughly every 12 days (+17 points of risk),11 visits on record (+14 points of risk),visiting 32% less often than their own usual pattern (+6 points of risk),"Tier-up nudge, personalized bundle",2360.0
M002499,Bronze,Hibernating,0.91245514,typical gap between visits is now 3.5x longer than their own usual pattern (+14 points of risk),63 days since last visit (+13 points of risk),a member for 383 days (+13 points of risk),Bounce-back free drink + one-question why-survey,2358.88
M007110,Bronze,Hibernating,0.86327606,75 days since last visit (+15 points of risk),visiting 88% less often than their own usual pattern (+12 points of risk),11 visits on record (+12 points of risk),Bounce-back free drink + one-question why-survey,2358.53
M007828,Bronze,Loyal,0.8456256,visits down 60% in the last 30 days vs. the 30 before (+19 points of risk),visits roughly every 9 days (+12 points of risk),11 visits on record (+9 points of risk),"Tier-up nudge, personalized bundle",2357.09
M014304,Bronze,Hibernating,0.9807931,61 days since last visit (+15 points of risk),14 visits on record (+12 points of risk),visits roughly every 13 days (+11 points of risk),Bounce-back free drink + one-question why-survey,2355.99
M005379,Silver,Hibernating,0.90695333,77 days since last visit (+15 points of risk),visiting 59% less often than their own usual pattern (+13 points of risk),a member for 316 days (+12 points of risk),Bounce-back free drink + one-question why-survey,2354.97
M017525,Silver,Hibernating,0.8540209,a member for 317 days (+14 points of risk),visiting 91% less often than their own usual pattern (+13 points of risk),67 days since last visit (+12 points of risk),Bounce-back free drink + one-question why-survey,2352.81
M002230,Bronze,Loyal,0.8349661,visiting 55% less often than their own usual pattern (+17 points of risk),a member for 290 days (+12 points of risk),12 visits on record (+11 points of risk),"Tier-up nudge, personalized bundle",2352.23
M001474,Gold,Loyal,0.81453305,visits roughly every 13 days (+17 points of risk),10 visits on record (+12 points of risk),visiting 38% less often than their own usual pattern (+11 points of risk),"Tier-up nudge, personalized bundle",2351.81
M018344,Bronze,Hibernating,0.81269395,55 days since last visit (+15 points of risk),11 visits on record (+11 points of risk),a member for 333 days (+11 points of risk),Bounce-back free drink + one-question why-survey,2351.47
M005616,Bronze,Hibernating,0.98031014,69 days since last visit (+20 points of risk),15 visits on record (+11 points of risk),a member for 170 days (+9 points of risk),Bounce-back free drink + one-question why-survey,2351.25
M013882,Bronze,Hibernating,0.93804616,typical gap between visits is now 2.3x longer than their own usual pattern (+18 points of risk),46 days since last visit (+14 points of risk),16 visits on record (+13 points of risk),Bounce-back free drink + one-question why-survey,2350.97
M018297,Silver,Hibernating,0.9474401,visits roughly every 13 days (+15 points of risk),42 days since last visit (+12 points of risk),9 visits on record (+12 points of risk),Bounce-back free drink + one-question why-survey,2350.62
M019165,Silver,Loyal,0.8489815,typical gap between visits is now 2.1x longer than their own usual pattern (+21 points of risk),a member for 318 days (+12 points of risk),14 visits on record (+12 points of risk),"Tier-up nudge, personalized bundle",2350.52
M004771,Gold,Hibernating,0.9339005,visits roughly every 14 days (+18 points of risk),43 days since last visit (+15 points of risk),11 visits on record (+9 points of risk),Bounce-back free drink + one-question why-survey,2346.96
M019219,Silver,Hibernating,0.9816684,74 days since last visit (+25 points of risk),visits roughly every 13 days (+14 points of risk),a member for 191 days (+7 points of risk),Bounce-back free drink + one-question why-survey,2345.15
M017803,Bronze,Hibernating,0.8265473,62 days since last visit (+16 points of risk),12 visits on record (+12 points of risk),a member for 299 days (+10 points of risk),Bounce-back free drink + one-question why-survey,2345.13
M014107,Bronze,Hibernating,0.9488729,60 days since last visit (+14 points of risk),visiting 57% less often than their own usual pattern (+13 points of risk),12 visits on record (+12 points of risk),Bounce-back free drink + one-question why-survey,2343.04
M006532,Gold,Hibernating,0.8447008,52 days since last visit (+13 points of risk),a member for 358 days (+13 points of risk),visiting 76% less often than their own usual pattern (+12 points of risk),Bounce-back free drink + one-question why-survey,2342.81
M010541,Bronze,Hibernating,0.93679136,50 days since last visit (+16 points of risk),visiting 51% less often than their own usual pattern (+13 points of risk),15 visits on record (+11 points of risk),Bounce-back free drink + one-question why-survey,2337.67
M017569,Silver,Hibernating,0.83623695,58 days since last visit (+20 points of risk),9 visits on record (+10 points of risk),a member for 208 days (+9 points of risk),Bounce-back free drink + one-question why-survey,2335.61
M007617,Bronze,Hibernating,0.80873656,visiting 74% less often than their own usual pattern (+12 points of risk),9 visits on record (+11 points of risk),a member for 310 days (+11 points of risk),Bounce-back free drink + one-question why-survey,2335.58
M012765,Gold,Loyal,0.81471795,typical gap between visits is now 2.3x longer than their own usual pattern (+20 points of risk),a member for 299 days (+12 points of risk),10 visits on record (+11 points of risk),"Tier-up nudge, personalized bundle",2335.1
M017599,Bronze,Loyal,0.89011335,visiting 59% less often than their own usual pattern (+15 points of risk),a member for 319 days (+13 points of risk),11 visits on record (+9 points of risk),"Tier-up nudge, personalized bundle",2334.0299999999997
M007720,Silver,Loyal,0.7955705,a member for 342 days (+15 points of risk),visiting 39% less often than their own usual pattern (+11 points of risk),9 visits on record (+11 points of risk),"Tier-up nudge, personalized bundle",2332.82
M012753,Bronze,Loyal,0.8619249,typical gap between visits is now 2.2x longer than their own usual pattern (+20 points of risk),a member for 251 days (+12 points of risk),9 visits on record (+9 points of risk),"Tier-up nudge, personalized bundle",2331.79
M010408,Bronze,Hibernating,0.9902856,typical gap between visits is now 4.7x longer than their own usual pattern (+22 points of risk),63 days since last visit (+15 points of risk),16 visits on record (+10 points of risk),Bounce-back free drink + one-question why-survey,2324.0
M016543,Silver,Hibernating,0.92865247,54 days since last visit (+20 points of risk),11 visits on record (+11 points of risk),visits roughly every 16 days (+10 points of risk),Bounce-back free drink + one-question why-survey,2323.27
M005578,Silver,Hibernating,0.9851703,75 days since last visit (+18 points of risk),visits roughly every 12 days (+9 points of risk),17 visits on record (+9 points of risk),Bounce-back free drink + one-question why-survey,2321.92
M015350,Silver,Hibernating,0.9391619,58 days since last visit (+15 points of risk),visiting 49% less often than their own usual pattern (+12 points of risk),15 visits on record (+11 points of risk),Bounce-back free drink + one-question why-survey,2321.16
M005241,Silver,Hibernating,0.90598565,typical gap between visits is now 2.3x longer than their own usual pattern (+17 points of risk),11 visits on record (+14 points of risk),57 days since last visit (+13 points of risk),Bounce-back free drink + one-question why-survey,2320.3
M015242,Bronze,Loyal,0.82519287,visiting 55% less often than their own usual pattern (+15 points of risk),13 visits on record (+14 points of risk),visits down 40% in the last 30 days vs. the 30 before (+7 points of risk),"Tier-up nudge, personalized bundle",2319.66
M011338,Silver,Loyal,0.8753422,10 visits on record (+13 points of risk),visiting 64% less often than their own usual pattern (+8 points of risk),a member for 180 days (+8 points of risk),"Tier-up nudge, personalized bundle",2319.44
M019827,Bronze,Loyal,0.85207164,typical gap between visits is now 2.1x longer than their own usual pattern (+21 points of risk),a member for 390 days (+13 points of risk),16 visits on record (+13 points of risk),"Tier-up nudge, personalized bundle",2315.54
M000187,Silver,Hibernating,0.9694836,visits roughly every 13 days (+18 points of risk),42 days since last visit (+17 points of risk),visits down 67% in the last 30 days vs. the 30 before (+9 points of risk),Bounce-back free drink + one-question why-survey,2313.71
M016483,Bronze,Loyal,0.94247913,14 visits on record (+14 points of risk),29 days since last visit (+11 points of risk),visiting 96% less often than their own usual pattern (+10 points of risk),"Tier-up nudge, personalized bundle",2309.56
M019038,Bronze,Hibernating,0.96593815,70 days since last visit (+21 points of risk),15 visits on record (+11 points of risk),a member for 194 days (+10 points of risk),Bounce-back free drink + one-question why-survey,2303.44
M011033,Silver,Loyal,0.91609573,visiting 50% less often than their own usual pattern (+13 points of risk),14 visits on record (+13 points of risk),visits roughly every 11 days (+12 points of risk),"Tier-up nudge, personalized bundle",2301.7599999999998
M014870,Bronze,Loyal,0.880036,a member for 394 days (+15 points of risk),visiting 77% less often than their own usual pattern (+13 points of risk),12 visits on record (+13 points of risk),"Tier-up nudge, personalized bundle",2301.2799999999997
M004141,Bronze,Loyal,0.938893,a member for 382 days (+14 points of risk),visits roughly every 48 days (+14 points of risk),visiting 96% less often than their own usual pattern (+12 points of risk),"Tier-up nudge, personalized bundle",2298.1099999999997
M005518,Bronze,Loyal,0.79873174,visiting 58% less often than their own usual pattern (+18 points of risk),a member for 292 days (+12 points of risk),11 visits on record (+11 points of risk),"Tier-up nudge, personalized bundle",2297.19
M002869,Bronze,Loyal,0.87173444,visiting 59% less often than their own usual pattern (+17 points of risk),a member for 540 days (+13 points of risk),19 visits on record (+10 points of risk),"Tier-up nudge, personalized bundle",2296.9900000000002
M009950,Bronze,Hibernating,0.8891748,a member for 317 days (+13 points of risk),visiting 60% less often than their own usual pattern (+11 points of risk),62 days since last visit (+11 points of risk),Bounce-back free drink + one-question why-survey,2296.76
M017564,Bronze,Loyal,0.87810826,visiting 43% less often than their own usual pattern (+14 points of risk),14 visits on record (+13 points of risk),a member for 155 days (+10 points of risk),"Tier-up nudge, personalized bundle",2293.17
M013975,Silver,Loyal,0.85454893,typical gap between visits is now 2.2x longer than their own usual pattern (+20 points of risk),14 visits on record (+14 points of risk),a member for 399 days (+13 points of risk),"Tier-up nudge, personalized bundle",2292.63
M016286,Bronze,Hibernating,0.8664542,86 days since last visit (+18 points of risk),13 visits on record (+13 points of risk),visiting 48% less often than their own usual pattern (+10 points of risk),Bounce-back free drink + one-question why-survey,2291.62
M013087,Bronze,Champions,0.8185832,typical gap between visits is now 2.6x longer than their own usual pattern (+27 points of risk),24 visits on record (+13 points of risk),a member for 514 days (+10 points of risk),"VIP perks, early access to new drinks, referral ask",2290.88
M018161,Bronze,Hibernating,0.9850904,typical gap between visits is now 5.8x longer than their own usual pattern (+22 points of risk),13 visits on record (+13 points of risk),38 days since last visit (+9 points of risk),Bounce-back free drink + one-question why-survey,2288.25
M002162,Bronze,Loyal,0.9493043,a member for 335 days (+13 points of risk),visiting 66% less often than their own usual pattern (+12 points of risk),9 visits on record (+10 points of risk),"Tier-up nudge, personalized bundle",2286.0
M003495,Silver,Loyal,0.8534677,visiting 46% less often than their own usual pattern (+15 points of risk),a member for 370 days (+13 points of risk),15 visits on record (+12 points of risk),"Tier-up nudge, personalized bundle",2284.63
M007917,Bronze,Loyal,0.8612861,visiting 70% less often than their own usual pattern (+16 points of risk),15 visits on record (+15 points of risk),visits roughly every 10 days (+6 points of risk),"Tier-up nudge, personalized bundle",2284.29
M005685,Bronze,Hibernating,0.9623159,47 days since last visit (+19 points of risk),12 visits on record (+14 points of risk),visiting 68% less often than their own usual pattern (+8 points of risk),Bounce-back free drink + one-question why-survey,2282.72
M015419,Silver,Loyal,0.8219964,visiting 72% less often than their own usual pattern (+13 points of risk),9 visits on record (+12 points of risk),a member for 238 days (+7 points of risk),"Tier-up nudge, personalized bundle",2281.83
M008117,Bronze,Loyal,0.7926114,visiting 77% less often than their own usual pattern (+18 points of risk),11 visits on record (+12 points of risk),a member for 226 days (+8 points of risk),"Tier-up nudge, personalized bundle",2281.82
M014024,Gold,Loyal,0.9394072,a member for 397 days (+16 points of risk),visiting 99% less often than their own usual pattern (+13 points of risk),11 visits on record (+12 points of risk),"Tier-up nudge, personalized bundle",2279.16
M001106,Bronze,Loyal,0.83885264,visiting 62% less often than their own usual pattern (+15 points of risk),13 visits on record (+13 points of risk),a member for 282 days (+8 points of risk),"Tier-up nudge, personalized bundle",2277.87
M014873,Bronze,Loyal,0.8928093,visiting 39% less often than their own usual pattern (+14 points of risk),16 visits on record (+11 points of risk),a member for 204 days (+10 points of risk),"Tier-up nudge, personalized bundle",2276.04
M010051,Bronze,Hibernating,0.9899513,77 days since last visit (+19 points of risk),10 visits on record (+10 points of risk),visits roughly every 11 days (+9 points of risk),Bounce-back free drink + one-question why-survey,2271.7599999999998
M005834,Bronze,Hibernating,0.9792757,70 days since last visit (+22 points of risk),11 visits on record (+12 points of risk),visits roughly every 13 days (+11 points of risk),Bounce-back free drink + one-question why-survey,2271.18
M005369,Silver,Hibernating,0.9222797,53 days since last visit (+14 points of risk),14 visits on record (+14 points of risk),a member for 385 days (+11 points of risk),Bounce-back free drink + one-question why-survey,2271.08
M011512,Silver,Hibernating,0.97941774,69 days since last visit (+18 points of risk),typical gap between visits is now 3.3x longer than their own usual pattern (+16 points of risk),11 visits on record (+11 points of risk),Bounce-back free drink + one-question why-survey,2269.04
M009488,Bronze,Loyal,0.8712917,visiting 60% less often than their own usual pattern (+15 points of risk),a member for 322 days (+13 points of risk),11 visits on record (+10 points of risk),"Tier-up nudge, personalized bundle",2268.85
M017396,Bronze,Hibernating,0.8617721,visiting 69% less often than their own usual pattern (+15 points of risk),14 visits on record (+14 points of risk),61 days since last visit (+13 points of risk),Bounce-back free drink + one-question why-survey,2268.79
M001864,Silver,Hibernating,0.94328105,72 days since last visit (+28 points of risk),visits roughly every 15 days (+12 points of risk),a member for 190 days (+8 points of risk),Bounce-back free drink + one-question why-survey,2268.47
M000743,Silver,Loyal,0.8905992,typical gap between visits is now 2.2x longer than their own usual pattern (+17 points of risk),a member for 359 days (+14 points of risk),11 visits on record (+11 points of risk),"Tier-up nudge, personalized bundle",2267.95
M015284,Bronze,Loyal,0.8329981,typical gap between visits is now 2.3x longer than their own usual pattern (+22 points of risk),17 visits on record (+15 points of risk),a member for 450 days (+12 points of risk),"Tier-up nudge, personalized bundle",2266.9900000000002
M004739,Bronze,Hibernating,0.9279925,62 days since last visit (+20 points of risk),11 visits on record (+11 points of risk),a member for 224 days (+10 points of risk),Bounce-back free drink + one-question why-survey,2266.7
M017634,Bronze,Hibernating,0.8381769,visiting 66% less often than their own usual pattern (+14 points of risk),79 days since last visit (+14 points of risk),15 visits on record (+11 points of risk),Bounce-back free drink + one-question why-survey,2266.61
M018953,Bronze,Loyal,0.83854777,typical gap between visits is now 2.0x longer than their own usual pattern (+17 points of risk),a member for 337 days (+14 points of risk),9 visits on record (+11 points of risk),"Tier-up nudge, personalized bundle",2266.49
M009847,Bronze,Hibernating,0.9933007,typical gap between visits is now 4.6x longer than their own usual pattern (+21 points of risk),75 days since last visit (+14 points of risk),14 visits on record (+10 points of risk),Bounce-back free drink + one-question why-survey,2264.25
M017071,Bronze,Loyal,0.85873914,a member for 299 days (+14 points of risk),visiting 96% less often than their own usual pattern (+13 points of risk),8 visits on record (+9 points of risk),"Tier-up nudge, personalized bundle",2263.0
M004349,Bronze,Hibernating,0.85145915,47 days since last visit (+17 points of risk),12 visits on record (+12 points of risk),a member for 312 days (+11 points of risk),Bounce-back free drink + one-question why-survey,2261.96
M000953,Bronze,Hibernating,0.912992,75 days since last visit (+39 points of risk),a member for 152 days (+7 points of risk),11 visits on record (+7 points of risk),Bounce-back free drink + one-question why-survey,2261.69
M002234,Bronze,Hibernating,0.9801608,66 days since last visit (+17 points of risk),11 visits on record (+11 points of risk),visits roughly every 14 days (+9 points of risk),Bounce-back free drink + one-question why-survey,2259.38
M000647,Bronze,Hibernating,0.976339,83 days since last visit (+16 points of risk),11 visits on record (+12 points of risk),a member for 180 days (+9 points of risk),Bounce-back free drink + one-question why-survey,2259.23
M011777,Bronze,Loyal,0.8050632,visiting 53% less often than their own usual pattern (+13 points of risk),a member for 265 days (+13 points of risk),9 visits on record (+9 points of risk),"Tier-up nudge, personalized bundle",2258.61
M016421,Bronze,Loyal,0.82390267,visiting 65% less often than their own usual pattern (+15 points of risk),a member for 364 days (+13 points of risk),11 visits on record (+11 points of risk),"Tier-up nudge, personalized bundle",2257.59
M000200,Bronze,Hibernating,0.93324935,57 days since last visit (+17 points of risk),visiting 59% less often than their own usual pattern (+13 points of risk),8 visits on record (+9 points of risk),Bounce-back free drink + one-question why-survey,2251.38
M013669,Bronze,Hibernating,0.92095554,typical gap between visits is now 2.1x longer than their own usual pattern (+15 points of risk),69 days since last visit (+15 points of risk),13 visits on record (+12 points of risk),Bounce-back free drink + one-question why-survey,2250.78
M018347,Silver,Loyal,0.7944557,visits roughly every 43 days (+16 points of risk),a member for 304 days (+12 points of risk),8 visits on record (+10 points of risk),"Tier-up nudge, personalized bundle",2249.7799999999997
M010231,Bronze,Hibernating,0.94358504,79 days since last visit (+17 points of risk),visiting 59% less often than their own usual pattern (+11 points of risk),9 visits on record (+10 points of risk),Bounce-back free drink + one-question why-survey,2249.36
M015930,Bronze,Hibernating,0.89213425,83 days since last visit (+20 points of risk),a member for 360 days (+12 points of risk),14 visits on record (+10 points of risk),Bounce-back free drink + one-question why-survey,2247.18
M002198,Bronze,Hibernating,0.7953469,typical gap between visits is now 2.1x longer than their own usual pattern (+15 points of risk),a member for 282 days (+10 points of risk),8 visits on record (+9 points of risk),Bounce-back free drink + one-question why-survey,2246.28
M007641,Bronze,Hibernating,0.9767716,13 visits on record (+13 points of risk),visits roughly every 11 days (+11 points of risk),38 days since last visit (+10 points of risk),Bounce-back free drink + one-question why-survey,2245.07
M016593,Bronze,Hibernating,0.9130079,visiting 58% less often than their own usual pattern (+12 points of risk),a member for 335 days (+12 points of risk),59 days since last visit (+12 points of risk),Bounce-back free drink + one-question why-survey,2243.93
M015208,Silver,Hibernating,0.870527,56 days since last visit (+13 points of risk),a member for 270 days (+12 points of risk),visiting 39% less often than their own usual pattern (+10 points of risk),Bounce-back free drink + one-question why-survey,2240.2200000000003
M018779,Bronze,Hibernating,0.88484204,17 visits on record (+14 points of risk),visits roughly every 10 days (+13 points of risk),37 days since last visit (+11 points of risk),Bounce-back free drink + one-question why-survey,2239.51
M018232,Silver,Champions,0.93140304,typical gap between visits is now 3.7x longer than their own usual pattern (+33 points of risk),22 visits on record (+11 points of risk),a member for 561 days (+10 points of risk),"VIP perks, early access to new drinks, referral ask",2237.88
M011428,Silver,Hibernating,0.90015894,59 days since last visit (+19 points of risk),typical gap between visits is now 2.3x longer than their own usual pattern (+15 points of risk),9 visits on record (+11 points of risk),Bounce-back free drink + one-question why-survey,2237.37
M003806,Bronze,Loyal,0.98243076,typical gap between visits is now 3.8x longer than their own usual pattern (+24 points of risk),13 visits on record (+13 points of risk),visits roughly every 13 days (+8 points of risk),"Tier-up nudge, personalized bundle",2236.69
M008145,Bronze,Hibernating,0.96668476,53 days since last visit (+17 points of risk),visits roughly every 10 days (+11 points of risk),16 visits on record (+10 points of risk),Bounce-back free drink + one-question why-survey,2233.25
M006289,Bronze,Loyal,0.9346877,a member for 390 days (+13 points of risk),visiting 60% less often than their own usual pattern (+12 points of risk),11 visits on record (+12 points of risk),"Tier-up nudge, personalized bundle",2232.98
M010284,Bronze,Loyal,0.97316384,typical gap between visits is now 2.4x longer than their own usual pattern (+14 points of risk),18 visits on record (+12 points of risk),visits roughly every 11 days (+9 points of risk),"Tier-up nudge, personalized bundle",2232.39
M017437,Gold,Loyal,0.9507053,13 visits on record (+14 points of risk),visits roughly every 11 days (+12 points of risk),33 days since last visit (+9 points of risk),"Tier-up nudge, personalized bundle",2230.52
M019981,Bronze,Loyal,0.97090065,13 visits on record (+14 points of risk),32 days since last visit (+10 points of risk),visits roughly every 9 days (+7 points of risk),"Tier-up nudge, personalized bundle",2229.9300000000003
M018868,Bronze,Loyal,0.8814881,visiting 48% less often than their own usual pattern (+14 points of risk),a member for 319 days (+12 points of risk),13 visits on record (+10 points of risk),"Tier-up nudge, personalized bundle",2227.51
M013052,Silver,Hibernating,0.9132518,visiting 85% less often than their own usual pattern (+13 points of risk),52 days since last visit (+12 points of risk),a member for 337 days (+11 points of risk),Bounce-back free drink + one-question why-survey,2224.9
M007539,Silver,Hibernating,0.81980413,12 visits on record (+14 points of risk),73 days since last visit (+14 points of risk),visiting 89% less often than their own usual pattern (+14 points of risk),Bounce-back free drink + one-question why-survey,2224.41
M016971,Gold,Hibernating,0.8122257,typical gap between visits is now 3.3x longer than their own usual pattern (+24 points of risk),16 visits on record (+17 points of risk),40 days since last visit (+10 points of risk),Bounce-back free drink + one-question why-survey,2224.23
M016779,Silver,Hibernating,0.9030427,typical gap between visits is now 2.9x longer than their own usual pattern (+20 points of risk),59 days since last visit (+15 points of risk),16 visits on record (+12 points of risk),Bounce-back free drink + one-question why-survey,2223.6800000000003
M012033,Bronze,Loyal,0.8222795,visiting 91% less often than their own usual pattern (+16 points of risk),a member for 323 days (+13 points of risk),11 visits on record (+10 points of risk),"Tier-up nudge, personalized bundle",2222.23
M014403,Bronze,Hibernating,0.8674148,77 days since last visit (+22 points of risk),a member for 260 days (+10 points of risk),9 visits on record (+8 points of risk),Bounce-back free drink + one-question why-survey,2222.02
M015952,Gold,Hibernating,0.83546114,64 days since last visit (+19 points of risk),a member for 185 days (+10 points of risk),8 visits on record (+9 points of risk),Bounce-back free drink + one-question why-survey,2221.75
M004930,Bronze,Loyal,0.8765379,visits roughly every 14 days (+13 points of risk),12 visits on record (+12 points of risk),a member for 167 days (+9 points of risk),"Tier-up nudge, personalized bundle",2220.74
M014972,Bronze,Loyal,0.95686156,typical gap between visits is now 2.9x longer than their own usual pattern (+21 points of risk),19 visits on record (+14 points of risk),a member for 422 days (+10 points of risk),"Tier-up nudge, personalized bundle",2218.02
M013337,Silver,Loyal,0.8715584,visiting 78% less often than their own usual pattern (+13 points of risk),a member for 303 days (+11 points of risk),9 visits on record (+10 points of risk),"Tier-up nudge, personalized bundle",2217.89
M000627,Bronze,Hibernating,0.8527946,visiting 76% less often than their own usual pattern (+15 points of risk),17 visits on record (+11 points of risk),a member for 579 days (+10 points of risk),Bounce-back free drink + one-question why-survey,2216.58
M009550,Silver,Loyal,0.8932901,visiting 75% less often than their own usual pattern (+17 points of risk),a member for 264 days (+12 points of risk),13 visits on record (+10 points of risk),"Tier-up nudge, personalized bundle",2216.55
M016052,Bronze,Hibernating,0.83634657,62 days since last visit (+13 points of risk),a member for 255 days (+11 points of risk),visiting 38% less often than their own usual pattern (+9 points of risk),Bounce-back free drink + one-question why-survey,2215.29
M011982,Silver,Loyal,0.7940831,11 visits on record (+15 points of risk),visiting 55% less often than their own usual pattern (+12 points of risk),visits roughly every 10 days (+10 points of risk),"Tier-up nudge, personalized bundle",2213.57
M004708,Bronze,Hibernating,0.9039009,49 days since last visit (+17 points of risk),14 visits on record (+13 points of risk),visiting 42% less often than their own usual pattern (+11 points of risk),Bounce-back free drink + one-question why-survey,2210.99
M018461,Silver,Hibernating,0.953052,typical gap between visits is now 2.9x longer than their own usual pattern (+21 points of risk),60 days since last visit (+17 points of risk),24 visits on record (+14 points of risk),Bounce-back free drink + one-question why-survey,2210.61
M005582,Bronze,Loyal,0.81480753,visiting 60% less often than their own usual pattern (+19 points of risk),11 visits on record (+11 points of risk),a member for 296 days (+11 points of risk),"Tier-up nudge, personalized bundle",2210.15
M015280,Silver,Hibernating,0.96518075,77 days since last visit (+18 points of risk),typical gap between visits is now 2.9x longer than their own usual pattern (+16 points of risk),17 visits on record (+13 points of risk),Bounce-back free drink + one-question why-survey,2209.68
M005599,Silver,Loyal,0.8254129,12 visits on record (+15 points of risk),visiting 81% less often than their own usual pattern (+14 points of risk),visits roughly every 11 days (+11 points of risk),"Tier-up nudge, personalized bundle",2208.28
M010872,Bronze,Hibernating,0.9838254,typical gap between visits is now 4.3x longer than their own usual pattern (+22 points of risk),62 days since last visit (+14 points of risk),14 visits on record (+12 points of risk),Bounce-back free drink + one-question why-survey,2207.91
M018876,Bronze,Hibernating,0.8612481,85 days since last visit (+14 points of risk),visiting 51% less often than their own usual pattern (+11 points of risk),16 visits on record (+11 points of risk),Bounce-back free drink + one-question why-survey,2206.42
M004725,Silver,Loyal,0.835835,visiting 96% less often than their own usual pattern (+15 points of risk),a member for 348 days (+13 points of risk),11 visits on record (+11 points of risk),"Tier-up nudge, personalized bundle",2203.42
M007142,Bronze,Hibernating,0.97914815,88 days since last visit (+14 points of risk),14 visits on record (+11 points of risk),visits roughly every 11 days (+10 points of risk),Bounce-back free drink + one-question why-survey,2202.66
M002619,Bronze,Hibernating,0.8681421,visiting 80% less often than their own usual pattern (+14 points of risk),47 days since last visit (+13 points of risk),a member for 256 days (+11 points of risk),Bounce-back free drink + one-question why-survey,2200.57
M006149,Bronze,Hibernating,0.8715425,86 days since last visit (+15 points of risk),a member for 352 days (+13 points of risk),visiting 44% less often than their own usual pattern (+8 points of risk),Bounce-back free drink + one-question why-survey,2199.5699999999997
M007066,Silver,Hibernating,0.896073,typical gap between visits is now 2.3x longer than their own usual pattern (+13 points of risk),a member for 347 days (+13 points of risk),66 days since last visit (+12 points of risk),Bounce-back free drink + one-question why-survey,2194.97
M019745,Bronze,Loyal,0.8199545,visiting 77% less often than their own usual pattern (+19 points of risk),11 visits on record (+12 points of risk),a member for 223 days (+8 points of risk),"Tier-up nudge, personalized bundle",2194.58
M012742,Bronze,Hibernating,0.9560862,69 days since last visit (+17 points of risk),visiting 84% less often than their own usual pattern (+12 points of risk),13 visits on record (+10 points of risk),Bounce-back free drink + one-question why-survey,2191.66
M008920,Silver,Hibernating,0.94637036,67 days since last visit (+15 points of risk),visiting 82% less often than their own usual pattern (+13 points of risk),a member for 390 days (+12 points of risk),Bounce-back free drink + one-question why-survey,2191.27
M018589,Silver,Hibernating,0.9945093,typical gap between visits is now 5.3x longer than their own usual pattern (+18 points of risk),56 days since last visit (+14 points of risk),17 visits on record (+11 points of risk),Bounce-back free drink + one-question why-survey,2184.46
M003611,Silver,Loyal,0.8043008,visiting 80% less often than their own usual pattern (+18 points of risk),11 visits on record (+11 points of risk),a member for 209 days (+8 points of risk),"Tier-up nudge, personalized bundle",2184.29
M018865,Bronze,Loyal,0.95550984,typical gap between visits is now 4.4x longer than their own usual pattern (+32 points of risk),11 visits on record (+12 points of risk),a member for 260 days (+10 points of risk),"Tier-up nudge, personalized bundle",2182.03
M016616,Bronze,Hibernating,0.98988324,79 days since last visit (+19 points of risk),15 visits on record (+11 points of risk),visits roughly every 13 days (+8 points of risk),Bounce-back free drink + one-question why-survey,2179.98
M007920,Silver,Loyal,0.9013291,13 visits on record (+16 points of risk),30 days since last visit (+11 points of risk),visits down 75% in the last 30 days vs. the 30 before (+8 points of risk),"Tier-up nudge, personalized bundle",2179.07
M002600,Gold,Hibernating,0.93714666,51 days since last visit (+20 points of risk),12 visits on record (+12 points of risk),visits roughly every 15 days (+10 points of risk),Bounce-back free drink + one-question why-survey,2178.7
M011110,Bronze,Loyal,0.9201195,visits roughly every 11 days (+14 points of risk),17 visits on record (+11 points of risk),a member for 205 days (+8 points of risk),"Tier-up nudge, personalized bundle",2176.56
M003304,Bronze,Loyal,0.9295352,visiting 85% less often than their own usual pattern (+14 points of risk),13 visits on record (+13 points of risk),visits roughly every 13 days (+10 points of risk),"Tier-up nudge, personalized bundle",2176.34
M013054,Silver,Hibernating,0.9694175,48 days since last visit (+20 points of risk),12 visits on record (+12 points of risk),visits roughly every 9 days (+6 points of risk),Bounce-back free drink + one-question why-survey,2175.31
M001745,Bronze,Hibernating,0.9639305,65 days since last visit (+25 points of risk),visits roughly every 11 days (+15 points of risk),a member for 180 days (+8 points of risk),Bounce-back free drink + one-question why-survey,2174.04
M018479,Bronze,Loyal,0.9693448,13 visits on record (+12 points of risk),visits roughly every 12 days (+11 points of risk),visiting 59% less often than their own usual pattern (+10 points of risk),"Tier-up nudge, personalized bundle",2173.52
M003869,Bronze,Loyal,0.9001797,14 visits on record (+13 points of risk),visiting 50% less often than their own usual pattern (+11 points of risk),a member for 242 days (+6 points of risk),"Tier-up nudge, personalized bundle",2172.76
M005321,Bronze,Loyal,0.83437353,visiting 59% less often than their own usual pattern (+16 points of risk),11 visits on record (+13 points of risk),a member for 165 days (+10 points of risk),"Tier-up nudge, personalized bundle",2172.14
M005481,Bronze,Hibernating,0.9809956,58 days since last visit (+16 points of risk),12 visits on record (+13 points of risk),visits roughly every 10 days (+9 points of risk),Bounce-back free drink + one-question why-survey,2171.63
M001429,Bronze,Loyal,0.8488724,visiting 81% less often than their own usual pattern (+18 points of risk),9 visits on record (+11 points of risk),a member for 166 days (+8 points of risk),"Tier-up nudge, personalized bundle",2170.93
M009255,Silver,Hibernating,0.82448846,visiting 71% less often than their own usual pattern (+15 points of risk),14 visits on record (+14 points of risk),47 days since last visit (+11 points of risk),Bounce-back free drink + one-question why-survey,2170.37
M013175,Silver,Loyal,0.8032363,10 visits on record (+12 points of risk),visiting 41% less often than their own usual pattern (+10 points of risk),a member for 209 days (+7 points of risk),"Tier-up nudge, personalized bundle",2165.65
M009594,Bronze,Loyal,0.89606017,visiting 93% less often than their own usual pattern (+19 points of risk),a member for 272 days (+12 points of risk),11 visits on record (+11 points of risk),"Tier-up nudge, personalized bundle",2165.1
M006281,Bronze,Hibernating,0.9780929,61 days since last visit (+17 points of risk),visits roughly every 13 days (+13 points of risk),10 visits on record (+9 points of risk),Bounce-back free drink + one-question why-survey,2163.95
M006584,Bronze,Loyal,0.80253196,visiting 70% less often than their own usual pattern (+18 points of risk),11 visits on record (+12 points of risk),a member for 187 days (+10 points of risk),"Tier-up nudge, personalized bundle",2163.37
M006395,Gold,Loyal,0.91562015,a member for 346 days (+15 points of risk),visits roughly every 38 days (+10 points of risk),visiting 37% less often than their own usual pattern (+10 points of risk),"Tier-up nudge, personalized bundle",2163.04
M014237,Bronze,Loyal,0.8053125,12 visits on record (+13 points of risk),visiting 38% less often than their own usual pattern (+10 points of risk),a member for 302 days (+8 points of risk),"Tier-up nudge, personalized bundle",2162.58
M017293,Gold,Hibernating,0.8305301,84 days since last visit (+25 points of risk),visiting 64% less often than their own usual pattern (+11 points of risk),a member for 216 days (+9 points of risk),Bounce-back free drink + one-question why-survey,2161.7
M011633,Silver,Hibernating,0.84663886,81 days since last visit (+15 points of risk),visiting 49% less often than their own usual pattern (+13 points of risk),16 visits on record (+12 points of risk),Bounce-back free drink + one-question why-survey,2161.56
M012873,Silver,Loyal,0.88257295,11 visits on record (+14 points of risk),visits roughly every 12 days (+12 points of risk),visiting 99% less often than their own usual pattern (+11 points of risk),"Tier-up nudge, personalized bundle",2159.56
M014395,Silver,Loyal,0.8100921,visits roughly every 10 days (+15 points of risk),12 visits on record (+14 points of risk),visits down 50% in the last 30 days vs. the 30 before (+9 points of risk),"Tier-up nudge, personalized bundle",2157.74
M016136,Bronze,Hibernating,0.80911505,a member for 392 days (+13 points of risk),62 days since last visit (+12 points of risk),11 visits on record (+11 points of risk),Bounce-back free drink + one-question why-survey,2157.5099999999998
M000093,Bronze,Hibernating,0.9422732,64 days since last visit (+15 points of risk),visiting 81% less often than their own usual pattern (+13 points of risk),10 visits on record (+11 points of risk),Bounce-back free drink + one-question why-survey,2156.08
M019852,Gold,Hibernating,0.952297,86 days since last visit (+24 points of risk),11 visits on record (+13 points of risk),a member for 163 days (+9 points of risk),Bounce-back free drink + one-question why-survey,2156.07
M002013,Bronze,Hibernating,0.92251533,15 visits on record (+12 points of risk),visiting 79% less often than their own usual pattern (+12 points of risk),40 days since last visit (+10 points of risk),Bounce-back free drink + one-question why-survey,2155.43
M003659,Bronze,Loyal,0.9356484,visits roughly every 4 days (+21 points of risk),visits down 70% in the last 30 days vs. the 30 before (+15 points of risk),24 days since last visit (+7 points of risk),"Tier-up nudge, personalized bundle",2154.39
M013079,Bronze,Loyal,0.8655565,typical gap between visits is now 3.2x longer than their own usual pattern (+17 points of risk),11 visits on record (+15 points of risk),visits roughly every 12 days (+10 points of risk),"Tier-up nudge, personalized bundle",2154.08
M003644,Gold,Hibernating,0.87285346,a member for 349 days (+18 points of risk),71 days since last visit (+15 points of risk),visiting 65% less often than their own usual pattern (+9 points of risk),Bounce-back free drink + one-question why-survey,2152.7
M013228,Bronze,Loyal,0.8591704,visiting 85% less often than their own usual pattern (+16 points of risk),15 visits on record (+16 points of risk),a member for 388 days (+14 points of risk),"Tier-up nudge, personalized bundle",2151.12
M013272,Silver,Loyal,0.831221,a member for 619 days (+17 points of risk),14 visits on record (+14 points of risk),visiting 73% less often than their own usual pattern (+14 points of risk),"Tier-up nudge, personalized bundle",2150.11
M002323,Bronze,Hibernating,0.8963773,56 days since last visit (+15 points of risk),visiting 76% less often than their own usual pattern (+14 points of risk),a member for 333 days (+13 points of risk),Bounce-back free drink + one-question why-survey,2147.54
M003152,Bronze,Hibernating,0.8920284,12 visits on record (+13 points of risk),visiting 53% less often than their own usual pattern (+11 points of risk),41 days since last visit (+10 points of risk),Bounce-back free drink + one-question why-survey,2146.89
M017472,Bronze,Loyal,0.7962755,visits roughly every 14 days (+18 points of risk),visits down 50% in the last 30 days vs. the 30 before (+9 points of risk),10 visits on record (+8 points of risk),"Tier-up nudge, personalized bundle",2144.28
M005400,Silver,Hibernating,0.93437254,70 days since last visit (+22 points of risk),14 visits on record (+11 points of risk),visits roughly every 15 days (+9 points of risk),Bounce-back free drink + one-question why-survey,2143.63
M015246,Bronze,Loyal,0.85267943,visiting 36% less often than their own usual pattern (+15 points of risk),a member for 278 days (+12 points of risk),13 visits on record (+11 points of risk),"Tier-up nudge, personalized bundle",2140.04
M002120,Silver,Hibernating,0.79763466,a member for 357 days (+10 points of risk),visiting 46% less often than their own usual pattern (+8 points of risk),8 visits on record (+8 points of risk),Bounce-back free drink + one-question why-survey,2139.99
M008969,Bronze,Hibernating,0.9300375,50 days since last visit (+17 points of risk),13 visits on record (+13 points of risk),visiting 55% less often than their own usual pattern (+12 points of risk),Bounce-back free drink + one-question why-survey,2136.61
M008707,Bronze,Hibernating,0.86283696,54 days since last visit (+12 points of risk),a member for 360 days (+12 points of risk),11 visits on record (+11 points of risk),Bounce-back free drink + one-question why-survey,2136.36
M016967,Silver,Hibernating,0.8560183,57 days since last visit (+12 points of risk),12 visits on record (+12 points of risk),a member for 385 days (+11 points of risk),Bounce-back free drink + one-question why-survey,2135.6
M015722,Bronze,Hibernating,0.85421765,58 days since last visit (+16 points of risk),visiting 78% less often than their own usual pattern (+15 points of risk),15 visits on record (+13 points of risk),Bounce-back free drink + one-question why-survey,2134.9
M016731,Bronze,Hibernating,0.92341036,66 days since last visit (+17 points of risk),13 visits on record (+11 points of risk),a member for 309 days (+11 points of risk),Bounce-back free drink + one-question why-survey,2132.69
M015270,Silver,Loyal,0.83407485,visiting 46% less often than their own usual pattern (+15 points of risk),a member for 307 days (+12 points of risk),14 visits on record (+10 points of risk),"Tier-up nudge, personalized bundle",2130.79
M003478,Bronze,Hibernating,0.91387576,62 days since last visit (+30 points of risk),visits roughly every 13 days (+18 points of risk),13 visits on record (+8 points of risk),Bounce-back free drink + one-question why-survey,2129.77
M017728,Silver,Hibernating,0.944421,visiting 60% less often than their own usual pattern (+13 points of risk),47 days since last visit (+13 points of risk),9 visits on record (+11 points of risk),Bounce-back free drink + one-question why-survey,2128.02
M006457,Gold,Loyal,0.8288259,visiting 88% less often than their own usual pattern (+18 points of risk),a member for 367 days (+14 points of risk),13 visits on record (+12 points of risk),"Tier-up nudge, personalized bundle",2126.6
M011108,Silver,Hibernating,0.81647,11 visits on record (+14 points of risk),visiting 79% less often than their own usual pattern (+12 points of risk),a member for 396 days (+11 points of risk),Bounce-back free drink + one-question why-survey,2126.3
M014537,Bronze,Loyal,0.8577423,13 visits on record (+16 points of risk),visiting 41% less often than their own usual pattern (+10 points of risk),visits down 50% in the last 30 days vs. the 30 before (+8 points of risk),"Tier-up nudge, personalized bundle",2125.65
M006173,Bronze,Loyal,0.80728364,a member for 340 days (+11 points of risk),11 visits on record (+9 points of risk),visits roughly every 33 days (+8 points of risk),"Tier-up nudge, personalized bundle",2125.6400000000003
M015773,Silver,Loyal,0.8074452,visiting 42% less often than their own usual pattern (+14 points of risk),a member for 195 days (+8 points of risk),8 visits on record (+8 points of risk),"Tier-up nudge, personalized bundle",2124.68
M014204,Bronze,Loyal,0.8072482,13 visits on record (+13 points of risk),visiting 38% less often than their own usual pattern (+12 points of risk),a member for 284 days (+10 points of risk),"Tier-up nudge, personalized bundle",2124.08
M015095,Bronze,Hibernating,0.9720997,visits roughly every 13 days (+14 points of risk),11 visits on record (+12 points of risk),39 days since last visit (+11 points of risk),Bounce-back free drink + one-question why-survey,2123.7200000000003
M017123,Bronze,Loyal,0.8537879,typical gap between visits is now 2.1x longer than their own usual pattern (+20 points of risk),a member for 269 days (+12 points of risk),11 visits on record (+11 points of risk),"Tier-up nudge, personalized bundle",2123.71
M012594,Bronze,Loyal,0.82529086,visits roughly every 52 days (+20 points of risk),a member for 371 days (+12 points of risk),8 visits on record (+7 points of risk),"Tier-up nudge, personalized bundle",2123.34
M011452,Bronze,Hibernating,0.8902815,40 days since last visit (+12 points of risk),10 visits on record (+12 points of risk),visiting 48% less often than their own usual pattern (+10 points of risk),Bounce-back free drink + one-question why-survey,2120.79
M009172,Bronze,Loyal,0.8818844,typical gap between visits is now 3.0x longer than their own usual pattern (+19 points of risk),11 visits on record (+12 points of risk),a member for 308 days (+11 points of risk),"Tier-up nudge, personalized bundle",2120.54
M012733,Silver,Hibernating,0.8363351,87 days since last visit (+14 points of risk),a member for 390 days (+13 points of risk),12 visits on record (+9 points of risk),Bounce-back free drink + one-question why-survey,2120.45
M013071,Silver,Hibernating,0.9187667,76 days since last visit (+15 points of risk),a member for 408 days (+12 points of risk),visiting 73% less often than their own usual pattern (+12 points of risk),Bounce-back free drink + one-question why-survey,2120.17
M016344,Bronze,Loyal,0.80872935,a member for 351 days (+14 points of risk),visiting 51% less often than their own usual pattern (+12 points of risk),11 visits on record (+11 points of risk),"Tier-up nudge, personalized bundle",2119.66
M009390,Silver,Hibernating,0.9866969,typical gap between visits is now 4.0x longer than their own usual pattern (+22 points of risk),75 days since last visit (+15 points of risk),15 visits on record (+11 points of risk),Bounce-back free drink + one-question why-survey,2118.8
M015092,Bronze,Hibernating,0.9332587,85 days since last visit (+16 points of risk),typical gap between visits is now 2.1x longer than their own usual pattern (+12 points of risk),a member for 379 days (+12 points of risk),Bounce-back free drink + one-question why-survey,2114.8
M000958,Bronze,Hibernating,0.96520996,51 days since last visit (+19 points of risk),visits roughly every 5 days (+17 points of risk),visits down 75% in the last 30 days vs. the 30 before (+6 points of risk),Bounce-back free drink + one-question why-survey,2110.76
M019349,Bronze,Hibernating,0.9571159,57 days since last visit (+17 points of risk),13 visits on record (+12 points of risk),visits roughly every 15 days (+9 points of risk),Bounce-back free drink + one-question why-survey,2107.82
M019048,Bronze,Loyal,0.8258292,visiting 86% less often than their own usual pattern (+16 points of risk),a member for 257 days (+14 points of risk),10 visits on record (+9 points of risk),"Tier-up nudge, personalized bundle",2107.05
M000831,Bronze,Loyal,0.9666941,a member for 364 days (+14 points of risk),visiting 93% less often than their own usual pattern (+10 points of risk),visits roughly every 40 days (+10 points of risk),"Tier-up nudge, personalized bundle",2105.61
M009725,Bronze,Hibernating,0.98533416,61 days since last visit (+18 points of risk),15 visits on record (+12 points of risk),a member for 184 days (+8 points of risk),Bounce-back free drink + one-question why-survey,2104.71
M001907,Silver,Loyal,0.87980527,visiting 88% less often than their own usual pattern (+16 points of risk),a member for 251 days (+13 points of risk),10 visits on record (+9 points of risk),"Tier-up nudge, personalized bundle",2101.92
M018999,Bronze,Loyal,0.9755088,visits roughly every 47 days (+15 points of risk),a member for 518 days (+15 points of risk),12 visits on record (+11 points of risk),"Tier-up nudge, personalized bundle",2101.91
M002030,Bronze,Loyal,0.9359211,typical gap between visits is now 2.8x longer than their own usual pattern (+14 points of risk),16 visits on record (+12 points of risk),a member for 152 days (+8 points of risk),"Tier-up nudge, personalized bundle",2100.54
M003760,Bronze,Hibernating,0.9662199,46 days since last visit (+16 points of risk),12 visits on record (+11 points of risk),visits roughly every 14 days (+11 points of risk),Bounce-back free drink + one-question why-survey,2095.97
M001988,Silver,Hibernating,0.93818146,typical gap between visits is now 2.1x longer than their own usual pattern (+16 points of risk),58 days since last visit (+15 points of risk),13 visits on record (+14 points of risk),Bounce-back free drink + one-question why-survey,2094.35
M000972,Bronze,Loyal,0.84232205,visiting 85% less often than their own usual pattern (+15 points of risk),a member for 305 days (+12 points of risk),10 visits on record (+10 points of risk),"Tier-up nudge, personalized bundle",2092.31
M001696,Bronze,Loyal,0.86126685,typical gap between visits is now 2.2x longer than their own usual pattern (+18 points of risk),a member for 286 days (+12 points of risk),9 visits on record (+10 points of risk),"Tier-up nudge, personalized bundle",2090.84
M016699,Bronze,Loyal,0.8570434,13 visits on record (+12 points of risk),a member for 160 days (+10 points of risk),visits roughly every 13 days (+10 points of risk),"Tier-up nudge, personalized bundle",2090.77
M010396,Bronze,Hibernating,0.94732547,56 days since last visit (+20 points of risk),18 visits on record (+13 points of risk),visiting 75% less often than their own usual pattern (+12 points of risk),Bounce-back free drink + one-question why-survey,2090.59
M011130,Silver,Hibernating,0.9253914,visits roughly every 12 days (+17 points of risk),89 days since last visit (+12 points of risk),a member for 183 days (+9 points of risk),Bounce-back free drink + one-question why-survey,2090.3
M000389,Silver,Hibernating,0.85024655,visiting 58% less often than their own usual pattern (+16 points of risk),21 visits on record (+14 points of risk),89 days since last visit (+8 points of risk),Bounce-back free drink + one-question why-survey,2089.97
M013235,Silver,Loyal,0.8947719,10 visits on record (+14 points of risk),visits down 50% in the last 30 days vs. the 30 before (+9 points of risk),visiting 36% less often than their own usual pattern (+8 points of risk),"Tier-up nudge, personalized bundle",2089.17
M000988,Bronze,Hibernating,0.88727015,61 days since last visit (+14 points of risk),visiting 76% less often than their own usual pattern (+14 points of risk),a member for 300 days (+11 points of risk),Bounce-back free drink + one-question why-survey,2088.6
M017899,Silver,Hibernating,0.91284955,49 days since last visit (+17 points of risk),12 visits on record (+13 points of risk),visiting 56% less often than their own usual pattern (+12 points of risk),Bounce-back free drink + one-question why-survey,2087.87
M010672,Bronze,Hibernating,0.97896737,12 visits on record (+12 points of risk),44 days since last visit (+12 points of risk),visits roughly every 11 days (+10 points of risk),Bounce-back free drink + one-question why-survey,2087.2
M005672,Silver,Loyal,0.94253165,12 visits on record (+15 points of risk),31 days since last visit (+11 points of risk),visits roughly every 9 days (+9 points of risk),"Tier-up nudge, personalized bundle",2083.97
M017249,Bronze,Loyal,0.95733994,16 visits on record (+13 points of risk),visiting 58% less often than their own usual pattern (+12 points of risk),visits roughly every 10 days (+10 points of risk),"Tier-up nudge, personalized bundle",2083.23
M005445,Bronze,Loyal,0.92021763,typical gap between visits is now 2.7x longer than their own usual pattern (+16 points of risk),a member for 317 days (+13 points of risk),11 visits on record (+10 points of risk),"Tier-up nudge, personalized bundle",2081.31
M002997,Bronze,Hibernating,0.9684258,89 days since last visit (+17 points of risk),visits roughly every 11 days (+15 points of risk),11 visits on record (+8 points of risk),Bounce-back free drink + one-question why-survey,2080.25
M006262,Silver,Hibernating,0.9372007,52 days since last visit (+11 points of risk),a member for 369 days (+11 points of risk),visiting 70% less often than their own usual pattern (+10 points of risk),Bounce-back free drink + one-question why-survey,2079.77
M010536,Silver,Hibernating,0.963063,56 days since last visit (+17 points of risk),visits roughly every 12 days (+13 points of risk),11 visits on record (+12 points of risk),Bounce-back free drink + one-question why-survey,2079.17
M012469,Bronze,Hibernating,0.95283914,visits roughly every 3 days (+20 points of risk),51 days since last visit (+12 points of risk),18 visits on record (+12 points of risk),Bounce-back free drink + one-question why-survey,2079.06
M015427,Bronze,Loyal,0.89660454,visiting 72% less often than their own usual pattern (+16 points of risk),a member for 326 days (+13 points of risk),12 visits on record (+9 points of risk),"Tier-up nudge, personalized bundle",2078.1400000000003
M012229,Bronze,Hibernating,0.97875357,11 visits on record (+12 points of risk),visits roughly every 11 days (+10 points of risk),41 days since last visit (+10 points of risk),Bounce-back free drink + one-question why-survey,2075.09
M008818,Bronze,Hibernating,0.88014084,visiting 51% less often than their own usual pattern (+13 points of risk),11 visits on record (+13 points of risk),36 days since last visit (+6 points of risk),Bounce-back free drink + one-question why-survey,2074.14
M010489,Silver,Loyal,0.8690234,11 visits on record (+15 points of risk),visits roughly every 11 days (+13 points of risk),visiting 53% less often than their own usual pattern (+11 points of risk),"Tier-up nudge, personalized bundle",2074.02
M004678,Bronze,Hibernating,0.9198018,49 days since last visit (+12 points of risk),a member for 320 days (+11 points of risk),visiting 67% less often than their own usual pattern (+11 points of risk),Bounce-back free drink + one-question why-survey,2070.4300000000003
M013040,Silver,Loyal,0.87297356,9 visits on record (+13 points of risk),visits roughly every 14 days (+12 points of risk),32 days since last visit (+8 points of risk),"Tier-up nudge, personalized bundle",2069.43
M005110,Bronze,Hibernating,0.8157803,87 days since last visit (+16 points of risk),a member for 410 days (+13 points of risk),14 visits on record (+11 points of risk),Bounce-back free drink + one-question why-survey,2064.7599999999998
M005434,Bronze,Loyal,0.9606271,a member for 323 days (+14 points of risk),visits roughly every 45 days (+13 points of risk),visiting 63% less often than their own usual pattern (+11 points of risk),"Tier-up nudge, personalized bundle",2064.33
M009426,Bronze,Hibernating,0.91641396,52 days since last visit (+13 points of risk),12 visits on record (+13 points of risk),visiting 79% less often than their own usual pattern (+12 points of risk),Bounce-back free drink + one-question why-survey,2064.04
M008786,Silver,Loyal,0.8929989,a member for 411 days (+16 points of risk),10 visits on record (+10 points of risk),typical gap between visits is now 3.6x longer than their own usual pattern (+9 points of risk),"Tier-up nudge, personalized bundle",2062.9
M009120,Bronze,Hibernating,0.96750265,visits roughly every 11 days (+13 points of risk),38 days since last visit (+12 points of risk),13 visits on record (+11 points of risk),Bounce-back free drink + one-question why-survey,2062.07
M008169,Bronze,Loyal,0.884083,visiting 65% less often than their own usual pattern (+16 points of risk),a member for 334 days (+15 points of risk),12 visits on record (+9 points of risk),"Tier-up nudge, personalized bundle",2061.85
M018159,Silver,Loyal,0.8116281,visiting 89% less often than their own usual pattern (+17 points of risk),9 visits on record (+10 points of risk),a member for 215 days (+8 points of risk),"Tier-up nudge, personalized bundle",2060.94
M019427,Bronze,Loyal,0.9249313,visiting 77% less often than their own usual pattern (+15 points of risk),a member for 366 days (+14 points of risk),14 visits on record (+9 points of risk),"Tier-up nudge, personalized bundle",2059.26
M018168,Silver,Hibernating,0.8762955,69 days since last visit (+13 points of risk),a member for 312 days (+12 points of risk),visiting 56% less often than their own usual pattern (+9 points of risk),Bounce-back free drink + one-question why-survey,2057.63
M009821,Bronze,Hibernating,0.98039377,78 days since last visit (+18 points of risk),15 visits on record (+11 points of risk),visits roughly every 10 days (+8 points of risk),Bounce-back free drink + one-question why-survey,2056.53
M010119,Bronze,Loyal,0.8730235,11 visits on record (+14 points of risk),a member for 192 days (+8 points of risk),32 days since last visit (+7 points of risk),"Tier-up nudge, personalized bundle",2056.49
M007118,Bronze,Loyal,0.8977055,12 visits on record (+14 points of risk),visiting 81% less often than their own usual pattern (+13 points of risk),visits roughly every 10 days (+10 points of risk),"Tier-up nudge, personalized bundle",2055.81
M007382,Bronze,Loyal,0.8459197,visiting 76% less often than their own usual pattern (+17 points of risk),14 visits on record (+11 points of risk),a member for 265 days (+11 points of risk),"Tier-up nudge, personalized bundle",2054.69
M017886,Silver,Loyal,0.9188173,12 visits on record (+13 points of risk),visits roughly every 11 days (+12 points of risk),visiting 56% less often than their own usual pattern (+11 points of risk),"Tier-up nudge, personalized bundle",2054.29
M011098,Bronze,Loyal,0.81871074,a member for 297 days (+10 points of risk),visits roughly every 37 days (+9 points of risk),9 visits on record (+7 points of risk),"Tier-up nudge, personalized bundle",2054.13
M016203,Silver,Hibernating,0.94411445,42 days since last visit (+13 points of risk),9 visits on record (+12 points of risk),visits roughly every 11 days (+12 points of risk),Bounce-back free drink + one-question why-survey,2053.2
M001034,Bronze,Loyal,0.95029217,14 visits on record (+14 points of risk),visits roughly every 10 days (+11 points of risk),a member for 163 days (+8 points of risk),"Tier-up nudge, personalized bundle",2053.16
M010564,Silver,Hibernating,0.97315955,59 days since last visit (+16 points of risk),11 visits on record (+11 points of risk),visits roughly every 14 days (+10 points of risk),Bounce-back free drink + one-question why-survey,2050.81
M012519,Silver,Hibernating,0.9494343,50 days since last visit (+23 points of risk),visits roughly every 16 days (+10 points of risk),12 visits on record (+9 points of risk),Bounce-back free drink + one-question why-survey,2050.27
M005229,Bronze,Loyal,0.8498313,10 visits on record (+11 points of risk),visiting 41% less often than their own usual pattern (+11 points of risk),a member for 173 days (+8 points of risk),"Tier-up nudge, personalized bundle",2047.74
M012524,Silver,Loyal,0.81036043,visits roughly every 12 days (+14 points of risk),11 visits on record (+13 points of risk),visits down 50% in the last 30 days vs. the 30 before (+9 points of risk),"Tier-up nudge, personalized bundle",2046.84
M008793,Silver,Loyal,0.8046782,visiting 65% less often than their own usual pattern (+17 points of risk),8 visits on record (+9 points of risk),a member for 162 days (+8 points of risk),"Tier-up nudge, personalized bundle",2045.57
M012807,Bronze,Loyal,0.8793115,15 visits on record (+14 points of risk),visiting 47% less often than their own usual pattern (+11 points of risk),28 days since last visit (+9 points of risk),"Tier-up nudge, personalized bundle",2043.8
M005888,Bronze,Hibernating,0.98480034,66 days since last visit (+17 points of risk),13 visits on record (+12 points of risk),a member for 185 days (+8 points of risk),Bounce-back free drink + one-question why-survey,2042.73
M005801,Bronze,Loyal,0.85543805,a member for 424 days (+15 points of risk),visiting 83% less often than their own usual pattern (+13 points of risk),12 visits on record (+11 points of risk),"Tier-up nudge, personalized bundle",2042.71
M017730,Bronze,Loyal,0.91403776,visits roughly every 10 days (+14 points of risk),10 visits on record (+11 points of risk),28 days since last visit (+8 points of risk),"Tier-up nudge, personalized bundle",2041.79
M004602,Silver,Hibernating,0.9393361,visits roughly every 12 days (+22 points of risk),35 days since last visit (+12 points of risk),visits down 67% in the last 30 days vs. the 30 before (+9 points of risk),Bounce-back free drink + one-question why-survey,2040.8799999999999
M016085,Bronze,Hibernating,0.9742183,visits roughly every 12 days (+17 points of risk),39 days since last visit (+13 points of risk),visits down 67% in the last 30 days vs. the 30 before (+8 points of risk),Bounce-back free drink + one-question why-survey,2036.6100000000001
M001982,Silver,Hibernating,0.80915534,87 days since last visit (+17 points of risk),a member for 246 days (+11 points of risk),10 visits on record (+10 points of risk),Bounce-back free drink + one-question why-survey,2035.85
M000973,Bronze,Hibernating,0.9674562,65 days since last visit (+22 points of risk),17 visits on record (+12 points of risk),visiting 85% less often than their own usual pattern (+10 points of risk),Bounce-back free drink + one-question why-survey,2034.76
M019768,Silver,Hibernating,0.94750506,81 days since last visit (+17 points of risk),visiting 55% less often than their own usual pattern (+11 points of risk),a member for 310 days (+10 points of risk),Bounce-back free drink + one-question why-survey,2034.59
M010522,Silver,Loyal,0.8172695,visits roughly every 47 days (+15 points of risk),a member for 340 days (+13 points of risk),8 visits on record (+9 points of risk),"Tier-up nudge, personalized bundle",2034.54
M016248,Bronze,Hibernating,0.9941369,typical gap between visits is now 4.5x longer than their own usual pattern (+20 points of risk),75 days since last visit (+14 points of risk),15 visits on record (+9 points of risk),Bounce-back free drink + one-question why-survey,2033.29
M000871,Bronze,Hibernating,0.9908907,66 days since last visit (+17 points of risk),12 visits on record (+12 points of risk),visits roughly every 11 days (+9 points of risk),Bounce-back free drink + one-question why-survey,2029.8
M014854,Bronze,Loyal,0.82989484,visiting 64% less often than their own usual pattern (+16 points of risk),a member for 233 days (+9 points of risk),9 visits on record (+9 points of risk),"Tier-up nudge, personalized bundle",2029.78
M017991,Bronze,Loyal,0.8436504,12 visits on record (+13 points of risk),visiting 42% less often than their own usual pattern (+11 points of risk),a member for 254 days (+9 points of risk),"Tier-up nudge, personalized bundle",2027.72
M007689,Bronze,Loyal,0.9412535,visits roughly every 14 days (+15 points of risk),13 visits on record (+13 points of risk),34 days since last visit (+10 points of risk),"Tier-up nudge, personalized bundle",2027.6
M000173,Silver,Loyal,0.8226165,12 visits on record (+15 points of risk),a member for 381 days (+13 points of risk),visiting 96% less often than their own usual pattern (+13 points of risk),"Tier-up nudge, personalized bundle",2027.55
M010802,Bronze,Loyal,0.84279513,visiting 90% less often than their own usual pattern (+17 points of risk),a member for 353 days (+13 points of risk),12 visits on record (+9 points of risk),"Tier-up nudge, personalized bundle",2027.06
M004273,Bronze,Hibernating,0.9918326,57 days since last visit (+15 points of risk),13 visits on record (+12 points of risk),visits roughly every 13 days (+10 points of risk),Bounce-back free drink + one-question why-survey,2025.3
M009145,Bronze,Loyal,0.92609006,typical gap between visits is now 4.0x longer than their own usual pattern (+32 points of risk),10 visits on record (+10 points of risk),a member for 199 days (+9 points of risk),"Tier-up nudge, personalized bundle",2024.94
M008847,Bronze,Loyal,0.95850843,visits roughly every 13 days (+14 points of risk),9 visits on record (+10 points of risk),visits down 67% in the last 30 days vs. the 30 before (+6 points of risk),"Tier-up nudge, personalized bundle",2023.9
M011326,Bronze,Loyal,0.921696,visits roughly every 5 days (+17 points of risk),visits down 80% in the last 30 days vs. the 30 before (+13 points of risk),28 days since last visit (+10 points of risk),"Tier-up nudge, personalized bundle",2023.5
M002537,Bronze,Hibernating,0.82580626,84 days since last visit (+15 points of risk),11 visits on record (+13 points of risk),visiting 85% less often than their own usual pattern (+12 points of risk),Bounce-back free drink + one-question why-survey,2020.71
M007081,Silver,Loyal,0.8669398,12 visits on record (+15 points of risk),visits roughly every 10 days (+11 points of risk),visiting 42% less often than their own usual pattern (+11 points of risk),"Tier-up nudge, personalized bundle",2019.96
M010299,Silver,Hibernating,0.85153204,46 days since last visit (+16 points of risk),typical gap between visits is now 2.1x longer than their own usual pattern (+14 points of risk),a member for 203 days (+9 points of risk),Bounce-back free drink + one-question why-survey,2019.8400000000001
M006609,Silver,Hibernating,0.80441934,57 days since last visit (+14 points of risk),a member for 300 days (+10 points of risk),9 visits on record (+9 points of risk),Bounce-back free drink + one-question why-survey,2019.6
M010411,Bronze,Loyal,0.8201762,visiting 42% less often than their own usual pattern (+15 points of risk),a member for 275 days (+12 points of risk),13 visits on record (+11 points of risk),"Tier-up nudge, personalized bundle",2019.4099999999999
M005555,Silver,Hibernating,0.91221285,76 days since last visit (+17 points of risk),a member for 256 days (+11 points of risk),visiting 50% less often than their own usual pattern (+10 points of risk),Bounce-back free drink + one-question why-survey,2019.21
M008027,Bronze,Loyal,0.81733537,visiting 59% less often than their own usual pattern (+18 points of risk),11 visits on record (+11 points of risk),a member for 208 days (+9 points of risk),"Tier-up nudge, personalized bundle",2014.85
M003092,Bronze,Hibernating,0.9734345,76 days since last visit (+25 points of risk),visits roughly every 11 days (+14 points of risk),a member for 189 days (+8 points of risk),Bounce-back free drink + one-question why-survey,2013.95
M008974,Silver,Hibernating,0.829186,a member for 358 days (+11 points of risk),visiting 46% less often than their own usual pattern (+11 points of risk),10 visits on record (+10 points of risk),Bounce-back free drink + one-question why-survey,2011.4399999999998
M014049,Bronze,Hibernating,0.9380568,visits roughly every 12 days (+21 points of risk),35 days since last visit (+12 points of risk),visits down 67% in the last 30 days vs. the 30 before (+9 points of risk),Bounce-back free drink + one-question why-survey,2011.14
M016602,Bronze,Hibernating,0.9836404,86 days since last visit (+18 points of risk),13 visits on record (+11 points of risk),a member for 207 days (+8 points of risk),Bounce-back free drink + one-question why-survey,2010.4299999999998
M016694,Silver,Loyal,0.9618757,typical gap between visits is now 4.6x longer than their own usual pattern (+32 points of risk),20 visits on record (+14 points of risk),33 days since last visit (+6 points of risk),"Tier-up nudge, personalized bundle",2008.45
M014858,Bronze,Hibernating,0.9349271,61 days since last visit (+14 points of risk),visiting 53% less often than their own usual pattern (+13 points of risk),a member for 369 days (+12 points of risk),Bounce-back free drink + one-question why-survey,2005.55
M009551,Bronze,Hibernating,0.9547495,65 days since last visit (+16 points of risk),visiting 82% less often than their own usual pattern (+12 points of risk),a member for 275 days (+11 points of risk),Bounce-back free drink + one-question why-survey,2004.8200000000002
M017964,Bronze,Hibernating,0.96169776,45 days since last visit (+19 points of risk),visits roughly every 11 days (+16 points of risk),a member for 168 days (+8 points of risk),Bounce-back free drink + one-question why-survey,2003.76
M018963,Bronze,Hibernating,0.89250517,63 days since last visit (+12 points of risk),a member for 274 days (+12 points of risk),visiting 57% less often than their own usual pattern (+11 points of risk),Bounce-back free drink + one-question why-survey,2003.2
M007178,Gold,Loyal,0.87925196,a member for 291 days (+14 points of risk),visiting 67% less often than their own usual pattern (+12 points of risk),9 visits on record (+8 points of risk),"Tier-up nudge, personalized bundle",2002.92
M019320,Bronze,Loyal,0.8018878,visiting 62% less often than their own usual pattern (+15 points of risk),a member for 248 days (+12 points of risk),8 visits on record (+8 points of risk),"Tier-up nudge, personalized bundle",2002.89
M001484,Silver,Loyal,0.850206,visiting 70% less often than their own usual pattern (+16 points of risk),11 visits on record (+14 points of risk),a member for 166 days (+9 points of risk),"Tier-up nudge, personalized bundle",2002.74
M019311,Bronze,Hibernating,0.9591611,typical gap between visits is now 3.0x longer than their own usual pattern (+15 points of risk),59 days since last visit (+15 points of risk),11 visits on record (+11 points of risk),Bounce-back free drink + one-question why-survey,2002.51
M006711,Gold,Loyal,0.87394613,a member for 357 days (+14 points of risk),typical gap between visits is now 2.3x longer than their own usual pattern (+12 points of risk),9 visits on record (+11 points of risk),"Tier-up nudge, personalized bundle",1999.75
M014920,Bronze,Loyal,0.8853913,visiting 84% less often than their own usual pattern (+14 points of risk),a member for 362 days (+14 points of risk),10 visits on record (+10 points of risk),"Tier-up nudge, personalized bundle",1997.76
M007930,Silver,Hibernating,0.81576806,a member for 341 days (+13 points of risk),83 days since last visit (+12 points of risk),visiting 47% less often than their own usual pattern (+8 points of risk),Bounce-back free drink + one-question why-survey,1997.48
M005461,Bronze,Hibernating,0.9225968,74 days since last visit (+17 points of risk),a member for 309 days (+11 points of risk),visiting 52% less often than their own usual pattern (+10 points of risk),Bounce-back free drink + one-question why-survey,1997.06
M000738,Bronze,Loyal,0.792148,visits roughly every 51 days (+14 points of risk),13 visits on record (+13 points of risk),a member for 630 days (+13 points of risk),"Tier-up nudge, personalized bundle",1996.37
M005338,Silver,Hibernating,0.8767986,visiting 99% less often than their own usual pattern (+15 points of risk),53 days since last visit (+14 points of risk),12 visits on record (+14 points of risk),Bounce-back free drink + one-question why-survey,1995.57
M014621,Bronze,Loyal,0.9496025,typical gap between visits is now 2.5x longer than their own usual pattern (+16 points of risk),a member for 443 days (+12 points of risk),13 visits on record (+11 points of risk),"Tier-up nudge, personalized bundle",1995.4
M001923,Bronze,Hibernating,0.9742459,65 days since last visit (+17 points of risk),13 visits on record (+11 points of risk),a member for 249 days (+9 points of risk),Bounce-back free drink + one-question why-survey,1995.25
M016037,Bronze,Hibernating,0.92150366,45 days since last visit (+14 points of risk),visiting 56% less often than their own usual pattern (+13 points of risk),10 visits on record (+11 points of risk),Bounce-back free drink + one-question why-survey,1994.05
M015700,Bronze,Hibernating,0.85657686,81 days since last visit (+14 points of risk),a member for 308 days (+12 points of risk),9 visits on record (+9 points of risk),Bounce-back free drink + one-question why-survey,1993.15
M016213,Gold,Loyal,0.85576373,typical gap between visits is now 2.0x longer than their own usual pattern (+18 points of risk),a member for 536 days (+17 points of risk),19 visits on record (+9 points of risk),"Tier-up nudge, personalized bundle",1991.6100000000001
M007829,Bronze,Loyal,0.80202216,visiting 79% less often than their own usual pattern (+15 points of risk),13 visits on record (+15 points of risk),a member for 490 days (+7 points of risk),"Tier-up nudge, personalized bundle",1991.48
M019862,Silver,Hibernating,0.8681662,visiting 59% less often than their own usual pattern (+13 points of risk),a member for 358 days (+11 points of risk),10 visits on record (+10 points of risk),Bounce-back free drink + one-question why-survey,1990.2
M000189,Bronze,Loyal,0.8993826,visiting 75% less often than their own usual pattern (+15 points of risk),a member for 300 days (+12 points of risk),11 visits on record (+9 points of risk),"Tier-up nudge, personalized bundle",1989.85
M016998,Silver,Hibernating,0.88461953,visiting 60% less often than their own usual pattern (+13 points of risk),a member for 322 days (+12 points of risk),8 visits on record (+9 points of risk),Bounce-back free drink + one-question why-survey,1989.53
M016249,Bronze,Hibernating,0.84470046,55 days since last visit (+15 points of risk),a member for 285 days (+10 points of risk),9 visits on record (+9 points of risk),Bounce-back free drink + one-question why-survey,1988.45
M007365,Bronze,Loyal,0.86105406,visiting 71% less often than their own usual pattern (+15 points of risk),a member for 314 days (+14 points of risk),11 visits on record (+9 points of risk),"Tier-up nudge, personalized bundle",1985.09
M018496,Silver,Hibernating,0.9318205,visits roughly every 13 days (+16 points of risk),9 visits on record (+11 points of risk),37 days since last visit (+10 points of risk),Bounce-back free drink + one-question why-survey,1984.5600000000002
M000147,Bronze,Loyal,0.84266376,a member for 329 days (+14 points of risk),visiting 41% less often than their own usual pattern (+10 points of risk),10 visits on record (+9 points of risk),"Tier-up nudge, personalized bundle",1984.54
M004430,Bronze,Loyal,0.82567716,visiting 62% less often than their own usual pattern (+17 points of risk),9 visits on record (+10 points of risk),a member for 195 days (+9 points of risk),"Tier-up nudge, personalized bundle",1980.19
M004777,Bronze,Hibernating,0.96670437,86 days since last visit (+20 points of risk),11 visits on record (+11 points of risk),visits roughly every 10 days (+10 points of risk),Bounce-back free drink + one-question why-survey,1977.47
M003755,Silver,Loyal,0.8485545,visiting 68% less often than their own usual pattern (+14 points of risk),a member for 460 days (+11 points of risk),15 visits on record (+11 points of risk),"Tier-up nudge, personalized bundle",1976.09
M002635,Bronze,Hibernating,0.86790967,visiting 54% less often than their own usual pattern (+11 points of risk),9 visits on record (+11 points of risk),38 days since last visit (+10 points of risk),Bounce-back free drink + one-question why-survey,1975.29
M009404,Bronze,Hibernating,0.93335664,15 visits on record (+11 points of risk),a member for 354 days (+11 points of risk),visiting 43% less often than their own usual pattern (+9 points of risk),Bounce-back free drink + one-question why-survey,1973.31
M015599,Bronze,Loyal,0.83996814,visiting 90% less often than their own usual pattern (+17 points of risk),10 visits on record (+10 points of risk),a member for 222 days (+9 points of risk),"Tier-up nudge, personalized bundle",1968.81
M000978,Bronze,Hibernating,0.9539336,54 days since last visit (+17 points of risk),typical gap between visits is now 2.0x longer than their own usual pattern (+13 points of risk),14 visits on record (+11 points of risk),Bounce-back free drink + one-question why-survey,1968.7600000000002
M018427,Bronze,Hibernating,0.9659919,53 days since last visit (+16 points of risk),9 visits on record (+11 points of risk),a member for 184 days (+9 points of risk),Bounce-back free drink + one-question why-survey,1965.98
M017213,Bronze,Hibernating,0.9421909,47 days since last visit (+22 points of risk),visits roughly every 13 days (+20 points of risk),9 visits on record (+7 points of risk),Bounce-back free drink + one-question why-survey,1965.73
M016814,Bronze,Loyal,0.9093699,a member for 382 days (+14 points of risk),visiting 55% less often than their own usual pattern (+11 points of risk),10 visits on record (+10 points of risk),"Tier-up nudge, personalized bundle",1962.67
M007781,Silver,Loyal,0.8467028,a member for 449 days (+13 points of risk),13 visits on record (+13 points of risk),visiting 94% less often than their own usual pattern (+12 points of risk),"Tier-up nudge, personalized bundle",1962.55
M009367,Silver,Hibernating,0.9118607,typical gap between visits is now 2.0x longer than their own usual pattern (+19 points of risk),54 days since last visit (+14 points of risk),17 visits on record (+11 points of risk),Bounce-back free drink + one-question why-survey,1960.1200000000001
M004018,Silver,Hibernating,0.95375556,82 days since last visit (+16 points of risk),visiting 61% less often than their own usual pattern (+12 points of risk),a member for 387 days (+11 points of risk),Bounce-back free drink + one-question why-survey,1959.8
M010709,Bronze,Hibernating,0.826801,88 days since last visit (+12 points of risk),10 visits on record (+9 points of risk),a member for 318 days (+9 points of risk),Bounce-back free drink + one-question why-survey,1956.78
M003136,Silver,Hibernating,0.8321876,typical gap between visits is now 2.0x longer than their own usual pattern (+14 points of risk),a member for 378 days (+13 points of risk),8 visits on record (+10 points of risk),Bounce-back free drink + one-question why-survey,1956.3300000000002
M014725,Bronze,Hibernating,0.92639863,visiting 66% less often than their own usual pattern (+14 points of risk),45 days since last visit (+13 points of risk),11 visits on record (+12 points of risk),Bounce-back free drink + one-question why-survey,1955.44
M009949,Silver,Loyal,0.9352778,typical gap between visits is now 4.6x longer than their own usual pattern (+31 points of risk),10 visits on record (+10 points of risk),a member for 176 days (+9 points of risk),"Tier-up nudge, personalized bundle",1955.02
M001710,Bronze,Loyal,0.9075481,a member for 341 days (+15 points of risk),visiting 63% less often than their own usual pattern (+13 points of risk),11 visits on record (+10 points of risk),"Tier-up nudge, personalized bundle",1953.93
M001672,Bronze,Hibernating,0.9875367,typical gap between visits is now 3.7x longer than their own usual pattern (+18 points of risk),65 days since last visit (+15 points of risk),11 visits on record (+9 points of risk),Bounce-back free drink + one-question why-survey,1950.79
M009840,Silver,Hibernating,0.79390895,visiting 93% less often than their own usual pattern (+14 points of risk),12 visits on record (+12 points of risk),a member for 401 days (+10 points of risk),Bounce-back free drink + one-question why-survey,1950.76
M007352,Bronze,Hibernating,0.85330653,76 days since last visit (+14 points of risk),visiting 73% less often than their own usual pattern (+14 points of risk),14 visits on record (+13 points of risk),Bounce-back free drink + one-question why-survey,1949.48
M016375,Bronze,Hibernating,0.8265759,85 days since last visit (+15 points of risk),a member for 278 days (+11 points of risk),visiting 38% less often than their own usual pattern (+9 points of risk),Bounce-back free drink + one-question why-survey,1946.25
M018176,Bronze,Loyal,0.88252383,visiting 82% less often than their own usual pattern (+14 points of risk),a member for 284 days (+13 points of risk),10 visits on record (+8 points of risk),"Tier-up nudge, personalized bundle",1945.73
M014748,Gold,Loyal,0.86336964,visiting 62% less often than their own usual pattern (+12 points of risk),9 visits on record (+11 points of risk),34 days since last visit (+10 points of risk),"Tier-up nudge, personalized bundle",1944.45
M009544,Silver,Hibernating,0.81601334,visiting 84% less often than their own usual pattern (+12 points of risk),a member for 308 days (+11 points of risk),9 visits on record (+10 points of risk),Bounce-back free drink + one-question why-survey,1944.3899999999999
M011139,Bronze,Hibernating,0.966005,69 days since last visit (+17 points of risk),typical gap between visits is now 2.1x longer than their own usual pattern (+17 points of risk),21 visits on record (+10 points of risk),Bounce-back free drink + one-question why-survey,1941.69
M010762,Bronze,Loyal,0.83983755,visiting 64% less often than their own usual pattern (+18 points of risk),13 visits on record (+13 points of risk),a member for 229 days (+8 points of risk),"Tier-up nudge, personalized bundle",1941.56
M016893,Bronze,Loyal,0.9742285,a member for 362 days (+13 points of risk),visiting 70% less often than their own usual pattern (+10 points of risk),visits roughly every 44 days (+9 points of risk),"Tier-up nudge, personalized bundle",1941.27
M012329,Bronze,Loyal,0.83843076,visits down 67% in the last 30 days vs. the 30 before (+19 points of risk),visits roughly every 10 days (+18 points of risk),11 visits on record (+8 points of risk),"Tier-up nudge, personalized bundle",1938.95
M004435,Bronze,Loyal,0.9528188,a member for 432 days (+14 points of risk),typical gap between visits is now 2.7x longer than their own usual pattern (+14 points of risk),11 visits on record (+11 points of risk),"Tier-up nudge, personalized bundle",1937.52
M000020,Bronze,Loyal,0.8127382,visiting 80% less often than their own usual pattern (+19 points of risk),12 visits on record (+12 points of risk),a member for 224 days (+8 points of risk),"Tier-up nudge, personalized bundle",1937.47
M000341,Bronze,Loyal,0.8121213,visiting 52% less often than their own usual pattern (+14 points of risk),a member for 171 days (+10 points of risk),8 visits on record (+8 points of risk),"Tier-up nudge, personalized bundle",1936.7
M007126,Bronze,Loyal,0.8763573,visiting 78% less often than their own usual pattern (+17 points of risk),11 visits on record (+12 points of risk),a member for 226 days (+9 points of risk),"Tier-up nudge, personalized bundle",1933.58
M004979,Silver,Hibernating,0.9460915,visits roughly every 14 days (+15 points of risk),11 visits on record (+11 points of risk),37 days since last visit (+10 points of risk),Bounce-back free drink + one-question why-survey,1931.09
M018944,Bronze,Hibernating,0.82121164,11 visits on record (+12 points of risk),54 days since last visit (+11 points of risk),a member for 388 days (+10 points of risk),Bounce-back free drink + one-question why-survey,1929.49
M006139,Silver,Loyal,0.91529685,visits roughly every 13 days (+15 points of risk),13 visits on record (+13 points of risk),a member for 188 days (+8 points of risk),"Tier-up nudge, personalized bundle",1928.33
M015987,Bronze,Hibernating,0.83532304,62 days since last visit (+20 points of risk),a member for 209 days (+9 points of risk),9 visits on record (+9 points of risk),Bounce-back free drink + one-question why-survey,1927.89
M000728,Bronze,Loyal,0.8355225,visiting 63% less often than their own usual pattern (+13 points of risk),a member for 199 days (+11 points of risk),visits roughly every 33 days (+4 points of risk),"Tier-up nudge, personalized bundle",1927.07
M000737,Silver,Hibernating,0.84606206,a member for 348 days (+12 points of risk),57 days since last visit (+12 points of risk),9 visits on record (+9 points of risk),Bounce-back free drink + one-question why-survey,1926.97
M019525,Bronze,Hibernating,0.92094195,68 days since last visit (+14 points of risk),typical gap between visits is now 2.1x longer than their own usual pattern (+14 points of risk),a member for 610 days (+12 points of risk),Bounce-back free drink + one-question why-survey,1926.75
M016366,Bronze,Loyal,0.9465923,a member for 406 days (+15 points of risk),visits roughly every 50 days (+14 points of risk),visiting 43% less often than their own usual pattern (+9 points of risk),"Tier-up nudge, personalized bundle",1926.5
M017355,Bronze,Loyal,0.85669804,visits roughly every 39 days (+13 points of risk),a member for 242 days (+12 points of risk),7 visits on record (+4 points of risk),"Tier-up nudge, personalized bundle",1926.01
M013019,Bronze,Loyal,0.84787565,typical gap between visits is now 2.0x longer than their own usual pattern (+16 points of risk),a member for 251 days (+12 points of risk),12 visits on record (+12 points of risk),"Tier-up nudge, personalized bundle",1925.93
M002606,Bronze,Hibernating,0.94310886,65 days since last visit (+16 points of risk),visiting 75% less often than their own usual pattern (+13 points of risk),a member for 290 days (+10 points of risk),Bounce-back free drink + one-question why-survey,1924.23
M007772,Gold,Loyal,0.86358273,typical gap between visits is now 2.9x longer than their own usual pattern (+16 points of risk),a member for 377 days (+15 points of risk),12 visits on record (+12 points of risk),"Tier-up nudge, personalized bundle",1924.09
M001971,Silver,Loyal,0.91299987,typical gap between visits is now 2.7x longer than their own usual pattern (+20 points of risk),a member for 378 days (+14 points of risk),14 visits on record (+13 points of risk),"Tier-up nudge, personalized bundle",1922.48
M009135,Bronze,Loyal,0.8252558,visiting 91% less often than their own usual pattern (+18 points of risk),13 visits on record (+13 points of risk),a member for 239 days (+5 points of risk),"Tier-up nudge, personalized bundle",1922.18
M015891,Bronze,Loyal,0.8557443,visiting 64% less often than their own usual pattern (+14 points of risk),15 visits on record (+12 points of risk),a member for 328 days (+9 points of risk),"Tier-up nudge, personalized bundle",1921.83
M011909,Bronze,Loyal,0.84189844,visiting 70% less often than their own usual pattern (+17 points of risk),9 visits on record (+11 points of risk),a member for 189 days (+9 points of risk),"Tier-up nudge, personalized bundle",1921.02
M016577,Bronze,Loyal,0.93303937,12 visits on record (+14 points of risk),visits roughly every 10 days (+11 points of risk),visiting 43% less often than their own usual pattern (+8 points of risk),"Tier-up nudge, personalized bundle",1917.26
M007837,Silver,Loyal,0.81214726,13 visits on record (+17 points of risk),a member for 612 days (+13 points of risk),typical gap between visits is now 2.1x longer than their own usual pattern (+13 points of risk),"Tier-up nudge, personalized bundle",1917.0900000000001
M005632,Silver,Loyal,0.837325,visiting 85% less often than their own usual pattern (+18 points of risk),10 visits on record (+10 points of risk),a member for 219 days (+8 points of risk),"Tier-up nudge, personalized bundle",1916.67
M004211,Silver,Hibernating,0.84085387,79 days since last visit (+40 points of risk),70% of visits at their home branch — consistently loyal to one location (+7 points of risk),10 visits on record (+7 points of risk),Bounce-back free drink + one-question why-survey,1916.6
M012801,Silver,Loyal,0.79341435,visiting 91% less often than their own usual pattern (+17 points of risk),10 visits on record (+9 points of risk),a member for 229 days (+9 points of risk),"Tier-up nudge, personalized bundle",1916.35
M009016,Bronze,Loyal,0.80733496,visiting 64% less often than their own usual pattern (+17 points of risk),10 visits on record (+10 points of risk),a member for 181 days (+9 points of risk),"Tier-up nudge, personalized bundle",1913.6
M009078,Silver,Hibernating,0.8931157,visiting 59% less often than their own usual pattern (+13 points of risk),47 days since last visit (+13 points of risk),a member for 227 days (+10 points of risk),Bounce-back free drink + one-question why-survey,1913.3
M006038,Silver,Hibernating,0.90046966,68 days since last visit (+23 points of risk),visits roughly every 14 days (+12 points of risk),11 visits on record (+11 points of risk),Bounce-back free drink + one-question why-survey,1912.95
M015449,Bronze,Loyal,0.8798591,13 visits on record (+14 points of risk),visiting 63% less often than their own usual pattern (+13 points of risk),a member for 253 days (+8 points of risk),"Tier-up nudge, personalized bundle",1912.7
M012711,Bronze,Hibernating,0.8569122,53 days since last visit (+15 points of risk),visiting 39% less often than their own usual pattern (+12 points of risk),10 visits on record (+11 points of risk),Bounce-back free drink + one-question why-survey,1912.53
M014378,Bronze,Hibernating,0.9167047,85 days since last visit (+19 points of risk),visiting 56% less often than their own usual pattern (+11 points of risk),a member for 252 days (+11 points of risk),Bounce-back free drink + one-question why-survey,1911.65
M006115,Bronze,Hibernating,0.8090941,70 days since last visit (+15 points of risk),a member for 303 days (+12 points of risk),8 visits on record (+6 points of risk),Bounce-back free drink + one-question why-survey,1909.48
M004728,Silver,Hibernating,0.8010802,64 days since last visit (+11 points of risk),a member for 284 days (+11 points of risk),visiting 41% less often than their own usual pattern (+8 points of risk),Bounce-back free drink + one-question why-survey,1909.42
M019436,Bronze,Loyal,0.82204306,visiting 48% less often than their own usual pattern (+13 points of risk),a member for 252 days (+12 points of risk),9 visits on record (+9 points of risk),"Tier-up nudge, personalized bundle",1909.0
M018334,Silver,Loyal,0.87297326,typical gap between visits is now 3.1x longer than their own usual pattern (+23 points of risk),11 visits on record (+12 points of risk),a member for 300 days (+12 points of risk),"Tier-up nudge, personalized bundle",1908.8899999999999
M000846,Bronze,Loyal,0.82366776,typical gap between visits is now 2.1x longer than their own usual pattern (+14 points of risk),a member for 329 days (+11 points of risk),9 visits on record (+10 points of risk),"Tier-up nudge, personalized bundle",1908.44
M018205,Silver,Hibernating,0.91330266,64 days since last visit (+15 points of risk),visiting 74% less often than their own usual pattern (+15 points of risk),a member for 284 days (+11 points of risk),Bounce-back free drink + one-question why-survey,1906.78
M007212,Silver,Hibernating,0.88846713,a member for 309 days (+15 points of risk),visiting 54% less often than their own usual pattern (+9 points of risk),48 days since last visit (+8 points of risk),Bounce-back free drink + one-question why-survey,1903.58
M019856,Bronze,Loyal,0.79903203,a member for 248 days (+13 points of risk),visits roughly every 35 days (+8 points of risk),8 visits on record (+6 points of risk),"Tier-up nudge, personalized bundle",1902.94
M009578,Bronze,Hibernating,0.9419964,72 days since last visit (+18 points of risk),a member for 262 days (+11 points of risk),visiting 54% less often than their own usual pattern (+11 points of risk),Bounce-back free drink + one-question why-survey,1902.43
M006370,Silver,Hibernating,0.89453703,visiting 75% less often than their own usual pattern (+14 points of risk),14 visits on record (+13 points of risk),a member for 410 days (+12 points of risk),Bounce-back free drink + one-question why-survey,1902.23
M016698,Bronze,Hibernating,0.99696654,typical gap between visits is now 6.3x longer than their own usual pattern (+20 points of risk),72 days since last visit (+16 points of risk),30 visits on record (+9 points of risk),Bounce-back free drink + one-question why-survey,1899.4
M017494,Bronze,Hibernating,0.84900117,visiting 98% less often than their own usual pattern (+18 points of risk),20 visits on record (+14 points of risk),41 days since last visit (+12 points of risk),Bounce-back free drink + one-question why-survey,1899.21
M016432,Bronze,Loyal,0.87695265,typical gap between visits is now 2.1x longer than their own usual pattern (+22 points of risk),a member for 265 days (+12 points of risk),13 visits on record (+12 points of risk),"Tier-up nudge, personalized bundle",1899.02
M017584,Bronze,Loyal,0.8830782,typical gap between visits is now 2.6x longer than their own usual pattern (+25 points of risk),21 visits on record (+14 points of risk),a member for 488 days (+7 points of risk),"Tier-up nudge, personalized bundle",1897.94
M007221,Bronze,Hibernating,0.84849507,52 days since last visit (+18 points of risk),11 visits on record (+12 points of risk),a member for 233 days (+8 points of risk),Bounce-back free drink + one-question why-survey,1897.93
M018174,Gold,Hibernating,0.92459375,visits roughly every 12 days (+14 points of risk),40 days since last visit (+13 points of risk),9 visits on record (+13 points of risk),Bounce-back free drink + one-question why-survey,1896.0800000000002
M006945,Bronze,Hibernating,0.9660908,typical gap between visits is now 2.3x longer than their own usual pattern (+17 points of risk),45 days since last visit (+12 points of risk),19 visits on record (+12 points of risk),Bounce-back free drink + one-question why-survey,1894.7
M019251,Bronze,Loyal,0.8185116,11 visits on record (+15 points of risk),visiting 51% less often than their own usual pattern (+12 points of risk),visits roughly every 10 days (+11 points of risk),"Tier-up nudge, personalized bundle",1893.27
M013488,Bronze,Hibernating,0.90922093,72 days since last visit (+15 points of risk),visiting 73% less often than their own usual pattern (+12 points of risk),13 visits on record (+11 points of risk),Bounce-back free drink + one-question why-survey,1892.95
M006472,Silver,Loyal,0.917616,typical gap between visits is now 2.1x longer than their own usual pattern (+18 points of risk),a member for 403 days (+16 points of risk),16 visits on record (+7 points of risk),"Tier-up nudge, personalized bundle",1891.38
M015102,Bronze,Loyal,0.9358866,a member for 387 days (+15 points of risk),visiting 94% less often than their own usual pattern (+12 points of risk),visits roughly every 54 days (+11 points of risk),"Tier-up nudge, personalized bundle",1887.53
M010149,Bronze,Hibernating,0.8063121,visiting 58% less often than their own usual pattern (+14 points of risk),a member for 347 days (+11 points of risk),10 visits on record (+10 points of risk),Bounce-back free drink + one-question why-survey,1885.51
M014288,Silver,Hibernating,0.7965595,visiting 65% less often than their own usual pattern (+12 points of risk),11 visits on record (+11 points of risk),a member for 372 days (+11 points of risk),Bounce-back free drink + one-question why-survey,1884.79
M007676,Silver,Hibernating,0.9509975,visits roughly every 12 days (+14 points of risk),44 days since last visit (+12 points of risk),9 visits on record (+10 points of risk),Bounce-back free drink + one-question why-survey,1883.49
M006728,Bronze,Hibernating,0.94124955,62 days since last visit (+27 points of risk),visits roughly every 13 days (+18 points of risk),a member for 153 days (+8 points of risk),Bounce-back free drink + one-question why-survey,1882.52
M016960,Bronze,Hibernating,0.8988407,77 days since last visit (+15 points of risk),visiting 57% less often than their own usual pattern (+12 points of risk),a member for 527 days (+10 points of risk),Bounce-back free drink + one-question why-survey,1882.51
M005013,Silver,Hibernating,0.9839469,82 days since last visit (+16 points of risk),13 visits on record (+10 points of risk),visits roughly every 11 days (+9 points of risk),Bounce-back free drink + one-question why-survey,1881.7
M006674,Bronze,Loyal,0.7933317,visiting 68% less often than their own usual pattern (+19 points of risk),11 visits on record (+12 points of risk),a member for 211 days (+8 points of risk),"Tier-up nudge, personalized bundle",1879.58
M010895,Bronze,Loyal,0.82381433,visits roughly every 13 days (+21 points of risk),10 visits on record (+7 points of risk),29 days since last visit (+6 points of risk),"Tier-up nudge, personalized bundle",1879.42
M008784,Bronze,Loyal,0.9050034,a member for 343 days (+14 points of risk),visiting 79% less often than their own usual pattern (+14 points of risk),9 visits on record (+10 points of risk),"Tier-up nudge, personalized bundle",1877.5900000000001
M009900,Bronze,Hibernating,0.939558,49 days since last visit (+13 points of risk),visiting 62% less often than their own usual pattern (+12 points of risk),a member for 277 days (+10 points of risk),Bounce-back free drink + one-question why-survey,1877.26
M009094,Silver,Hibernating,0.98869145,73 days since last visit (+18 points of risk),12 visits on record (+10 points of risk),visits roughly every 13 days (+9 points of risk),Bounce-back free drink + one-question why-survey,1875.56
M002980,Bronze,Hibernating,0.9886147,82 days since last visit (+19 points of risk),10 visits on record (+10 points of risk),a member for 164 days (+8 points of risk),Bounce-back free drink + one-question why-survey,1873.1399999999999
M007615,Silver,Hibernating,0.92355645,a member for 383 days (+13 points of risk),visiting 65% less often than their own usual pattern (+12 points of risk),53 days since last visit (+10 points of risk),Bounce-back free drink + one-question why-survey,1872.6399999999999
M016460,Bronze,Hibernating,0.9916127,typical gap between visits is now 3.9x longer than their own usual pattern (+18 points of risk),70 days since last visit (+16 points of risk),9 visits on record (+9 points of risk),Bounce-back free drink + one-question why-survey,1872.0300000000002
M012964,Bronze,Loyal,0.837455,visiting 72% less often than their own usual pattern (+15 points of risk),a member for 402 days (+14 points of risk),11 visits on record (+11 points of risk),"Tier-up nudge, personalized bundle",1872.02
M007017,Silver,Hibernating,0.85263735,80 days since last visit (+14 points of risk),a member for 312 days (+13 points of risk),visiting 47% less often than their own usual pattern (+10 points of risk),Bounce-back free drink + one-question why-survey,1871.0800000000002
M019035,Bronze,Hibernating,0.9231249,79 days since last visit (+19 points of risk),typical gap between visits is now 2.0x longer than their own usual pattern (+14 points of risk),a member for 357 days (+12 points of risk),Bounce-back free drink + one-question why-survey,1868.97
M011473,Silver,Hibernating,0.9256414,a member for 317 days (+16 points of risk),79 days since last visit (+12 points of risk),visiting 60% less often than their own usual pattern (+7 points of risk),Bounce-back free drink + one-question why-survey,1868.46
M002909,Bronze,Hibernating,0.87798303,typical gap between visits is now 2.3x longer than their own usual pattern (+17 points of risk),13 visits on record (+15 points of risk),39 days since last visit (+10 points of risk),Bounce-back free drink + one-question why-survey,1867.94
M004710,Bronze,Hibernating,0.9131515,62 days since last visit (+19 points of risk),a member for 198 days (+9 points of risk),visiting 47% less often than their own usual pattern (+9 points of risk),Bounce-back free drink + one-question why-survey,1867.7800000000002
M007993,Bronze,Loyal,0.8931274,visits roughly every 41 days (+17 points of risk),a member for 291 days (+10 points of risk),2 days since last visit (+7 points of risk),"Tier-up nudge, personalized bundle",1867.45
M011703,Bronze,Hibernating,0.80777216,a member for 285 days (+13 points of risk),54 days since last visit (+13 points of risk),visiting 65% less often than their own usual pattern (+12 points of risk),Bounce-back free drink + one-question why-survey,1866.08
M008995,Silver,Loyal,0.79792404,visiting 88% less often than their own usual pattern (+17 points of risk),a member for 216 days (+10 points of risk),9 visits on record (+8 points of risk),"Tier-up nudge, personalized bundle",1863.6599999999999
M014465,Silver,Hibernating,0.92300755,51 days since last visit (+17 points of risk),typical gap between visits is now 2.7x longer than their own usual pattern (+13 points of risk),9 visits on record (+11 points of risk),Bounce-back free drink + one-question why-survey,1863.0
M010069,Bronze,Loyal,0.8154549,visits roughly every 12 days (+16 points of risk),9 visits on record (+11 points of risk),visiting 28% less often than their own usual pattern (+5 points of risk),"Tier-up nudge, personalized bundle",1862.62
M013792,Bronze,Hibernating,0.9403156,visiting 63% less often than their own usual pattern (+13 points of risk),63 days since last visit (+13 points of risk),a member for 284 days (+11 points of risk),Bounce-back free drink + one-question why-survey,1861.67
M003082,Bronze,Hibernating,0.9240248,a member for 361 days (+16 points of risk),79 days since last visit (+11 points of risk),visiting 44% less often than their own usual pattern (+6 points of risk),Bounce-back free drink + one-question why-survey,1861.48
M006696,Bronze,Loyal,0.8107864,typical gap between visits is now 2.3x longer than their own usual pattern (+18 points of risk),11 visits on record (+13 points of risk),a member for 204 days (+8 points of risk),"Tier-up nudge, personalized bundle",1860.55
M007735,Silver,Hibernating,0.9764949,62 days since last visit (+16 points of risk),9 visits on record (+11 points of risk),visits roughly every 12 days (+10 points of risk),Bounce-back free drink + one-question why-survey,1860.29
M017436,Gold,Hibernating,0.85673606,50 days since last visit (+16 points of risk),visiting 59% less often than their own usual pattern (+12 points of risk),8 visits on record (+9 points of risk),Bounce-back free drink + one-question why-survey,1859.24
M014154,Silver,Hibernating,0.9834132,66 days since last visit (+17 points of risk),12 visits on record (+12 points of risk),visits roughly every 11 days (+9 points of risk),Bounce-back free drink + one-question why-survey,1859.1599999999999
M001066,Silver,Loyal,0.9554262,13 visits on record (+14 points of risk),visits roughly every 12 days (+13 points of risk),33 days since last visit (+10 points of risk),"Tier-up nudge, personalized bundle",1858.53
M018497,Silver,Hibernating,0.8280309,79 days since last visit (+42 points of risk),11 visits on record (+7 points of risk),a member for 142 days (+4 points of risk),Bounce-back free drink + one-question why-survey,1857.15
M002407,Gold,Hibernating,0.9506398,60 days since last visit (+20 points of risk),10 visits on record (+13 points of risk),visits roughly every 11 days (+11 points of risk),Bounce-back free drink + one-question why-survey,1855.15
M011908,Bronze,Loyal,0.9580667,33 days since last visit (+14 points of risk),visits down 83% in the last 30 days vs. the 30 before (+9 points of risk),visits roughly every 9 days (+9 points of risk),"Tier-up nudge, personalized bundle",1855.03
M008747,Bronze,Hibernating,0.8251468,typical gap between visits is now 2.1x longer than their own usual pattern (+18 points of risk),41 days since last visit (+11 points of risk),13 visits on record (+11 points of risk),Bounce-back free drink + one-question why-survey,1854.73
M012722,Bronze,Hibernating,0.98024154,69 days since last visit (+19 points of risk),visits roughly every 11 days (+10 points of risk),9 visits on record (+10 points of risk),Bounce-back free drink + one-question why-survey,1854.64
M018600,Bronze,Hibernating,0.8399148,visiting 88% less often than their own usual pattern (+14 points of risk),9 visits on record (+10 points of risk),a member for 275 days (+10 points of risk),Bounce-back free drink + one-question why-survey,1853.99
M011050,Silver,Loyal,0.91426307,visits roughly every 52 days (+23 points of risk),a member for 369 days (+12 points of risk),8 visits on record (+7 points of risk),"Tier-up nudge, personalized bundle",1853.5900000000001
M011998,Bronze,Hibernating,0.8056791,a member for 266 days (+11 points of risk),9 visits on record (+9 points of risk),visiting 46% less often than their own usual pattern (+9 points of risk),Bounce-back free drink + one-question why-survey,1852.81
M016847,Silver,Hibernating,0.8869496,76 days since last visit (+15 points of risk),visiting 77% less often than their own usual pattern (+12 points of risk),a member for 403 days (+12 points of risk),Bounce-back free drink + one-question why-survey,1852.8
M012826,Bronze,Loyal,0.9112971,visiting 71% less often than their own usual pattern (+14 points of risk),a member for 326 days (+12 points of risk),12 visits on record (+9 points of risk),"Tier-up nudge, personalized bundle",1851.15
M017218,Silver,Loyal,0.88375723,visits roughly every 16 days (+12 points of risk),11 visits on record (+12 points of risk),34 days since last visit (+9 points of risk),"Tier-up nudge, personalized bundle",1850.6100000000001
M008899,Silver,Hibernating,0.87734145,73 days since last visit (+15 points of risk),visiting 87% less often than their own usual pattern (+15 points of risk),17 visits on record (+10 points of risk),Bounce-back free drink + one-question why-survey,1850.46
M019337,Silver,Loyal,0.829231,typical gap between visits is now 2.1x longer than their own usual pattern (+16 points of risk),a member for 267 days (+14 points of risk),visits roughly every 42 days (+6 points of risk),"Tier-up nudge, personalized bundle",1849.18
M016640,Bronze,Hibernating,0.9604455,66 days since last visit (+19 points of risk),visits roughly every 12 days (+13 points of risk),15 visits on record (+10 points of risk),Bounce-back free drink + one-question why-survey,1849.06
M019302,Silver,Loyal,0.7935783,visiting 82% less often than their own usual pattern (+16 points of risk),14 visits on record (+14 points of risk),a member for 455 days (+9 points of risk),"Tier-up nudge, personalized bundle",1848.49
M004220,Bronze,Loyal,0.81010747,visiting 49% less often than their own usual pattern (+11 points of risk),10 visits on record (+10 points of risk),a member for 321 days (+8 points of risk),"Tier-up nudge, personalized bundle",1848.34
M002500,Gold,Hibernating,0.9328003,64 days since last visit (+15 points of risk),visiting 72% less often than their own usual pattern (+12 points of risk),a member for 267 days (+11 points of risk),Bounce-back free drink + one-question why-survey,1847.75
M004831,Bronze,Loyal,0.84817374,visiting 95% less often than their own usual pattern (+15 points of risk),a member for 317 days (+13 points of risk),8 visits on record (+8 points of risk),"Tier-up nudge, personalized bundle",1847.48
M014742,Bronze,Loyal,0.8389105,visiting 67% less often than their own usual pattern (+17 points of risk),9 visits on record (+10 points of risk),a member for 188 days (+9 points of risk),"Tier-up nudge, personalized bundle",1847.22
M006178,Bronze,Loyal,0.79099745,visiting 64% less often than their own usual pattern (+16 points of risk),a member for 427 days (+12 points of risk),13 visits on record (+12 points of risk),"Tier-up nudge, personalized bundle",1846.48
M006750,Silver,Hibernating,0.9545,57 days since last visit (+22 points of risk),visits roughly every 15 days (+14 points of risk),a member for 164 days (+8 points of risk),Bounce-back free drink + one-question why-survey,1845.27
M005533,Bronze,Hibernating,0.97706544,66 days since last visit (+17 points of risk),13 visits on record (+12 points of risk),a member for 246 days (+9 points of risk),Bounce-back free drink + one-question why-survey,1843.9299999999998
M016270,Bronze,Hibernating,0.8787324,52 days since last visit (+15 points of risk),visiting 41% less often than their own usual pattern (+10 points of risk),8 visits on record (+9 points of risk),Bounce-back free drink + one-question why-survey,1841.23
M011018,Silver,Loyal,0.8663007,visits down 60% in the last 30 days vs. the 30 before (+18 points of risk),visits roughly every 11 days (+18 points of risk),12 visits on record (+9 points of risk),"Tier-up nudge, personalized bundle",1840.6100000000001
M011709,Bronze,Hibernating,0.98438764,79 days since last visit (+24 points of risk),visits roughly every 10 days (+11 points of risk),a member for 170 days (+7 points of risk),Bounce-back free drink + one-question why-survey,1836.2
M017833,Silver,Loyal,0.8587177,typical gap between visits is now 2.1x longer than their own usual pattern (+15 points of risk),13 visits on record (+15 points of risk),a member for 495 days (+11 points of risk),"Tier-up nudge, personalized bundle",1835.52
M010092,Silver,Hibernating,0.80258685,70 days since last visit (+14 points of risk),a member for 312 days (+13 points of risk),visiting 38% less often than their own usual pattern (+9 points of risk),Bounce-back free drink + one-question why-survey,1835.0
M004371,Bronze,Loyal,0.8033104,visiting 65% less often than their own usual pattern (+13 points of risk),10 visits on record (+11 points of risk),a member for 383 days (+9 points of risk),"Tier-up nudge, personalized bundle",1834.98
M009901,Bronze,Hibernating,0.9794906,79 days since last visit (+19 points of risk),visits roughly every 13 days (+12 points of risk),12 visits on record (+9 points of risk),Bounce-back free drink + one-question why-survey,1834.48
M018227,Silver,Hibernating,0.82886475,84 days since last visit (+15 points of risk),visiting 91% less often than their own usual pattern (+13 points of risk),10 visits on record (+9 points of risk),Bounce-back free drink + one-question why-survey,1833.47
M005847,Gold,Hibernating,0.91342896,75 days since last visit (+31 points of risk),visits roughly every 15 days (+10 points of risk),181 points sitting unused (+5 points of risk),Bounce-back free drink + one-question why-survey,1833.31
M015367,Silver,Hibernating,0.9075661,visiting 60% less often than their own usual pattern (+15 points of risk),56 days since last visit (+15 points of risk),a member for 403 days (+12 points of risk),Bounce-back free drink + one-question why-survey,1833.24
M009939,Bronze,Hibernating,0.81938237,69 days since last visit (+16 points of risk),a member for 328 days (+13 points of risk),visiting 45% less often than their own usual pattern (+8 points of risk),Bounce-back free drink + one-question why-survey,1832.49
M018489,Bronze,Hibernating,0.96792936,visits roughly every 11 days (+17 points of risk),39 days since last visit (+14 points of risk),visits down 67% in the last 30 days vs. the 30 before (+8 points of risk),Bounce-back free drink + one-question why-survey,1831.93
M008626,Bronze,Loyal,0.8248237,typical gap between visits is now 2.0x longer than their own usual pattern (+20 points of risk),14 visits on record (+12 points of risk),a member for 272 days (+12 points of risk),"Tier-up nudge, personalized bundle",1831.67
M000126,Silver,Hibernating,0.9300104,47 days since last visit (+21 points of risk),12 visits on record (+16 points of risk),visiting 68% less often than their own usual pattern (+7 points of risk),Bounce-back free drink + one-question why-survey,1830.24
M017104,Bronze,Hibernating,0.9517785,typical gap between visits is now 2.1x longer than their own usual pattern (+14 points of risk),60 days since last visit (+14 points of risk),a member for 374 days (+12 points of risk),Bounce-back free drink + one-question why-survey,1830.13
M016380,Bronze,Hibernating,0.9175576,52 days since last visit (+14 points of risk),14 visits on record (+12 points of risk),visiting 53% less often than their own usual pattern (+12 points of risk),Bounce-back free drink + one-question why-survey,1828.75
M003588,Bronze,Hibernating,0.80601484,visiting 82% less often than their own usual pattern (+12 points of risk),9 visits on record (+11 points of risk),a member for 346 days (+11 points of risk),Bounce-back free drink + one-question why-survey,1825.63
M011904,Silver,Hibernating,0.8693276,73 days since last visit (+15 points of risk),a member for 421 days (+11 points of risk),10 visits on record (+9 points of risk),Bounce-back free drink + one-question why-survey,1825.46
M017097,Silver,Loyal,0.79872155,typical gap between visits is now 2.0x longer than their own usual pattern (+15 points of risk),9 visits on record (+10 points of risk),a member for 234 days (+8 points of risk),"Tier-up nudge, personalized bundle",1825.0
M005117,Bronze,Hibernating,0.96285796,12 visits on record (+13 points of risk),42 days since last visit (+11 points of risk),visits roughly every 10 days (+10 points of risk),Bounce-back free drink + one-question why-survey,1823.7
M012104,Bronze,Hibernating,0.94576645,48 days since last visit (+19 points of risk),9 visits on record (+11 points of risk),visits roughly every 9 days (+11 points of risk),Bounce-back free drink + one-question why-survey,1823.43
M014175,Bronze,Loyal,0.8116406,typical gap between visits is now 2.4x longer than their own usual pattern (+16 points of risk),11 visits on record (+16 points of risk),a member for 427 days (+9 points of risk),"Tier-up nudge, personalized bundle",1822.04
M014194,Bronze,Hibernating,0.92959887,74 days since last visit (+16 points of risk),a member for 414 days (+11 points of risk),14 visits on record (+10 points of risk),Bounce-back free drink + one-question why-survey,1820.69
M011600,Bronze,Loyal,0.8382374,typical gap between visits is now 2.3x longer than their own usual pattern (+20 points of risk),21 visits on record (+14 points of risk),33 days since last visit (+7 points of risk),"Tier-up nudge, personalized bundle",1817.6499999999999
M006200,Bronze,Loyal,0.83061635,a member for 259 days (+12 points of risk),8 visits on record (+7 points of risk),5 days since last visit (+6 points of risk),"Tier-up nudge, personalized bundle",1816.6000000000001
M008122,Silver,Hibernating,0.9579512,46 days since last visit (+15 points of risk),11 visits on record (+14 points of risk),visits roughly every 10 days (+13 points of risk),Bounce-back free drink + one-question why-survey,1816.28
M010742,Bronze,Hibernating,0.896868,11 visits on record (+13 points of risk),visiting 75% less often than their own usual pattern (+12 points of risk),37 days since last visit (+8 points of risk),Bounce-back free drink + one-question why-survey,1815.9
M011726,Gold,Hibernating,0.90000814,typical gap between visits is now 2.0x longer than their own usual pattern (+15 points of risk),a member for 400 days (+12 points of risk),46 days since last visit (+11 points of risk),Bounce-back free drink + one-question why-survey,1813.58
M008699,Bronze,Loyal,0.8221411,visiting 47% less often than their own usual pattern (+15 points of risk),11 visits on record (+13 points of risk),a member for 180 days (+9 points of risk),"Tier-up nudge, personalized bundle",1812.85
M008015,Bronze,Hibernating,0.94630265,82 days since last visit (+16 points of risk),typical gap between visits is now 2.9x longer than their own usual pattern (+12 points of risk),11 visits on record (+10 points of risk),Bounce-back free drink + one-question why-survey,1811.09
M019910,Bronze,Hibernating,0.7920218,a member for 292 days (+14 points of risk),73 days since last visit (+14 points of risk),visiting 61% less often than their own usual pattern (+8 points of risk),Bounce-back free drink + one-question why-survey,1810.57
M009019,Bronze,At-risk regulars,0.8267861,a member for 309 days (+14 points of risk),visiting 61% less often than their own usual pattern (+10 points of risk),7 visits on record (+5 points of risk),"15%-off win-back coupon + ""we miss you"" LINE mission",1810.33
M003680,Silver,Hibernating,0.79648805,visiting 58% less often than their own usual pattern (+13 points of risk),a member for 300 days (+11 points of risk),8 visits on record (+9 points of risk),Bounce-back free drink + one-question why-survey,1810.0500000000002
M018359,Bronze,Loyal,0.8871734,typical gap between visits is now 2.5x longer than their own usual pattern (+18 points of risk),a member for 371 days (+13 points of risk),12 visits on record (+12 points of risk),"Tier-up nudge, personalized bundle",1809.46
M013281,Bronze,Loyal,0.94469637,a member for 293 days (+13 points of risk),visiting 73% less often than their own usual pattern (+12 points of risk),visits roughly every 41 days (+11 points of risk),"Tier-up nudge, personalized bundle",1808.84
M006026,Bronze,Hibernating,0.8115443,70 days since last visit (+20 points of risk),a member for 226 days (+11 points of risk),visiting 40% less often than their own usual pattern (+8 points of risk),Bounce-back free drink + one-question why-survey,1808.69
M001458,Bronze,Loyal,0.92749625,visits roughly every 13 days (+13 points of risk),9 visits on record (+12 points of risk),visiting 50% less often than their own usual pattern (+8 points of risk),"Tier-up nudge, personalized bundle",1807.71
M011364,Bronze,Loyal,0.8771753,visiting 85% less often than their own usual pattern (+15 points of risk),12 visits on record (+15 points of risk),visits roughly every 12 days (+11 points of risk),"Tier-up nudge, personalized bundle",1805.96
M005901,Bronze,Hibernating,0.9679642,57 days since last visit (+20 points of risk),visits roughly every 12 days (+17 points of risk),9 visits on record (+7 points of risk),Bounce-back free drink + one-question why-survey,1804.24
M009368,Bronze,Loyal,0.8171131,15 visits on record (+13 points of risk),a member for 264 days (+9 points of risk),visiting 43% less often than their own usual pattern (+6 points of risk),"Tier-up nudge, personalized bundle",1801.8
M007916,Bronze,Hibernating,0.928943,visiting 72% less often than their own usual pattern (+12 points of risk),47 days since last visit (+11 points of risk),a member for 287 days (+10 points of risk),Bounce-back free drink + one-question why-survey,1801.78
M017618,Bronze,Loyal,0.8243346,visiting 49% less often than their own usual pattern (+14 points of risk),14 visits on record (+13 points of risk),a member for 256 days (+10 points of risk),"Tier-up nudge, personalized bundle",1801.44
M001184,Bronze,Hibernating,0.8383428,visiting 67% less often than their own usual pattern (+12 points of risk),a member for 343 days (+12 points of risk),12 visits on record (+11 points of risk),Bounce-back free drink + one-question why-survey,1800.73
M014566,Bronze,Loyal,0.8073212,a member for 271 days (+13 points of risk),10 visits on record (+7 points of risk),visits up 0% in the last 30 days vs. the 30 before (+4 points of risk),"Tier-up nudge, personalized bundle",1800.46
M016494,Silver,Hibernating,0.87958145,83 days since last visit (+14 points of risk),a member for 324 days (+12 points of risk),visiting 52% less often than their own usual pattern (+9 points of risk),Bounce-back free drink + one-question why-survey,1798.08
M000109,Silver,Loyal,0.90316886,a member for 306 days (+15 points of risk),visits roughly every 50 days (+12 points of risk),typical gap between visits is now 2.2x longer than their own usual pattern (+9 points of risk),"Tier-up nudge, personalized bundle",1795.55
M001014,Bronze,Loyal,0.8804339,visiting 88% less often than their own usual pattern (+14 points of risk),a member for 315 days (+13 points of risk),9 visits on record (+9 points of risk),"Tier-up nudge, personalized bundle",1794.66
M008510,Bronze,Hibernating,0.88768923,typical gap between visits is now 2.0x longer than their own usual pattern (+15 points of risk),45 days since last visit (+15 points of risk),a member for 226 days (+9 points of risk),Bounce-back free drink + one-question why-survey,1794.63
M019157,Bronze,Hibernating,0.9311298,79 days since last visit (+18 points of risk),a member for 353 days (+11 points of risk),14 visits on record (+11 points of risk),Bounce-back free drink + one-question why-survey,1794.22
M001693,Gold,Hibernating,0.82873154,a member for 345 days (+14 points of risk),63 days since last visit (+13 points of risk),9 visits on record (+8 points of risk),Bounce-back free drink + one-question why-survey,1793.66
M019750,Silver,Hibernating,0.85626173,visiting 62% less often than their own usual pattern (+14 points of risk),11 visits on record (+14 points of risk),a member for 231 days (+8 points of risk),Bounce-back free drink + one-question why-survey,1793.17
M006223,Silver,Hibernating,0.83307457,48 days since last visit (+11 points of risk),visiting 42% less often than their own usual pattern (+10 points of risk),a member for 244 days (+9 points of risk),Bounce-back free drink + one-question why-survey,1792.83
M000202,Bronze,Hibernating,0.7933123,44 days since last visit (+10 points of risk),visiting 65% less often than their own usual pattern (+9 points of risk),a member for 185 days (+9 points of risk),Bounce-back free drink + one-question why-survey,1792.25
M009835,Bronze,Hibernating,0.8577414,77 days since last visit (+20 points of risk),a member for 275 days (+12 points of risk),9 visits on record (+8 points of risk),Bounce-back free drink + one-question why-survey,1791.83
M018160,Silver,Hibernating,0.9779388,82 days since last visit (+17 points of risk),13 visits on record (+12 points of risk),a member for 200 days (+9 points of risk),Bounce-back free drink + one-question why-survey,1790.39
M005932,Bronze,Loyal,0.9409098,12 visits on record (+14 points of risk),visiting 70% less often than their own usual pattern (+11 points of risk),visits roughly every 10 days (+9 points of risk),"Tier-up nudge, personalized bundle",1790.3
M014584,Bronze,Hibernating,0.9572114,61 days since last visit (+25 points of risk),visits roughly every 11 days (+14 points of risk),8 visits on record (+6 points of risk),Bounce-back free drink + one-question why-survey,1789.9
M005413,Silver,Hibernating,0.98891324,55 days since last visit (+15 points of risk),typical gap between visits is now 3.5x longer than their own usual pattern (+15 points of risk),11 visits on record (+11 points of risk),Bounce-back free drink + one-question why-survey,1789.69
M012163,Bronze,Hibernating,0.89364344,12 visits on record (+11 points of risk),visiting 57% less often than their own usual pattern (+11 points of risk),48 days since last visit (+10 points of risk),Bounce-back free drink + one-question why-survey,1787.9099999999999
M003094,Bronze,Loyal,0.9494902,visits roughly every 13 days (+15 points of risk),11 visits on record (+14 points of risk),34 days since last visit (+8 points of risk),"Tier-up nudge, personalized bundle",1786.83
M018684,Silver,Loyal,0.8182925,visiting 58% less often than their own usual pattern (+16 points of risk),9 visits on record (+11 points of risk),a member for 153 days (+9 points of risk),"Tier-up nudge, personalized bundle",1785.16
M017636,Bronze,Loyal,0.84149045,visiting 60% less often than their own usual pattern (+17 points of risk),a member for 340 days (+14 points of risk),13 visits on record (+10 points of risk),"Tier-up nudge, personalized bundle",1783.28
M000968,Bronze,Loyal,0.87570214,visiting 78% less often than their own usual pattern (+13 points of risk),14 visits on record (+13 points of risk),a member for 490 days (+8 points of risk),"Tier-up nudge, personalized bundle",1782.23
M010283,Bronze,Loyal,0.97348684,typical gap between visits is now 4.5x longer than their own usual pattern (+29 points of risk),14 visits on record (+13 points of risk),a member for 198 days (+8 points of risk),"Tier-up nudge, personalized bundle",1781.77
M003976,Bronze,Loyal,0.8314344,typical gap between visits is now 2.4x longer than their own usual pattern (+15 points of risk),8 visits on record (+9 points of risk),a member for 174 days (+9 points of risk),"Tier-up nudge, personalized bundle",1780.74
M005182,Bronze,Hibernating,0.986847,56 days since last visit (+14 points of risk),15 visits on record (+12 points of risk),visits roughly every 12 days (+10 points of risk),Bounce-back free drink + one-question why-survey,1778.1299999999999
M010198,Silver,Loyal,0.8650048,visiting 76% less often than their own usual pattern (+17 points of risk),11 visits on record (+10 points of risk),a member for 200 days (+10 points of risk),"Tier-up nudge, personalized bundle",1777.49
M009379,Bronze,Hibernating,0.8146002,visiting 68% less often than their own usual pattern (+14 points of risk),14 visits on record (+12 points of risk),45 days since last visit (+10 points of risk),Bounce-back free drink + one-question why-survey,1776.83
M015177,Bronze,Loyal,0.8776864,typical gap between visits is now 2.2x longer than their own usual pattern (+16 points of risk),a member for 332 days (+13 points of risk),9 visits on record (+11 points of risk),"Tier-up nudge, personalized bundle",1774.8200000000002
M003540,Silver,Loyal,0.848378,visiting 71% less often than their own usual pattern (+12 points of risk),a member for 207 days (+12 points of risk),visits roughly every 34 days (+6 points of risk),"Tier-up nudge, personalized bundle",1774.61
M019188,Silver,Loyal,0.9377903,11 visits on record (+14 points of risk),visits roughly every 9 days (+11 points of risk),31 days since last visit (+10 points of risk),"Tier-up nudge, personalized bundle",1773.67
M002988,Bronze,Loyal,0.85536593,typical gap between visits is now 2.2x longer than their own usual pattern (+17 points of risk),a member for 300 days (+12 points of risk),9 visits on record (+10 points of risk),"Tier-up nudge, personalized bundle",1772.17
M016865,Bronze,Loyal,0.7973068,visiting 83% less often than their own usual pattern (+18 points of risk),a member for 585 days (+13 points of risk),19 visits on record (+11 points of risk),"Tier-up nudge, personalized bundle",1771.44
M005033,Bronze,Hibernating,0.91691995,66 days since last visit (+24 points of risk),12 visits on record (+14 points of risk),visiting 38% less often than their own usual pattern (+5 points of risk),Bounce-back free drink + one-question why-survey,1768.73
M000800,Bronze,Hibernating,0.89958125,13 visits on record (+13 points of risk),visiting 49% less often than their own usual pattern (+11 points of risk),43 days since last visit (+11 points of risk),Bounce-back free drink + one-question why-survey,1768.25
M005876,Bronze,Loyal,0.83239484,10 visits on record (+12 points of risk),a member for 183 days (+7 points of risk),visits down 67% in the last 30 days vs. the 30 before (+6 points of risk),"Tier-up nudge, personalized bundle",1765.99
M002525,Bronze,Hibernating,0.940593,56 days since last visit (+16 points of risk),visiting 97% less often than their own usual pattern (+13 points of risk),a member for 298 days (+10 points of risk),Bounce-back free drink + one-question why-survey,1765.7
M005278,Silver,Hibernating,0.88386136,68 days since last visit (+19 points of risk),a member for 322 days (+11 points of risk),12 visits on record (+10 points of risk),Bounce-back free drink + one-question why-survey,1764.66
M013360,Bronze,Hibernating,0.8304318,63 days since last visit (+13 points of risk),a member for 383 days (+13 points of risk),10 visits on record (+9 points of risk),Bounce-back free drink + one-question why-survey,1763.69
M014199,Silver,Hibernating,0.82733375,a member for 410 days (+12 points of risk),13 visits on record (+10 points of risk),88 days since last visit (+10 points of risk),Bounce-back free drink + one-question why-survey,1763.21
M016243,Bronze,Loyal,0.9657769,13 visits on record (+15 points of risk),visiting 74% less often than their own usual pattern (+10 points of risk),visits roughly every 9 days (+8 points of risk),"Tier-up nudge, personalized bundle",1759.15
M019379,Bronze,Loyal,0.8201229,visiting 87% less often than their own usual pattern (+18 points of risk),9 visits on record (+10 points of risk),a member for 206 days (+9 points of risk),"Tier-up nudge, personalized bundle",1758.73
M016228,Bronze,Hibernating,0.9107235,visiting 74% less often than their own usual pattern (+12 points of risk),9 visits on record (+11 points of risk),43 days since last visit (+10 points of risk),Bounce-back free drink + one-question why-survey,1753.64
M004730,Bronze,Hibernating,0.9100012,41 days since last visit (+15 points of risk),10 visits on record (+11 points of risk),visits roughly every 15 days (+11 points of risk),Bounce-back free drink + one-question why-survey,1753.62
M013083,Bronze,Loyal,0.8208615,visiting 56% less often than their own usual pattern (+17 points of risk),a member for 200 days (+10 points of risk),10 visits on record (+10 points of risk),"Tier-up nudge, personalized bundle",1750.74
M019357,Bronze,Loyal,0.8884506,a member for 268 days (+14 points of risk),visiting 74% less often than their own usual pattern (+13 points of risk),9 visits on record (+8 points of risk),"Tier-up nudge, personalized bundle",1750.3799999999999
M000509,Bronze,Loyal,0.8056243,11 visits on record (+12 points of risk),visiting 43% less often than their own usual pattern (+11 points of risk),a member for 270 days (+9 points of risk),"Tier-up nudge, personalized bundle",1749.38
M012701,Bronze,Hibernating,0.9704973,13 visits on record (+13 points of risk),43 days since last visit (+12 points of risk),visits roughly every 11 days (+12 points of risk),Bounce-back free drink + one-question why-survey,1748.95
M007809,Bronze,Hibernating,0.8423547,51 days since last visit (+16 points of risk),visiting 74% less often than their own usual pattern (+13 points of risk),a member for 244 days (+9 points of risk),Bounce-back free drink + one-question why-survey,1747.59
M004778,Silver,Hibernating,0.90802014,typical gap between visits is now 2.0x longer than their own usual pattern (+19 points of risk),52 days since last visit (+15 points of risk),21 visits on record (+11 points of risk),Bounce-back free drink + one-question why-survey,1747.37
M011965,Bronze,Hibernating,0.8157084,a member for 308 days (+13 points of risk),61 days since last visit (+10 points of risk),visiting 39% less often than their own usual pattern (+8 points of risk),Bounce-back free drink + one-question why-survey,1746.79
M012525,Bronze,Hibernating,0.9546049,74 days since last visit (+21 points of risk),typical gap between visits is now 2.5x longer than their own usual pattern (+14 points of risk),13 visits on record (+12 points of risk),Bounce-back free drink + one-question why-survey,1745.9299999999998
M018325,Silver,Loyal,0.8088761,visiting 92% less often than their own usual pattern (+18 points of risk),9 visits on record (+10 points of risk),a member for 183 days (+8 points of risk),"Tier-up nudge, personalized bundle",1745.57
M017697,Silver,Hibernating,0.97546387,56 days since last visit (+17 points of risk),visits roughly every 12 days (+12 points of risk),10 visits on record (+10 points of risk),Bounce-back free drink + one-question why-survey,1743.3
M009265,Silver,Loyal,0.8219766,visiting 55% less often than their own usual pattern (+13 points of risk),11 visits on record (+13 points of risk),a member for 193 days (+8 points of risk),"Tier-up nudge, personalized bundle",1740.87
M008442,Silver,Loyal,0.9581232,a member for 353 days (+16 points of risk),visits roughly every 44 days (+14 points of risk),visiting 99% less often than their own usual pattern (+10 points of risk),"Tier-up nudge, personalized bundle",1740.3899999999999
M018040,Gold,Hibernating,0.8488041,78 days since last visit (+16 points of risk),a member for 389 days (+14 points of risk),visiting 95% less often than their own usual pattern (+12 points of risk),Bounce-back free drink + one-question why-survey,1739.83
M019490,Bronze,Hibernating,0.97672766,55 days since last visit (+15 points of risk),typical gap between visits is now 2.9x longer than their own usual pattern (+14 points of risk),11 visits on record (+12 points of risk),Bounce-back free drink + one-question why-survey,1738.8400000000001
M017039,Bronze,Loyal,0.87445086,visiting 93% less often than their own usual pattern (+13 points of risk),a member for 242 days (+11 points of risk),8 visits on record (+8 points of risk),"Tier-up nudge, personalized bundle",1738.68
M009635,Silver,Hibernating,0.8036301,8 visits on record (+9 points of risk),visiting 47% less often than their own usual pattern (+9 points of risk),a member for 220 days (+9 points of risk),Bounce-back free drink + one-question why-survey,1738.19
M004340,Bronze,Hibernating,0.954428,55 days since last visit (+15 points of risk),visiting 59% less often than their own usual pattern (+12 points of risk),10 visits on record (+11 points of risk),Bounce-back free drink + one-question why-survey,1737.6699999999998
M002750,Bronze,Loyal,0.8810345,visiting 51% less often than their own usual pattern (+11 points of risk),a member for 239 days (+9 points of risk),8 visits on record (+8 points of risk),"Tier-up nudge, personalized bundle",1737.54
M013100,Bronze,Hibernating,0.8349029,11 visits on record (+12 points of risk),41 days since last visit (+11 points of risk),a member for 257 days (+10 points of risk),Bounce-back free drink + one-question why-survey,1737.52
M002895,Bronze,Loyal,0.9039794,visits roughly every 10 days (+14 points of risk),9 visits on record (+13 points of risk),34 days since last visit (+12 points of risk),"Tier-up nudge, personalized bundle",1736.1999999999998
M005839,Bronze,Hibernating,0.9333986,47 days since last visit (+16 points of risk),9 visits on record (+12 points of risk),a member for 177 days (+9 points of risk),Bounce-back free drink + one-question why-survey,1736.02
M016503,Silver,Loyal,0.91817826,a member for 311 days (+14 points of risk),visiting 74% less often than their own usual pattern (+13 points of risk),10 visits on record (+9 points of risk),"Tier-up nudge, personalized bundle",1735.51
M001259,Bronze,Loyal,0.84194696,visiting 50% less often than their own usual pattern (+15 points of risk),14 visits on record (+14 points of risk),visits roughly every 11 days (+7 points of risk),"Tier-up nudge, personalized bundle",1732.37
M005529,Bronze,Loyal,0.87323374,a member for 287 days (+12 points of risk),visiting 36% less often than their own usual pattern (+10 points of risk),9 visits on record (+9 points of risk),"Tier-up nudge, personalized bundle",1731.86
M011476,Silver,Loyal,0.87649375,visiting 73% less often than their own usual pattern (+13 points of risk),10 visits on record (+12 points of risk),a member for 216 days (+7 points of risk),"Tier-up nudge, personalized bundle",1731.54
M018014,Bronze,Hibernating,0.87217003,51 days since last visit (+15 points of risk),9 visits on record (+11 points of risk),a member for 229 days (+9 points of risk),Bounce-back free drink + one-question why-survey,1730.29
M006390,Bronze,Hibernating,0.8655927,14 visits on record (+14 points of risk),visiting 67% less often than their own usual pattern (+14 points of risk),53 days since last visit (+13 points of risk),Bounce-back free drink + one-question why-survey,1729.59
M003428,Silver,Hibernating,0.8420588,visiting 99% less often than their own usual pattern (+15 points of risk),48 days since last visit (+13 points of risk),10 visits on record (+11 points of risk),Bounce-back free drink + one-question why-survey,1729.43
M002072,Bronze,Hibernating,0.90978295,47 days since last visit (+14 points of risk),a member for 387 days (+13 points of risk),typical gap between visits is now 3.5x longer than their own usual pattern (+12 points of risk),Bounce-back free drink + one-question why-survey,1728.13
M012616,Bronze,Hibernating,0.9042284,57 days since last visit (+13 points of risk),visiting 92% less often than their own usual pattern (+12 points of risk),a member for 365 days (+11 points of risk),Bounce-back free drink + one-question why-survey,1726.35
M011272,Bronze,Hibernating,0.98511535,74 days since last visit (+19 points of risk),13 visits on record (+12 points of risk),visits roughly every 13 days (+9 points of risk),Bounce-back free drink + one-question why-survey,1726.11
M001134,Bronze,Loyal,0.7912122,visits down 60% in the last 30 days vs. the 30 before (+15 points of risk),13 visits on record (+14 points of risk),visits roughly every 10 days (+12 points of risk),"Tier-up nudge, personalized bundle",1725.66
M019239,Bronze,Loyal,0.81843776,visiting 86% less often than their own usual pattern (+17 points of risk),17 visits on record (+13 points of risk),visited 6 different branches (+5 points of risk),"Tier-up nudge, personalized bundle",1724.8300000000002
M002383,Bronze,Hibernating,0.98248094,typical gap between visits is now 4.0x longer than their own usual pattern (+22 points of risk),11 visits on record (+12 points of risk),42 days since last visit (+10 points of risk),Bounce-back free drink + one-question why-survey,1721.6
M012611,Silver,Loyal,0.896989,visiting 90% less often than their own usual pattern (+15 points of risk),a member for 597 days (+12 points of risk),19 visits on record (+10 points of risk),"Tier-up nudge, personalized bundle",1720.48
M012429,Bronze,Loyal,0.8951368,visiting 92% less often than their own usual pattern (+15 points of risk),a member for 341 days (+15 points of risk),12 visits on record (+8 points of risk),"Tier-up nudge, personalized bundle",1720.41
M005538,Bronze,Loyal,0.84098893,visiting 84% less often than their own usual pattern (+19 points of risk),9 visits on record (+10 points of risk),a member for 194 days (+8 points of risk),"Tier-up nudge, personalized bundle",1719.31
M006014,Gold,Loyal,0.82761955,visiting 74% less often than their own usual pattern (+13 points of risk),a member for 295 days (+13 points of risk),9 visits on record (+10 points of risk),"Tier-up nudge, personalized bundle",1717.58
M014041,Silver,Loyal,0.79914916,visiting 58% less often than their own usual pattern (+16 points of risk),11 visits on record (+13 points of risk),a member for 370 days (+13 points of risk),"Tier-up nudge, personalized bundle",1714.18
M005940,Silver,Loyal,0.8858755,typical gap between visits is now 3.2x longer than their own usual pattern (+24 points of risk),9 visits on record (+11 points of risk),a member for 232 days (+8 points of risk),"Tier-up nudge, personalized bundle",1713.98
M016358,Silver,Hibernating,0.88483655,61 days since last visit (+16 points of risk),typical gap between visits is now 2.1x longer than their own usual pattern (+15 points of risk),a member for 243 days (+10 points of risk),Bounce-back free drink + one-question why-survey,1712.48
M002274,Bronze,Hibernating,0.8550702,52 days since last visit (+15 points of risk),10 visits on record (+10 points of risk),a member for 300 days (+10 points of risk),Bounce-back free drink + one-question why-survey,1712.33
M005442,Bronze,Hibernating,0.9474837,53 days since last visit (+16 points of risk),10 visits on record (+12 points of risk),visiting 52% less often than their own usual pattern (+11 points of risk),Bounce-back free drink + one-question why-survey,1710.42
M015406,Bronze,Loyal,0.85158235,visiting 36% less often than their own usual pattern (+15 points of risk),a member for 184 days (+9 points of risk),8 visits on record (+8 points of risk),"Tier-up nudge, personalized bundle",1710.29
M000913,Bronze,Hibernating,0.927135,visiting 98% less often than their own usual pattern (+14 points of risk),11 visits on record (+13 points of risk),40 days since last visit (+12 points of risk),Bounce-back free drink + one-question why-survey,1709.1399999999999
M015138,Bronze,Loyal,0.82288617,typical gap between visits is now 2.3x longer than their own usual pattern (+18 points of risk),a member for 258 days (+13 points of risk),11 visits on record (+12 points of risk),"Tier-up nudge, personalized bundle",1708.83
M016623,Bronze,Loyal,0.85932183,9 visits on record (+12 points of risk),visiting 39% less often than their own usual pattern (+10 points of risk),a member for 159 days (+9 points of risk),"Tier-up nudge, personalized bundle",1708.44
M012062,Bronze,Hibernating,0.9252388,68 days since last visit (+14 points of risk),a member for 340 days (+12 points of risk),visiting 63% less often than their own usual pattern (+12 points of risk),Bounce-back free drink + one-question why-survey,1707.74
M001613,Bronze,Hibernating,0.9023396,14 visits on record (+14 points of risk),visiting 79% less often than their own usual pattern (+13 points of risk),a member for 511 days (+12 points of risk),Bounce-back free drink + one-question why-survey,1707.53
M017616,Bronze,Hibernating,0.899086,53 days since last visit (+13 points of risk),12 visits on record (+12 points of risk),a member for 343 days (+11 points of risk),Bounce-back free drink + one-question why-survey,1706.9099999999999
M016057,Bronze,Hibernating,0.89047295,typical gap between visits is now 2.1x longer than their own usual pattern (+14 points of risk),a member for 409 days (+11 points of risk),13 visits on record (+11 points of risk),Bounce-back free drink + one-question why-survey,1703.69
M002106,Silver,Hibernating,0.8858891,63 days since last visit (+11 points of risk),a member for 296 days (+11 points of risk),visiting 46% less often than their own usual pattern (+9 points of risk),Bounce-back free drink + one-question why-survey,1703.65
M001369,Silver,At-risk regulars,0.90135807,a member for 309 days (+17 points of risk),typical gap between visits is now 2.2x longer than their own usual pattern (+14 points of risk),visits roughly every 50 days (+11 points of risk),"15%-off win-back coupon + ""we miss you"" LINE mission",1701.94
M002745,Bronze,Loyal,0.7928888,visiting 57% less often than their own usual pattern (+14 points of risk),14 visits on record (+12 points of risk),a member for 379 days (+10 points of risk),"Tier-up nudge, personalized bundle",1700.6100000000001
M003134,Bronze,Loyal,0.8474186,11 visits on record (+15 points of risk),27 days since last visit (+10 points of risk),visits down 50% in the last 30 days vs. the 30 before (+8 points of risk),"Tier-up nudge, personalized bundle",1700.53
M011037,Bronze,Loyal,0.9017742,a member for 341 days (+15 points of risk),visiting 79% less often than their own usual pattern (+14 points of risk),11 visits on record (+9 points of risk),"Tier-up nudge, personalized bundle",1700.0700000000002
M009542,Silver,Loyal,0.7910967,visiting 53% less often than their own usual pattern (+17 points of risk),10 visits on record (+10 points of risk),a member for 199 days (+9 points of risk),"Tier-up nudge, personalized bundle",1699.93
M006291,Bronze,Hibernating,0.8651267,53 days since last visit (+12 points of risk),a member for 329 days (+10 points of risk),10 visits on record (+10 points of risk),Bounce-back free drink + one-question why-survey,1699.2
M001459,Silver,Hibernating,0.9004998,50 days since last visit (+14 points of risk),visiting 78% less often than their own usual pattern (+13 points of risk),a member for 265 days (+11 points of risk),Bounce-back free drink + one-question why-survey,1698.37
M001559,Gold,Hibernating,0.852358,typical gap between visits is now 2.3x longer than their own usual pattern (+14 points of risk),61 days since last visit (+14 points of risk),9 visits on record (+11 points of risk),Bounce-back free drink + one-question why-survey,1697.78
M014050,Bronze,Hibernating,0.8329169,a member for 306 days (+12 points of risk),49 days since last visit (+11 points of risk),9 visits on record (+10 points of risk),Bounce-back free drink + one-question why-survey,1696.58
M008719,Bronze,At-risk regulars,0.8285711,visiting 72% less often than their own usual pattern (+12 points of risk),a member for 210 days (+12 points of risk),7 visits on record (+4 points of risk),"15%-off win-back coupon + ""we miss you"" LINE mission",1696.5
M016328,Bronze,Loyal,0.85864353,typical gap between visits is now 2.3x longer than their own usual pattern (+17 points of risk),13 visits on record (+13 points of risk),a member for 261 days (+12 points of risk),"Tier-up nudge, personalized bundle",1694.8700000000001
M015812,Bronze,Loyal,0.9243638,a member for 397 days (+15 points of risk),typical gap between visits is now 2.1x longer than their own usual pattern (+14 points of risk),9 visits on record (+9 points of risk),"Tier-up nudge, personalized bundle",1694.36
M007209,Bronze,Loyal,0.8852504,visiting 95% less often than their own usual pattern (+15 points of risk),a member for 409 days (+13 points of risk),11 visits on record (+10 points of risk),"Tier-up nudge, personalized bundle",1694.19
M011219,Bronze,Hibernating,0.92233723,73 days since last visit (+14 points of risk),a member for 423 days (+11 points of risk),13 visits on record (+9 points of risk),Bounce-back free drink + one-question why-survey,1693.77
M008126,Bronze,Hibernating,0.9646722,62 days since last visit (+19 points of risk),visits roughly every 12 days (+12 points of risk),11 visits on record (+11 points of risk),Bounce-back free drink + one-question why-survey,1693.67
M011849,Bronze,Hibernating,0.9286051,10 visits on record (+14 points of risk),40 days since last visit (+13 points of risk),visits roughly every 10 days (+12 points of risk),Bounce-back free drink + one-question why-survey,1691.59
M017552,Bronze,Hibernating,0.86446613,54 days since last visit (+29 points of risk),visits roughly every 7 days (+9 points of risk),9 visits on record (+8 points of risk),Bounce-back free drink + one-question why-survey,1690.0900000000001
M015652,Bronze,Hibernating,0.9562724,57 days since last visit (+18 points of risk),visits roughly every 12 days (+13 points of risk),8 visits on record (+9 points of risk),Bounce-back free drink + one-question why-survey,1688.19
M007462,Bronze,Loyal,0.8867906,typical gap between visits is now 2.7x longer than their own usual pattern (+18 points of risk),14 visits on record (+16 points of risk),a member for 532 days (+15 points of risk),"Tier-up nudge, personalized bundle",1687.88
M017495,Silver,Loyal,0.95345527,a member for 360 days (+14 points of risk),visiting 40% less often than their own usual pattern (+9 points of risk),11 visits on record (+9 points of risk),"Tier-up nudge, personalized bundle",1687.58
M005854,Bronze,Loyal,0.9400026,typical gap between visits is now 3.3x longer than their own usual pattern (+16 points of risk),a member for 421 days (+14 points of risk),13 visits on record (+11 points of risk),"Tier-up nudge, personalized bundle",1687.35
M010824,Bronze,Hibernating,0.98922706,typical gap between visits is now 6.0x longer than their own usual pattern (+22 points of risk),56 days since last visit (+14 points of risk),11 visits on record (+10 points of risk),Bounce-back free drink + one-question why-survey,1684.72
M003246,Silver,Loyal,0.825477,visiting 100% less often than their own usual pattern (+14 points of risk),a member for 304 days (+13 points of risk),9 visits on record (+11 points of risk),"Tier-up nudge, personalized bundle",1682.6200000000001
M008246,Bronze,Hibernating,0.8300229,51 days since last visit (+16 points of risk),14 visits on record (+16 points of risk),visiting 57% less often than their own usual pattern (+12 points of risk),Bounce-back free drink + one-question why-survey,1682.61
M019454,Bronze,Loyal,0.9587936,typical gap between visits is now 3.1x longer than their own usual pattern (+17 points of risk),a member for 421 days (+14 points of risk),14 visits on record (+11 points of risk),"Tier-up nudge, personalized bundle",1682.26
M009591,Bronze,Hibernating,0.9624597,54 days since last visit (+17 points of risk),8 visits on record (+10 points of risk),a member for 159 days (+9 points of risk),Bounce-back free drink + one-question why-survey,1681.69
M004515,Bronze,Hibernating,0.959715,12 visits on record (+15 points of risk),42 days since last visit (+13 points of risk),visits roughly every 9 days (+9 points of risk),Bounce-back free drink + one-question why-survey,1681.6000000000001
M017497,Bronze,Hibernating,0.8906313,60 days since last visit (+14 points of risk),visiting 48% less often than their own usual pattern (+12 points of risk),a member for 231 days (+9 points of risk),Bounce-back free drink + one-question why-survey,1681.05
M016188,Silver,Hibernating,0.832226,60 days since last visit (+19 points of risk),8 visits on record (+10 points of risk),a member for 178 days (+9 points of risk),Bounce-back free drink + one-question why-survey,1679.91
M002776,Bronze,Loyal,0.9530991,a member for 373 days (+14 points of risk),visiting 70% less often than their own usual pattern (+12 points of risk),visits roughly every 41 days (+11 points of risk),"Tier-up nudge, personalized bundle",1679.57
M003595,Bronze,Loyal,0.80318815,a member for 253 days (+13 points of risk),visiting 39% less often than their own usual pattern (+9 points of risk),8 visits on record (+9 points of risk),"Tier-up nudge, personalized bundle",1679.37
M014511,Silver,Hibernating,0.8875439,36 days since last visit (+14 points of risk),9 visits on record (+13 points of risk),visits roughly every 9 days (+12 points of risk),Bounce-back free drink + one-question why-survey,1678.24
M017280,Bronze,Hibernating,0.88047254,63 days since last visit (+12 points of risk),visiting 54% less often than their own usual pattern (+12 points of risk),16 visits on record (+11 points of risk),Bounce-back free drink + one-question why-survey,1678.15
M016240,Bronze,Hibernating,0.94199204,typical gap between visits is now 2.2x longer than their own usual pattern (+15 points of risk),54 days since last visit (+13 points of risk),11 visits on record (+11 points of risk),Bounce-back free drink + one-question why-survey,1677.47
M001738,Bronze,Hibernating,0.96965134,70 days since last visit (+21 points of risk),visits roughly every 12 days (+11 points of risk),12 visits on record (+10 points of risk),Bounce-back free drink + one-question why-survey,1676.76
M004618,Silver,Loyal,0.9625696,a member for 348 days (+15 points of risk),visits roughly every 49 days (+13 points of risk),visiting 83% less often than their own usual pattern (+11 points of risk),"Tier-up nudge, personalized bundle",1673.75
M015288,Gold,Hibernating,0.8605376,71 days since last visit (+21 points of risk),typical gap between visits is now 2.9x longer than their own usual pattern (+13 points of risk),a member for 262 days (+13 points of risk),Bounce-back free drink + one-question why-survey,1673.01
M011027,Silver,Hibernating,0.96891844,52 days since last visit (+15 points of risk),10 visits on record (+13 points of risk),visits roughly every 11 days (+10 points of risk),Bounce-back free drink + one-question why-survey,1672.07
M008223,Bronze,Hibernating,0.8804683,72 days since last visit (+26 points of risk),a member for 277 days (+9 points of risk),13 visits on record (+8 points of risk),Bounce-back free drink + one-question why-survey,1670.6000000000001
M019227,Bronze,Loyal,0.82543665,visiting 76% less often than their own usual pattern (+18 points of risk),9 visits on record (+10 points of risk),a member for 221 days (+9 points of risk),"Tier-up nudge, personalized bundle",1668.59
M001594,Bronze,Loyal,0.89955395,visiting 51% less often than their own usual pattern (+11 points of risk),a member for 242 days (+9 points of risk),8 visits on record (+8 points of risk),"Tier-up nudge, personalized bundle",1667.6
M005250,Bronze,Hibernating,0.83523166,a member for 328 days (+12 points of risk),62 days since last visit (+12 points of risk),visiting 75% less often than their own usual pattern (+12 points of risk),Bounce-back free drink + one-question why-survey,1665.0600000000002
M005978,Silver,Hibernating,0.91697365,a member for 326 days (+15 points of risk),visiting 80% less often than their own usual pattern (+11 points of risk),47 days since last visit (+8 points of risk),Bounce-back free drink + one-question why-survey,1664.35
M013425,Bronze,Loyal,0.82823986,typical gap between visits is now 2.5x longer than their own usual pattern (+22 points of risk),13 visits on record (+13 points of risk),a member for 294 days (+10 points of risk),"Tier-up nudge, personalized bundle",1663.8500000000001
M004110,Silver,Hibernating,0.9632992,77 days since last visit (+19 points of risk),typical gap between visits is now 3.7x longer than their own usual pattern (+17 points of risk),a member for 274 days (+10 points of risk),Bounce-back free drink + one-question why-survey,1660.4099999999999
M011511,Bronze,Hibernating,0.86074513,76 days since last visit (+15 points of risk),a member for 352 days (+14 points of risk),8 visits on record (+8 points of risk),Bounce-back free drink + one-question why-survey,1659.8
M004080,Bronze,Hibernating,0.8970356,a member for 304 days (+15 points of risk),85 days since last visit (+15 points of risk),visits roughly every 44 days (+4 points of risk),Bounce-back free drink + one-question why-survey,1659.53
M004133,Bronze,Loyal,0.8037551,a member for 407 days (+14 points of risk),visiting 43% less often than their own usual pattern (+12 points of risk),14 visits on record (+9 points of risk),"Tier-up nudge, personalized bundle",1657.4
M003586,Bronze,Loyal,0.8354519,visiting 53% less often than their own usual pattern (+15 points of risk),a member for 270 days (+12 points of risk),10 visits on record (+8 points of risk),"Tier-up nudge, personalized bundle",1657.1299999999999
M013540,Bronze,Hibernating,0.90837973,54 days since last visit (+14 points of risk),visiting 57% less often than their own usual pattern (+12 points of risk),12 visits on record (+11 points of risk),Bounce-back free drink + one-question why-survey,1657.05
M001227,Bronze,Hibernating,0.9574628,81 days since last visit (+15 points of risk),typical gap between visits is now 2.0x longer than their own usual pattern (+14 points of risk),a member for 411 days (+11 points of risk),Bounce-back free drink + one-question why-survey,1652.67
M009137,Bronze,Loyal,0.8529749,visiting 50% less often than their own usual pattern (+15 points of risk),a member for 412 days (+14 points of risk),15 visits on record (+8 points of risk),"Tier-up nudge, personalized bundle",1650.87
M017684,Bronze,Hibernating,0.87245977,61 days since last visit (+17 points of risk),11 visits on record (+12 points of risk),a member for 240 days (+8 points of risk),Bounce-back free drink + one-question why-survey,1650.71
M008306,Bronze,Hibernating,0.9316746,visiting 90% less often than their own usual pattern (+14 points of risk),53 days since last visit (+14 points of risk),11 visits on record (+12 points of risk),Bounce-back free drink + one-question why-survey,1648.66
M016880,Silver,Hibernating,0.85358566,74 days since last visit (+20 points of risk),a member for 282 days (+10 points of risk),10 visits on record (+10 points of risk),Bounce-back free drink + one-question why-survey,1647.8600000000001
M002379,Bronze,Loyal,0.8968489,12 visits on record (+15 points of risk),visits roughly every 11 days (+12 points of risk),visits down 67% in the last 30 days vs. the 30 before (+8 points of risk),"Tier-up nudge, personalized bundle",1641.18
M007926,Bronze,Hibernating,0.8970818,visiting 76% less often than their own usual pattern (+16 points of risk),57 days since last visit (+15 points of risk),14 visits on record (+12 points of risk),Bounce-back free drink + one-question why-survey,1640.1
M016754,Bronze,Hibernating,0.8575485,59 days since last visit (+13 points of risk),visiting 65% less often than their own usual pattern (+12 points of risk),a member for 274 days (+12 points of risk),Bounce-back free drink + one-question why-survey,1638.69
M001784,Silver,Hibernating,0.93817234,typical gap between visits is now 2.9x longer than their own usual pattern (+19 points of risk),51 days since last visit (+16 points of risk),17 visits on record (+14 points of risk),Bounce-back free drink + one-question why-survey,1638.17
M008565,Bronze,Loyal,0.8377956,typical gap between visits is now 2.4x longer than their own usual pattern (+15 points of risk),9 visits on record (+12 points of risk),a member for 349 days (+12 points of risk),"Tier-up nudge, personalized bundle",1637.7
M013755,Bronze,Loyal,0.93042064,a member for 390 days (+15 points of risk),visiting 71% less often than their own usual pattern (+13 points of risk),12 visits on record (+8 points of risk),"Tier-up nudge, personalized bundle",1637.0
M002611,Bronze,Hibernating,0.8315855,70 days since last visit (+20 points of risk),a member for 297 days (+11 points of risk),10 visits on record (+9 points of risk),Bounce-back free drink + one-question why-survey,1635.22
M007418,Silver,Hibernating,0.7914696,a member for 315 days (+16 points of risk),typical gap between visits is now 2.0x longer than their own usual pattern (+12 points of risk),41 days since last visit (+7 points of risk),Bounce-back free drink + one-question why-survey,1634.89
M009758,Bronze,Loyal,0.88226885,a member for 411 days (+15 points of risk),visiting 81% less often than their own usual pattern (+15 points of risk),10 visits on record (+10 points of risk),"Tier-up nudge, personalized bundle",1634.23
M002074,Bronze,Loyal,0.8400536,typical gap between visits is now 2.4x longer than their own usual pattern (+16 points of risk),10 visits on record (+11 points of risk),a member for 195 days (+9 points of risk),"Tier-up nudge, personalized bundle",1630.27
M007648,Bronze,Hibernating,0.82785875,a member for 364 days (+13 points of risk),63 days since last visit (+12 points of risk),11 visits on record (+11 points of risk),Bounce-back free drink + one-question why-survey,1629.72
M010544,Bronze,Loyal,0.8709958,a member for 418 days (+15 points of risk),visiting 77% less often than their own usual pattern (+13 points of risk),13 visits on record (+10 points of risk),"Tier-up nudge, personalized bundle",1629.35
M009870,Silver,At-risk regulars,0.810805,8 visits on record (+11 points of risk),a member for 151 days (+7 points of risk),visiting 37% less often than their own usual pattern (+6 points of risk),"15%-off win-back coupon + ""we miss you"" LINE mission",1629.16
M011122,Silver,Loyal,0.87763655,typical gap between visits is now 3.4x longer than their own usual pattern (+18 points of risk),a member for 251 days (+12 points of risk),8 visits on record (+9 points of risk),"Tier-up nudge, personalized bundle",1628.98
M001087,Gold,Loyal,0.91072935,a member for 373 days (+15 points of risk),visits roughly every 41 days (+14 points of risk),10 visits on record (+8 points of risk),"Tier-up nudge, personalized bundle",1628.83
M003177,Bronze,Loyal,0.95000726,typical gap between visits is now 3.9x longer than their own usual pattern (+31 points of risk),11 visits on record (+13 points of risk),visits roughly every 13 days (+10 points of risk),"Tier-up nudge, personalized bundle",1628.35
M019363,Bronze,Hibernating,0.97687066,54 days since last visit (+16 points of risk),13 visits on record (+14 points of risk),visits roughly every 12 days (+11 points of risk),Bounce-back free drink + one-question why-survey,1627.3899999999999
M015647,Bronze,Loyal,0.9133972,a member for 289 days (+14 points of risk),visiting 97% less often than their own usual pattern (+13 points of risk),9 visits on record (+9 points of risk),"Tier-up nudge, personalized bundle",1627.1
M016572,Bronze,Loyal,0.80295795,visiting 53% less often than their own usual pattern (+15 points of risk),9 visits on record (+11 points of risk),a member for 220 days (+7 points of risk),"Tier-up nudge, personalized bundle",1623.71
M008054,Bronze,Hibernating,0.9530756,10 visits on record (+15 points of risk),40 days since last visit (+13 points of risk),visits roughly every 10 days (+10 points of risk),Bounce-back free drink + one-question why-survey,1623.3799999999999
M010692,Silver,Loyal,0.79131585,visiting 96% less often than their own usual pattern (+13 points of risk),10 visits on record (+11 points of risk),a member for 342 days (+10 points of risk),"Tier-up nudge, personalized bundle",1622.95
M002265,Bronze,Hibernating,0.79762805,visiting 89% less often than their own usual pattern (+14 points of risk),a member for 338 days (+12 points of risk),9 visits on record (+11 points of risk),Bounce-back free drink + one-question why-survey,1621.91
M009644,Silver,Loyal,0.84136164,10 visits on record (+15 points of risk),visits roughly every 12 days (+11 points of risk),visiting 37% less often than their own usual pattern (+10 points of risk),"Tier-up nudge, personalized bundle",1621.36
M013864,Bronze,Loyal,0.8912248,typical gap between visits is now 2.2x longer than their own usual pattern (+16 points of risk),a member for 350 days (+14 points of risk),10 visits on record (+11 points of risk),"Tier-up nudge, personalized bundle",1621.11
M001523,Bronze,Hibernating,0.97429276,58 days since last visit (+15 points of risk),11 visits on record (+13 points of risk),a member for 207 days (+8 points of risk),Bounce-back free drink + one-question why-survey,1620.9
M011681,Silver,Loyal,0.924284,visits roughly every 42 days (+15 points of risk),a member for 548 days (+14 points of risk),14 visits on record (+12 points of risk),"Tier-up nudge, personalized bundle",1620.72
M003002,Bronze,Loyal,0.85520095,a member for 330 days (+14 points of risk),visiting 53% less often than their own usual pattern (+11 points of risk),10 visits on record (+9 points of risk),"Tier-up nudge, personalized bundle",1617.87
M013772,Bronze,Loyal,0.9523724,a member for 413 days (+14 points of risk),typical gap between visits is now 2.1x longer than their own usual pattern (+11 points of risk),visits roughly every 45 days (+11 points of risk),"Tier-up nudge, personalized bundle",1617.27
M018644,Bronze,Hibernating,0.8857086,12 visits on record (+15 points of risk),56 days since last visit (+13 points of risk),visiting 56% less often than their own usual pattern (+12 points of risk),Bounce-back free drink + one-question why-survey,1617.05
M006201,Silver,At-risk regulars,0.80608433,visiting 49% less often than their own usual pattern (+13 points of risk),a member for 169 days (+8 points of risk),visits up 0% in the last 30 days vs. the 30 before (+5 points of risk),"15%-off win-back coupon + ""we miss you"" LINE mission",1616.49
M013081,Gold,Loyal,0.8891107,typical gap between visits is now 2.7x longer than their own usual pattern (+16 points of risk),12 visits on record (+15 points of risk),a member for 409 days (+14 points of risk),"Tier-up nudge, personalized bundle",1616.41
M013118,Bronze,Hibernating,0.9320099,85 days since last visit (+14 points of risk),a member for 266 days (+11 points of risk),visiting 47% less often than their own usual pattern (+10 points of risk),Bounce-back free drink + one-question why-survey,1612.75
M004406,Bronze,Hibernating,0.9364973,11 visits on record (+15 points of risk),visits roughly every 12 days (+13 points of risk),35 days since last visit (+7 points of risk),Bounce-back free drink + one-question why-survey,1612.3
M017250,Bronze,Hibernating,0.98436445,typical gap between visits is now 5.0x longer than their own usual pattern (+23 points of risk),12 visits on record (+12 points of risk),38 days since last visit (+9 points of risk),Bounce-back free drink + one-question why-survey,1611.06
M009077,Bronze,Loyal,0.8322405,visiting 62% less often than their own usual pattern (+17 points of risk),a member for 177 days (+9 points of risk),8 visits on record (+9 points of risk),"Tier-up nudge, personalized bundle",1610.67
M018907,Bronze,Hibernating,0.8662872,87 days since last visit (+33 points of risk),visits roughly every 16 days (+11 points of risk),a member for 198 days (+7 points of risk),Bounce-back free drink + one-question why-survey,1609.7
M002583,Bronze,Loyal,0.8801925,visiting 42% less often than their own usual pattern (+12 points of risk),a member for 243 days (+10 points of risk),8 visits on record (+8 points of risk),"Tier-up nudge, personalized bundle",1608.4699999999998
M017372,Silver,Hibernating,0.91354096,11 visits on record (+16 points of risk),visits roughly every 11 days (+13 points of risk),35 days since last visit (+8 points of risk),Bounce-back free drink + one-question why-survey,1607.32
M002964,Bronze,Hibernating,0.9137427,59 days since last visit (+18 points of risk),visits roughly every 13 days (+16 points of risk),9 visits on record (+11 points of risk),Bounce-back free drink + one-question why-survey,1605.6
M003708,Bronze,Loyal,0.8347116,visiting 77% less often than their own usual pattern (+17 points of risk),10 visits on record (+10 points of risk),a member for 238 days (+8 points of risk),"Tier-up nudge, personalized bundle",1598.99
M010400,Bronze,Hibernating,0.8518687,40 days since last visit (+17 points of risk),9 visits on record (+14 points of risk),visits down 67% in the last 30 days vs. the 30 before (+7 points of risk),Bounce-back free drink + one-question why-survey,1598.16
M004891,Silver,Hibernating,0.8056273,83 days since last visit (+19 points of risk),a member for 240 days (+10 points of risk),visiting 44% less often than their own usual pattern (+10 points of risk),Bounce-back free drink + one-question why-survey,1597.6100000000001
M008462,Gold,Hibernating,0.88277304,46 days since last visit (+15 points of risk),visiting 55% less often than their own usual pattern (+13 points of risk),9 visits on record (+12 points of risk),Bounce-back free drink + one-question why-survey,1597.5
M004353,Bronze,Loyal,0.9666285,a member for 337 days (+15 points of risk),visits roughly every 47 days (+12 points of risk),visiting 84% less often than their own usual pattern (+10 points of risk),"Tier-up nudge, personalized bundle",1595.0700000000002
M000646,Silver,Loyal,0.8802873,visiting 57% less often than their own usual pattern (+15 points of risk),a member for 423 days (+15 points of risk),14 visits on record (+12 points of risk),"Tier-up nudge, personalized bundle",1593.2
M001343,Silver,Loyal,0.8370669,visiting 46% less often than their own usual pattern (+15 points of risk),11 visits on record (+11 points of risk),a member for 265 days (+11 points of risk),"Tier-up nudge, personalized bundle",1590.31
M002905,Bronze,Loyal,0.81047684,visiting 58% less often than their own usual pattern (+15 points of risk),10 visits on record (+12 points of risk),a member for 254 days (+9 points of risk),"Tier-up nudge, personalized bundle",1590.28
M016307,Silver,Hibernating,0.883525,54 days since last visit (+13 points of risk),visiting 50% less often than their own usual pattern (+12 points of risk),8 visits on record (+10 points of risk),Bounce-back free drink + one-question why-survey,1589.89
M000006,Silver,Hibernating,0.91028327,70 days since last visit (+21 points of risk),8 visits on record (+8 points of risk),a member for 204 days (+8 points of risk),Bounce-back free drink + one-question why-survey,1589.67
M007767,Bronze,Hibernating,0.9491246,87 days since last visit (+23 points of risk),visits roughly every 12 days (+15 points of risk),a member for 198 days (+9 points of risk),Bounce-back free drink + one-question why-survey,1586.74
M010515,Bronze,Hibernating,0.8911384,67 days since last visit (+18 points of risk),visiting 55% less often than their own usual pattern (+12 points of risk),a member for 372 days (+12 points of risk),Bounce-back free drink + one-question why-survey,1586.46
M012664,Bronze,Hibernating,0.8600877,86 days since last visit (+18 points of risk),visiting 62% less often than their own usual pattern (+14 points of risk),18 visits on record (+14 points of risk),Bounce-back free drink + one-question why-survey,1585.6999999999998
M010467,Silver,Hibernating,0.82034385,52 days since last visit (+17 points of risk),visiting 51% less often than their own usual pattern (+14 points of risk),a member for 231 days (+10 points of risk),Bounce-back free drink + one-question why-survey,1584.3
M004009,Silver,Hibernating,0.7914984,81 days since last visit (+23 points of risk),a member for 153 days (+9 points of risk),visits roughly every 14 days (+7 points of risk),Bounce-back free drink + one-question why-survey,1583.56
M008927,Bronze,Loyal,0.9774326,a member for 351 days (+14 points of risk),visits roughly every 44 days (+12 points of risk),visiting 71% less often than their own usual pattern (+10 points of risk),"Tier-up nudge, personalized bundle",1582.35
M015136,Bronze,Hibernating,0.93776983,72 days since last visit (+23 points of risk),a member for 176 days (+9 points of risk),visits roughly every 15 days (+9 points of risk),Bounce-back free drink + one-question why-survey,1581.5099999999998
M003401,Bronze,Hibernating,0.88936245,56 days since last visit (+15 points of risk),visiting 67% less often than their own usual pattern (+12 points of risk),a member for 408 days (+11 points of risk),Bounce-back free drink + one-question why-survey,1579.3700000000001
M010025,Silver,Hibernating,0.94876176,69 days since last visit (+16 points of risk),visiting 90% less often than their own usual pattern (+12 points of risk),a member for 420 days (+11 points of risk),Bounce-back free drink + one-question why-survey,1578.92
M014524,Silver,Hibernating,0.9441421,typical gap between visits is now 2.8x longer than their own usual pattern (+15 points of risk),73 days since last visit (+14 points of risk),12 visits on record (+11 points of risk),Bounce-back free drink + one-question why-survey,1578.52
M014706,Silver,Hibernating,0.9295088,typical gap between visits is now 2.4x longer than their own usual pattern (+15 points of risk),88 days since last visit (+13 points of risk),11 visits on record (+11 points of risk),Bounce-back free drink + one-question why-survey,1577.14
M009899,Bronze,Hibernating,0.9719748,60 days since last visit (+18 points of risk),11 visits on record (+11 points of risk),visits roughly every 11 days (+11 points of risk),Bounce-back free drink + one-question why-survey,1576.84
M008411,Bronze,At-risk regulars,0.8549103,a member for 334 days (+18 points of risk),visiting 85% less often than their own usual pattern (+12 points of risk),visits roughly every 52 days (+8 points of risk),"15%-off win-back coupon + ""we miss you"" LINE mission",1576.3899999999999
M015402,Bronze,Loyal,0.8322387,visiting 57% less often than their own usual pattern (+18 points of risk),9 visits on record (+10 points of risk),a member for 158 days (+10 points of risk),"Tier-up nudge, personalized bundle",1576.2
M010997,Bronze,Hibernating,0.8191511,a member for 310 days (+12 points of risk),visiting 59% less often than their own usual pattern (+11 points of risk),8 visits on record (+9 points of risk),Bounce-back free drink + one-question why-survey,1574.91
M015937,Bronze,Loyal,0.798961,visits roughly every 13 days (+13 points of risk),11 visits on record (+13 points of risk),visiting 33% less often than their own usual pattern (+9 points of risk),"Tier-up nudge, personalized bundle",1574.78
M012237,Silver,Hibernating,0.8341058,74 days since last visit (+15 points of risk),a member for 374 days (+12 points of risk),9 visits on record (+9 points of risk),Bounce-back free drink + one-question why-survey,1573.84
M006246,Silver,Hibernating,0.8675586,a member for 323 days (+12 points of risk),67 days since last visit (+11 points of risk),visiting 50% less often than their own usual pattern (+9 points of risk),Bounce-back free drink + one-question why-survey,1573.49
M018328,Bronze,Loyal,0.8240189,visiting 95% less often than their own usual pattern (+16 points of risk),10 visits on record (+11 points of risk),a member for 187 days (+9 points of risk),"Tier-up nudge, personalized bundle",1573.48
M007746,Bronze,Hibernating,0.8916535,40 days since last visit (+13 points of risk),8 visits on record (+11 points of risk),visits roughly every 14 days (+10 points of risk),Bounce-back free drink + one-question why-survey,1572.33
M000511,Silver,Hibernating,0.9399646,50 days since last visit (+15 points of risk),11 visits on record (+13 points of risk),visiting 46% less often than their own usual pattern (+9 points of risk),Bounce-back free drink + one-question why-survey,1566.16
M018188,Bronze,Hibernating,0.8188985,a member for 359 days (+12 points of risk),48 days since last visit (+12 points of risk),12 visits on record (+11 points of risk),Bounce-back free drink + one-question why-survey,1566.07
M004633,Bronze,Hibernating,0.9420038,71 days since last visit (+14 points of risk),a member for 542 days (+12 points of risk),13 visits on record (+11 points of risk),Bounce-back free drink + one-question why-survey,1564.1599999999999
M001032,Silver,Hibernating,0.9309317,72 days since last visit (+13 points of risk),a member for 397 days (+12 points of risk),visiting 78% less often than their own usual pattern (+11 points of risk),Bounce-back free drink + one-question why-survey,1562.3500000000001
M006862,Bronze,Loyal,0.9122694,a member for 367 days (+14 points of risk),visiting 61% less often than their own usual pattern (+12 points of risk),9 visits on record (+10 points of risk),"Tier-up nudge, personalized bundle",1561.39
M000620,Bronze,Hibernating,0.9527793,47 days since last visit (+18 points of risk),visits roughly every 14 days (+17 points of risk),a member for 169 days (+8 points of risk),Bounce-back free drink + one-question why-survey,1560.79
M014262,Silver,Hibernating,0.8826844,visiting 61% less often than their own usual pattern (+14 points of risk),a member for 419 days (+11 points of risk),10 visits on record (+11 points of risk),Bounce-back free drink + one-question why-survey,1559.85
M010304,Silver,Loyal,0.8377772,visiting 71% less often than their own usual pattern (+18 points of risk),9 visits on record (+11 points of risk),a member for 183 days (+9 points of risk),"Tier-up nudge, personalized bundle",1559.54
M001702,Bronze,Hibernating,0.92432153,57 days since last visit (+16 points of risk),typical gap between visits is now 2.2x longer than their own usual pattern (+14 points of risk),a member for 256 days (+11 points of risk),Bounce-back free drink + one-question why-survey,1559.2
M005664,Bronze,Hibernating,0.87597334,visiting 90% less often than their own usual pattern (+15 points of risk),50 days since last visit (+14 points of risk),a member for 331 days (+11 points of risk),Bounce-back free drink + one-question why-survey,1557.58
M005358,Silver,Loyal,0.8541568,typical gap between visits is now 2.0x longer than their own usual pattern (+18 points of risk),13 visits on record (+11 points of risk),a member for 442 days (+9 points of risk),"Tier-up nudge, personalized bundle",1555.81
M016311,Silver,Hibernating,0.9366528,71 days since last visit (+16 points of risk),visiting 64% less often than their own usual pattern (+11 points of risk),a member for 301 days (+10 points of risk),Bounce-back free drink + one-question why-survey,1555.6599999999999
M009556,Silver,Loyal,0.8490998,a member for 370 days (+14 points of risk),visiting 84% less often than their own usual pattern (+14 points of risk),9 visits on record (+10 points of risk),"Tier-up nudge, personalized bundle",1555.58
M013263,Silver,Loyal,0.7951172,visiting 89% less often than their own usual pattern (+15 points of risk),a member for 298 days (+12 points of risk),9 visits on record (+10 points of risk),"Tier-up nudge, personalized bundle",1554.47
M009510,Bronze,Hibernating,0.95303607,51 days since last visit (+13 points of risk),11 visits on record (+12 points of risk),visiting 48% less often than their own usual pattern (+11 points of risk),Bounce-back free drink + one-question why-survey,1554.12
M006153,Bronze,Loyal,0.92008436,a member for 350 days (+15 points of risk),visits roughly every 49 days (+11 points of risk),8 visits on record (+10 points of risk),"Tier-up nudge, personalized bundle",1552.16
M013098,Bronze,Hibernating,0.8031122,typical gap between visits is now 2.2x longer than their own usual pattern (+15 points of risk),42 days since last visit (+12 points of risk),a member for 193 days (+9 points of risk),Bounce-back free drink + one-question why-survey,1551.84
M015667,Silver,At-risk regulars,0.8923153,a member for 354 days (+15 points of risk),visiting 96% less often than their own usual pattern (+13 points of risk),8 visits on record (+9 points of risk),"15%-off win-back coupon + ""we miss you"" LINE mission",1551.6799999999998
M017581,Bronze,Hibernating,0.83604735,59 days since last visit (+13 points of risk),a member for 372 days (+11 points of risk),10 visits on record (+10 points of risk),Bounce-back free drink + one-question why-survey,1551.5900000000001
M016508,Silver,Hibernating,0.97999084,49 days since last visit (+17 points of risk),11 visits on record (+13 points of risk),typical gap between visits is now 2.7x longer than their own usual pattern (+9 points of risk),Bounce-back free drink + one-question why-survey,1550.0400000000002
M002672,Silver,Hibernating,0.8529984,64 days since last visit (+15 points of risk),visiting 87% less often than their own usual pattern (+13 points of risk),a member for 414 days (+12 points of risk),Bounce-back free drink + one-question why-survey,1549.15
M019274,Bronze,Loyal,0.82118875,visiting 68% less often than their own usual pattern (+16 points of risk),13 visits on record (+15 points of risk),a member for 507 days (+9 points of risk),"Tier-up nudge, personalized bundle",1548.6200000000001
M018782,Silver,Loyal,0.8529449,visiting 52% less often than their own usual pattern (+14 points of risk),10 visits on record (+11 points of risk),a member for 228 days (+8 points of risk),"Tier-up nudge, personalized bundle",1548.61
M009827,Bronze,Loyal,0.82583857,visiting 65% less often than their own usual pattern (+13 points of risk),a member for 234 days (+9 points of risk),8 visits on record (+7 points of risk),"Tier-up nudge, personalized bundle",1548.4
M015665,Bronze,Loyal,0.86912984,visits roughly every 12 days (+14 points of risk),10 visits on record (+12 points of risk),visits down 50% in the last 30 days vs. the 30 before (+9 points of risk),"Tier-up nudge, personalized bundle",1548.26
M003132,Bronze,Hibernating,0.84497005,visiting 74% less often than their own usual pattern (+14 points of risk),11 visits on record (+11 points of risk),a member for 410 days (+11 points of risk),Bounce-back free drink + one-question why-survey,1548.2
M019519,Bronze,Hibernating,0.79904,typical gap between visits is now 3.3x longer than their own usual pattern (+18 points of risk),12 visits on record (+13 points of risk),a member for 404 days (+10 points of risk),Bounce-back free drink + one-question why-survey,1547.53
M004654,Silver,Loyal,0.83924586,a member for 409 days (+15 points of risk),11 visits on record (+11 points of risk),visiting 39% less often than their own usual pattern (+10 points of risk),"Tier-up nudge, personalized bundle",1547.2
M000080,Bronze,Hibernating,0.9188208,11 visits on record (+13 points of risk),38 days since last visit (+12 points of risk),visits roughly every 15 days (+9 points of risk),Bounce-back free drink + one-question why-survey,1546.6
M006998,Gold,Hibernating,0.8961971,a member for 352 days (+14 points of risk),54 days since last visit (+10 points of risk),8 visits on record (+10 points of risk),Bounce-back free drink + one-question why-survey,1545.49
M015805,Bronze,Loyal,0.84945315,visiting 58% less often than their own usual pattern (+14 points of risk),a member for 309 days (+13 points of risk),10 visits on record (+10 points of risk),"Tier-up nudge, personalized bundle",1545.16
M018320,Silver,Hibernating,0.9206062,61 days since last visit (+24 points of risk),visits roughly every 12 days (+14 points of risk),a member for 145 days (+8 points of risk),Bounce-back free drink + one-question why-survey,1544.52
M008066,Bronze,Loyal,0.86346567,visiting 58% less often than their own usual pattern (+17 points of risk),9 visits on record (+10 points of risk),a member for 215 days (+10 points of risk),"Tier-up nudge, personalized bundle",1542.71
M013451,Bronze,Hibernating,0.9647605,67 days since last visit (+20 points of risk),visiting 94% less often than their own usual pattern (+10 points of risk),9 visits on record (+9 points of risk),Bounce-back free drink + one-question why-survey,1542.62
M012767,Bronze,Hibernating,0.8573655,71 days since last visit (+18 points of risk),a member for 305 days (+11 points of risk),11 visits on record (+10 points of risk),Bounce-back free drink + one-question why-survey,1540.1299999999999
M010978,Bronze,Loyal,0.815278,a member for 299 days (+12 points of risk),visiting 57% less often than their own usual pattern (+11 points of risk),9 visits on record (+9 points of risk),"Tier-up nudge, personalized bundle",1540.12
M017640,Bronze,Loyal,0.96184444,visits roughly every 45 days (+12 points of risk),a member for 499 days (+12 points of risk),typical gap between visits is now 2.2x longer than their own usual pattern (+12 points of risk),"Tier-up nudge, personalized bundle",1539.6399999999999
M001012,Bronze,Hibernating,0.8891381,51 days since last visit (+13 points of risk),visiting 50% less often than their own usual pattern (+12 points of risk),11 visits on record (+11 points of risk),Bounce-back free drink + one-question why-survey,1538.52
M016542,Bronze,Hibernating,0.8887643,typical gap between visits is now 2.5x longer than their own usual pattern (+15 points of risk),46 days since last visit (+13 points of risk),a member for 278 days (+10 points of risk),Bounce-back free drink + one-question why-survey,1533.08
M003925,Bronze,Hibernating,0.8306209,8 visits on record (+10 points of risk),visits roughly every 15 days (+9 points of risk),35 days since last visit (+9 points of risk),Bounce-back free drink + one-question why-survey,1531.81
M002168,Bronze,Loyal,0.9172472,visiting 54% less often than their own usual pattern (+14 points of risk),a member for 252 days (+12 points of risk),11 visits on record (+10 points of risk),"Tier-up nudge, personalized bundle",1531.73
M004530,Bronze,Hibernating,0.83436567,73 days since last visit (+19 points of risk),a member for 422 days (+12 points of risk),15 visits on record (+9 points of risk),Bounce-back free drink + one-question why-survey,1531.49
M002110,Gold,Hibernating,0.89553833,50 days since last visit (+15 points of risk),typical gap between visits is now 2.0x longer than their own usual pattern (+12 points of risk),a member for 285 days (+10 points of risk),Bounce-back free drink + one-question why-survey,1530.99
M000975,Bronze,Hibernating,0.79309374,61 days since last visit (+11 points of risk),a member for 331 days (+10 points of risk),9 visits on record (+10 points of risk),Bounce-back free drink + one-question why-survey,1530.04
M012798,Bronze,Loyal,0.84161395,visiting 87% less often than their own usual pattern (+16 points of risk),a member for 399 days (+13 points of risk),13 visits on record (+11 points of risk),"Tier-up nudge, personalized bundle",1528.98
M009072,Silver,Loyal,0.8333774,typical gap between visits is now 2.4x longer than their own usual pattern (+16 points of risk),9 visits on record (+11 points of risk),a member for 285 days (+8 points of risk),"Tier-up nudge, personalized bundle",1526.26
M010056,Silver,Hibernating,0.8508856,typical gap between visits is now 2.1x longer than their own usual pattern (+14 points of risk),10 visits on record (+11 points of risk),a member for 359 days (+10 points of risk),Bounce-back free drink + one-question why-survey,1526.15
M009494,Silver,Loyal,0.8764303,typical gap between visits is now 2.1x longer than their own usual pattern (+20 points of risk),9 visits on record (+10 points of risk),a member for 201 days (+9 points of risk),"Tier-up nudge, personalized bundle",1522.3
M008629,Bronze,Loyal,0.9621765,typical gap between visits is now 6.2x longer than their own usual pattern (+28 points of risk),13 visits on record (+13 points of risk),a member for 203 days (+8 points of risk),"Tier-up nudge, personalized bundle",1520.42
M003065,Bronze,Hibernating,0.7936546,visiting 88% less often than their own usual pattern (+14 points of risk),10 visits on record (+11 points of risk),a member for 347 days (+10 points of risk),Bounce-back free drink + one-question why-survey,1518.5
M019467,Gold,At-risk regulars,0.8885535,a member for 211 days (+10 points of risk),visiting 61% less often than their own usual pattern (+9 points of risk),visits roughly every 35 days (+7 points of risk),"15%-off win-back coupon + ""we miss you"" LINE mission",1518.3700000000001
M008392,Bronze,At-risk regulars,0.8174003,a member for 234 days (+11 points of risk),visiting 38% less often than their own usual pattern (+11 points of risk),visits roughly every 39 days (+9 points of risk),"15%-off win-back coupon + ""we miss you"" LINE mission",1517.05
M003960,Silver,Hibernating,0.8527031,87 days since last visit (+11 points of risk),visiting 53% less often than their own usual pattern (+11 points of risk),11 visits on record (+10 points of risk),Bounce-back free drink + one-question why-survey,1515.02
M007719,Silver,Loyal,0.8841882,a member for 252 days (+12 points of risk),visiting 41% less often than their own usual pattern (+11 points of risk),9 visits on record (+8 points of risk),"Tier-up nudge, personalized bundle",1514.9
M015880,Silver,Loyal,0.84709543,visiting 54% less often than their own usual pattern (+16 points of risk),a member for 264 days (+12 points of risk),11 visits on record (+11 points of risk),"Tier-up nudge, personalized bundle",1514.15
M002067,Silver,Loyal,0.8721229,a member for 270 days (+13 points of risk),9 visits on record (+8 points of risk),visits roughly every 33 days (+7 points of risk),"Tier-up nudge, personalized bundle",1513.8
M007243,Bronze,Loyal,0.8191933,a member for 371 days (+14 points of risk),visiting 62% less often than their own usual pattern (+13 points of risk),11 visits on record (+11 points of risk),"Tier-up nudge, personalized bundle",1513.44
M019407,Bronze,Loyal,0.8506714,visiting 60% less often than their own usual pattern (+15 points of risk),a member for 264 days (+12 points of risk),9 visits on record (+9 points of risk),"Tier-up nudge, personalized bundle",1512.54
M009972,Bronze,Loyal,0.835209,visiting 49% less often than their own usual pattern (+12 points of risk),13 visits on record (+12 points of risk),a member for 267 days (+10 points of risk),"Tier-up nudge, personalized bundle",1511.83
M017101,Silver,Loyal,0.83838737,9 visits on record (+12 points of risk),33 days since last visit (+8 points of risk),a member for 162 days (+8 points of risk),"Tier-up nudge, personalized bundle",1511.74
M001551,Silver,Hibernating,0.8991615,visiting 84% less often than their own usual pattern (+14 points of risk),15 visits on record (+12 points of risk),46 days since last visit (+11 points of risk),Bounce-back free drink + one-question why-survey,1511.66
M001624,Bronze,Hibernating,0.8469437,visiting 39% less often than their own usual pattern (+11 points of risk),8 visits on record (+10 points of risk),a member for 204 days (+9 points of risk),Bounce-back free drink + one-question why-survey,1511.4299999999998
M018523,Silver,Loyal,0.88479304,visiting 60% less often than their own usual pattern (+16 points of risk),11 visits on record (+11 points of risk),a member for 198 days (+9 points of risk),"Tier-up nudge, personalized bundle",1510.14
M017625,Bronze,Hibernating,0.9104712,typical gap between visits is now 2.2x longer than their own usual pattern (+15 points of risk),16 visits on record (+13 points of risk),a member for 554 days (+10 points of risk),Bounce-back free drink + one-question why-survey,1510.1399999999999
M016824,Silver,Loyal,0.83243364,visiting 88% less often than their own usual pattern (+15 points of risk),a member for 333 days (+12 points of risk),9 visits on record (+10 points of risk),"Tier-up nudge, personalized bundle",1509.42
M011769,Bronze,Loyal,0.82461613,visiting 37% less often than their own usual pattern (+13 points of risk),11 visits on record (+13 points of risk),a member for 177 days (+10 points of risk),"Tier-up nudge, personalized bundle",1508.62
M004860,Bronze,Hibernating,0.96750724,67 days since last visit (+19 points of risk),10 visits on record (+11 points of risk),a member for 154 days (+8 points of risk),Bounce-back free drink + one-question why-survey,1508.56
M013104,Bronze,Loyal,0.8912977,a member for 339 days (+13 points of risk),visiting 94% less often than their own usual pattern (+13 points of risk),9 visits on record (+10 points of risk),"Tier-up nudge, personalized bundle",1508.47
M019263,Bronze,Hibernating,0.95009995,62 days since last visit (+14 points of risk),visiting 83% less often than their own usual pattern (+12 points of risk),a member for 268 days (+11 points of risk),Bounce-back free drink + one-question why-survey,1508.44
M013238,Bronze,Loyal,0.82259333,visiting 84% less often than their own usual pattern (+15 points of risk),a member for 226 days (+9 points of risk),9 visits on record (+9 points of risk),"Tier-up nudge, personalized bundle",1507.87
M016446,Bronze,Loyal,0.95533264,typical gap between visits is now 4.5x longer than their own usual pattern (+28 points of risk),13 visits on record (+12 points of risk),a member for 274 days (+11 points of risk),"Tier-up nudge, personalized bundle",1505.79
M004203,Bronze,Hibernating,0.83524203,63 days since last visit (+11 points of risk),a member for 432 days (+10 points of risk),12 visits on record (+9 points of risk),Bounce-back free drink + one-question why-survey,1505.46
M017399,Bronze,Hibernating,0.80022824,10 visits on record (+11 points of risk),37 days since last visit (+8 points of risk),a member for 216 days (+8 points of risk),Bounce-back free drink + one-question why-survey,1504.51
M016459,Bronze,Loyal,0.8284869,typical gap between visits is now 2.0x longer than their own usual pattern (+14 points of risk),a member for 189 days (+9 points of risk),8 visits on record (+9 points of risk),"Tier-up nudge, personalized bundle",1501.44
M000376,Silver,At-risk regulars,0.79893,a member for 220 days (+12 points of risk),visiting 98% less often than their own usual pattern (+9 points of risk),visits roughly every 36 days (+6 points of risk),"15%-off win-back coupon + ""we miss you"" LINE mission",1500.92
M016714,Silver,Hibernating,0.8861567,63 days since last visit (+11 points of risk),a member for 319 days (+11 points of risk),visiting 67% less often than their own usual pattern (+11 points of risk),Bounce-back free drink + one-question why-survey,1500.71
M000679,Bronze,Hibernating,0.9250641,9 visits on record (+13 points of risk),visits roughly every 14 days (+12 points of risk),38 days since last visit (+12 points of risk),Bounce-back free drink + one-question why-survey,1500.37
M009596,Bronze,Hibernating,0.87438786,11 visits on record (+12 points of risk),50 days since last visit (+12 points of risk),a member for 392 days (+11 points of risk),Bounce-back free drink + one-question why-survey,1499.93
M015511,Bronze,Hibernating,0.84509355,visiting 85% less often than their own usual pattern (+13 points of risk),45 days since last visit (+12 points of risk),10 visits on record (+11 points of risk),Bounce-back free drink + one-question why-survey,1499.8
M000069,Bronze,Loyal,0.8450916,visiting 77% less often than their own usual pattern (+15 points of risk),9 visits on record (+11 points of risk),a member for 184 days (+9 points of risk),"Tier-up nudge, personalized bundle",1499.22
M018949,Bronze,At-risk regulars,0.835863,a member for 206 days (+11 points of risk),visits roughly every 34 days (+7 points of risk),2 days since last visit (+5 points of risk),"15%-off win-back coupon + ""we miss you"" LINE mission",1498.43
M008689,Bronze,At-risk regulars,0.8067811,visiting 80% less often than their own usual pattern (+13 points of risk),a member for 277 days (+13 points of risk),8 visits on record (+8 points of risk),"15%-off win-back coupon + ""we miss you"" LINE mission",1498.36
M001516,Silver,Loyal,0.89161927,a member for 379 days (+15 points of risk),typical gap between visits is now 2.2x longer than their own usual pattern (+13 points of risk),10 visits on record (+10 points of risk),"Tier-up nudge, personalized bundle",1497.7
M002875,Silver,Loyal,0.94800305,a member for 379 days (+15 points of risk),visiting 78% less often than their own usual pattern (+12 points of risk),11 visits on record (+9 points of risk),"Tier-up nudge, personalized bundle",1497.21
M014587,Bronze,Hibernating,0.8284193,73 days since last visit (+16 points of risk),a member for 261 days (+14 points of risk),visiting 38% less often than their own usual pattern (+4 points of risk),Bounce-back free drink + one-question why-survey,1496.8
M011663,Bronze,Hibernating,0.89919496,typical gap between visits is now 2.2x longer than their own usual pattern (+20 points of risk),57 days since last visit (+14 points of risk),16 visits on record (+10 points of risk),Bounce-back free drink + one-question why-survey,1496.8
M006800,Bronze,Hibernating,0.9445854,56 days since last visit (+24 points of risk),visits roughly every 13 days (+18 points of risk),8 visits on record (+6 points of risk),Bounce-back free drink + one-question why-survey,1494.6
M002612,Bronze,Loyal,0.8808523,a member for 365 days (+15 points of risk),visiting 71% less often than their own usual pattern (+13 points of risk),9 visits on record (+10 points of risk),"Tier-up nudge, personalized bundle",1494.16
M006744,Silver,At-risk regulars,0.8461504,a member for 298 days (+15 points of risk),visiting 74% less often than their own usual pattern (+12 points of risk),visits roughly every 46 days (+6 points of risk),"15%-off win-back coupon + ""we miss you"" LINE mission",1492.4
M010823,Bronze,Hibernating,0.8634644,visiting 66% less often than their own usual pattern (+14 points of risk),66 days since last visit (+12 points of risk),15 visits on record (+11 points of risk),Bounce-back free drink + one-question why-survey,1492.08
M018318,Bronze,Loyal,0.9376087,visits roughly every 40 days (+15 points of risk),a member for 326 days (+13 points of risk),9 visits on record (+9 points of risk),"Tier-up nudge, personalized bundle",1491.3899999999999
M001925,Silver,Hibernating,0.80964065,9 visits on record (+10 points of risk),39 days since last visit (+10 points of risk),a member for 226 days (+9 points of risk),Bounce-back free drink + one-question why-survey,1489.79
M016440,Silver,Hibernating,0.90720934,57 days since last visit (+13 points of risk),visiting 91% less often than their own usual pattern (+12 points of risk),9 visits on record (+9 points of risk),Bounce-back free drink + one-question why-survey,1489.59
M005682,Bronze,Hibernating,0.97129303,58 days since last visit (+15 points of risk),11 visits on record (+12 points of risk),visits roughly every 10 days (+10 points of risk),Bounce-back free drink + one-question why-survey,1487.98
M012966,Bronze,Hibernating,0.86349416,visiting 60% less often than their own usual pattern (+11 points of risk),9 visits on record (+10 points of risk),a member for 276 days (+9 points of risk),Bounce-back free drink + one-question why-survey,1487.81
M007693,Bronze,Hibernating,0.8117371,49 days since last visit (+13 points of risk),visiting 56% less often than their own usual pattern (+11 points of risk),a member for 286 days (+10 points of risk),Bounce-back free drink + one-question why-survey,1486.44
M010810,Silver,Hibernating,0.8422764,57 days since last visit (+17 points of risk),typical gap between visits is now 2.7x longer than their own usual pattern (+16 points of risk),a member for 371 days (+13 points of risk),Bounce-back free drink + one-question why-survey,1486.25
M002437,Bronze,Loyal,0.8877537,a member for 284 days (+12 points of risk),visiting 40% less often than their own usual pattern (+11 points of risk),10 visits on record (+8 points of risk),"Tier-up nudge, personalized bundle",1484.2
M004760,Bronze,Hibernating,0.8779277,visiting 62% less often than their own usual pattern (+14 points of risk),42 days since last visit (+13 points of risk),10 visits on record (+12 points of risk),Bounce-back free drink + one-question why-survey,1483.26
M007228,Bronze,Loyal,0.8679487,11 visits on record (+13 points of risk),visits roughly every 15 days (+10 points of risk),a member for 182 days (+8 points of risk),"Tier-up nudge, personalized bundle",1481.37
M000847,Silver,Hibernating,0.9458805,50 days since last visit (+14 points of risk),9 visits on record (+11 points of risk),visiting 55% less often than their own usual pattern (+11 points of risk),Bounce-back free drink + one-question why-survey,1480.59
M006204,Bronze,Loyal,0.83384645,a member for 418 days (+15 points of risk),visits roughly every 38 days (+10 points of risk),12 visits on record (+9 points of risk),"Tier-up nudge, personalized bundle",1479.73
M017463,Silver,Hibernating,0.86092204,65 days since last visit (+14 points of risk),a member for 250 days (+13 points of risk),visiting 41% less often than their own usual pattern (+10 points of risk),Bounce-back free drink + one-question why-survey,1479.3600000000001
M004427,Bronze,Loyal,0.83191925,visiting 53% less often than their own usual pattern (+13 points of risk),11 visits on record (+12 points of risk),a member for 199 days (+9 points of risk),"Tier-up nudge, personalized bundle",1477.64
M010956,Silver,At-risk regulars,0.7939334,visits roughly every 41 days (+13 points of risk),a member for 256 days (+9 points of risk),146 points sitting unused (+6 points of risk),"15%-off win-back coupon + ""we miss you"" LINE mission",1477.03
M003139,Silver,Loyal,0.83335555,visits roughly every 13 days (+18 points of risk),9 visits on record (+11 points of risk),30 days since last visit (+7 points of risk),"Tier-up nudge, personalized bundle",1476.66
M003018,Silver,At-risk regulars,0.8450027,visiting 80% less often than their own usual pattern (+13 points of risk),a member for 276 days (+13 points of risk),8 visits on record (+9 points of risk),"15%-off win-back coupon + ""we miss you"" LINE mission",1476.59
M002157,Bronze,Hibernating,0.87166315,typical gap between visits is now 2.1x longer than their own usual pattern (+13 points of risk),10 visits on record (+11 points of risk),a member for 343 days (+10 points of risk),Bounce-back free drink + one-question why-survey,1475.68
M015529,Silver,Hibernating,0.93363285,a member for 426 days (+17 points of risk),typical gap between visits is now 2.5x longer than their own usual pattern (+13 points of risk),8 visits on record (+9 points of risk),Bounce-back free drink + one-question why-survey,1475.67
M018513,Bronze,Hibernating,0.8466753,a member for 383 days (+14 points of risk),63 days since last visit (+14 points of risk),10 visits on record (+9 points of risk),Bounce-back free drink + one-question why-survey,1474.5700000000002
M004522,Bronze,At-risk regulars,0.8478903,visiting 100% less often than their own usual pattern (+15 points of risk),a member for 321 days (+14 points of risk),8 visits on record (+9 points of risk),"15%-off win-back coupon + ""we miss you"" LINE mission",1473.0
M008018,Bronze,Hibernating,0.86638033,58 days since last visit (+18 points of risk),a member for 191 days (+10 points of risk),8 visits on record (+7 points of risk),Bounce-back free drink + one-question why-survey,1472.77
M012049,Bronze,At-risk regulars,0.8463343,visiting 50% less often than their own usual pattern (+11 points of risk),8 visits on record (+10 points of risk),a member for 190 days (+8 points of risk),"15%-off win-back coupon + ""we miss you"" LINE mission",1470.84
M007806,Bronze,At-risk regulars,0.88101465,a member for 293 days (+12 points of risk),typical gap between visits is now 2.0x longer than their own usual pattern (+10 points of risk),8 visits on record (+9 points of risk),"15%-off win-back coupon + ""we miss you"" LINE mission",1469.9
M000633,Bronze,Hibernating,0.94237006,51 days since last visit (+16 points of risk),8 visits on record (+10 points of risk),a member for 183 days (+10 points of risk),Bounce-back free drink + one-question why-survey,1469.51
M010250,Bronze,Loyal,0.8150668,visits roughly every 12 days (+13 points of risk),10 visits on record (+12 points of risk),visiting 30% less often than their own usual pattern (+5 points of risk),"Tier-up nudge, personalized bundle",1469.4
M014376,Bronze,Hibernating,0.89971936,58 days since last visit (+14 points of risk),10 visits on record (+11 points of risk),visiting 40% less often than their own usual pattern (+10 points of risk),Bounce-back free drink + one-question why-survey,1468.9099999999999
M011013,Bronze,Hibernating,0.9217016,visiting 58% less often than their own usual pattern (+11 points of risk),10 visits on record (+11 points of risk),a member for 264 days (+11 points of risk),Bounce-back free drink + one-question why-survey,1468.5
M012512,Bronze,Hibernating,0.8183411,typical gap between visits is now 2.4x longer than their own usual pattern (+14 points of risk),9 visits on record (+12 points of risk),42 days since last visit (+10 points of risk),Bounce-back free drink + one-question why-survey,1466.7
M000297,Bronze,Hibernating,0.9759064,73 days since last visit (+19 points of risk),9 visits on record (+10 points of risk),visits roughly every 11 days (+9 points of risk),Bounce-back free drink + one-question why-survey,1462.84
M004413,Bronze,Hibernating,0.9779001,typical gap between visits is now 5.1x longer than their own usual pattern (+20 points of risk),87 days since last visit (+13 points of risk),11 visits on record (+10 points of risk),Bounce-back free drink + one-question why-survey,1462.58
M011974,Gold,Hibernating,0.8256242,a member for 256 days (+12 points of risk),55 days since last visit (+12 points of risk),visiting 52% less often than their own usual pattern (+9 points of risk),Bounce-back free drink + one-question why-survey,1460.31
M018526,Bronze,Loyal,0.8301655,visiting 79% less often than their own usual pattern (+17 points of risk),10 visits on record (+10 points of risk),a member for 214 days (+9 points of risk),"Tier-up nudge, personalized bundle",1460.17
M007484,Silver,Hibernating,0.8860546,a member for 303 days (+14 points of risk),49 days since last visit (+11 points of risk),visiting 79% less often than their own usual pattern (+8 points of risk),Bounce-back free drink + one-question why-survey,1459.54
M000317,Silver,Loyal,0.8945193,typical gap between visits is now 2.3x longer than their own usual pattern (+20 points of risk),15 visits on record (+15 points of risk),a member for 522 days (+12 points of risk),"Tier-up nudge, personalized bundle",1458.65
M009995,Bronze,Hibernating,0.8190477,a member for 313 days (+12 points of risk),visiting 68% less often than their own usual pattern (+11 points of risk),8 visits on record (+10 points of risk),Bounce-back free drink + one-question why-survey,1458.47
M009698,Bronze,Loyal,0.9196522,visiting 63% less often than their own usual pattern (+13 points of risk),a member for 475 days (+10 points of risk),14 visits on record (+10 points of risk),"Tier-up nudge, personalized bundle",1458.23
M016055,Bronze,Loyal,0.9027207,a member for 450 days (+14 points of risk),10 visits on record (+11 points of risk),typical gap between visits is now 3.3x longer than their own usual pattern (+11 points of risk),"Tier-up nudge, personalized bundle",1457.3899999999999
M009623,Bronze,Hibernating,0.83470154,58 days since last visit (+13 points of risk),a member for 328 days (+10 points of risk),9 visits on record (+10 points of risk),Bounce-back free drink + one-question why-survey,1455.53
M003358,Bronze,Loyal,0.91033393,a member for 371 days (+16 points of risk),visiting 56% less often than their own usual pattern (+12 points of risk),11 visits on record (+9 points of risk),"Tier-up nudge, personalized bundle",1454.72
M017420,Silver,Hibernating,0.9229657,74 days since last visit (+14 points of risk),a member for 372 days (+12 points of risk),9 visits on record (+9 points of risk),Bounce-back free drink + one-question why-survey,1454.05
M002355,Bronze,Loyal,0.8564888,visits roughly every 38 days (+12 points of risk),a member for 343 days (+11 points of risk),10 visits on record (+8 points of risk),"Tier-up nudge, personalized bundle",1453.6999999999998
M014588,Bronze,At-risk regulars,0.8834688,a member for 351 days (+14 points of risk),visiting 40% less often than their own usual pattern (+10 points of risk),8 visits on record (+9 points of risk),"15%-off win-back coupon + ""we miss you"" LINE mission",1453.07
M019040,Bronze,Loyal,0.8087568,visiting 89% less often than their own usual pattern (+18 points of risk),12 visits on record (+13 points of risk),a member for 237 days (+7 points of risk),"Tier-up nudge, personalized bundle",1452.3
M015889,Silver,Loyal,0.8245303,visiting 79% less often than their own usual pattern (+18 points of risk),a member for 476 days (+10 points of risk),16 visits on record (+8 points of risk),"Tier-up nudge, personalized bundle",1451.6
M018929,Bronze,Hibernating,0.9285161,64 days since last visit (+14 points of risk),visiting 61% less often than their own usual pattern (+12 points of risk),9 visits on record (+11 points of risk),Bounce-back free drink + one-question why-survey,1451.45
M016363,Silver,Hibernating,0.90624404,69 days since last visit (+20 points of risk),visiting 49% less often than their own usual pattern (+10 points of risk),a member for 229 days (+9 points of risk),Bounce-back free drink + one-question why-survey,1450.41
M015371,Bronze,Loyal,0.8337466,a member for 327 days (+15 points of risk),visiting 39% less often than their own usual pattern (+11 points of risk),10 visits on record (+8 points of risk),"Tier-up nudge, personalized bundle",1447.68
M017686,Bronze,Hibernating,0.89412314,a member for 359 days (+12 points of risk),visiting 64% less often than their own usual pattern (+12 points of risk),9 visits on record (+11 points of risk),Bounce-back free drink + one-question why-survey,1447.06
M010721,Silver,At-risk regulars,0.81387794,visiting 58% less often than their own usual pattern (+16 points of risk),8 visits on record (+9 points of risk),a member for 165 days (+9 points of risk),"15%-off win-back coupon + ""we miss you"" LINE mission",1445.82
M001629,Bronze,Hibernating,0.81486076,a member for 363 days (+14 points of risk),63 days since last visit (+14 points of risk),typical gap between visits is now 2.2x longer than their own usual pattern (+13 points of risk),Bounce-back free drink + one-question why-survey,1445.49
M010135,Silver,Hibernating,0.8640912,57 days since last visit (+13 points of risk),a member for 363 days (+12 points of risk),9 visits on record (+10 points of risk),Bounce-back free drink + one-question why-survey,1444.96
M017066,Silver,Loyal,0.85831195,visiting 89% less often than their own usual pattern (+15 points of risk),a member for 476 days (+12 points of risk),visits roughly every 65 days (+10 points of risk),"Tier-up nudge, personalized bundle",1444.63
M015781,Bronze,Hibernating,0.9323064,44 days since last visit (+20 points of risk),visits roughly every 14 days (+15 points of risk),8 visits on record (+6 points of risk),Bounce-back free drink + one-question why-survey,1444.46
M009734,Bronze,Loyal,0.9182847,a member for 352 days (+13 points of risk),visiting 75% less often than their own usual pattern (+12 points of risk),10 visits on record (+10 points of risk),"Tier-up nudge, personalized bundle",1444.2
M005347,Bronze,Hibernating,0.8663955,visiting 90% less often than their own usual pattern (+16 points of risk),64 days since last visit (+13 points of risk),18 visits on record (+11 points of risk),Bounce-back free drink + one-question why-survey,1443.5
M013150,Silver,At-risk regulars,0.8213065,visits down 60% in the last 30 days vs. the 30 before (+20 points of risk),visits roughly every 13 days (+16 points of risk),8 visits on record (+5 points of risk),"15%-off win-back coupon + ""we miss you"" LINE mission",1443.36
M011641,Silver,Loyal,0.84799427,visits roughly every 12 days (+16 points of risk),10 visits on record (+12 points of risk),visiting 23% less often than their own usual pattern (+4 points of risk),"Tier-up nudge, personalized bundle",1440.81
M004981,Bronze,Hibernating,0.87785286,a member for 307 days (+12 points of risk),visiting 85% less often than their own usual pattern (+12 points of risk),47 days since last visit (+10 points of risk),Bounce-back free drink + one-question why-survey,1440.15
M013313,Bronze,Hibernating,0.9569317,typical gap between visits is now 3.8x longer than their own usual pattern (+23 points of risk),11 visits on record (+12 points of risk),a member for 319 days (+10 points of risk),Bounce-back free drink + one-question why-survey,1440.13
M002395,Bronze,Loyal,0.9192605,visiting 68% less often than their own usual pattern (+15 points of risk),11 visits on record (+12 points of risk),a member for 159 days (+10 points of risk),"Tier-up nudge, personalized bundle",1439.26
M018459,Silver,Hibernating,0.80229104,75 days since last visit (+16 points of risk),a member for 411 days (+10 points of risk),12 visits on record (+9 points of risk),Bounce-back free drink + one-question why-survey,1438.54
M001679,Bronze,Loyal,0.8483554,a member for 288 days (+11 points of risk),typical gap between visits is now 2.0x longer than their own usual pattern (+11 points of risk),9 visits on record (+10 points of risk),"Tier-up nudge, personalized bundle",1437.66
M013591,Silver,At-risk regulars,0.91206497,a member for 258 days (+14 points of risk),visiting 90% less often than their own usual pattern (+12 points of risk),8 visits on record (+8 points of risk),"15%-off win-back coupon + ""we miss you"" LINE mission",1436.98
M004811,Bronze,At-risk regulars,0.83839834,typical gap between visits is now 3.9x longer than their own usual pattern (+24 points of risk),8 visits on record (+9 points of risk),a member for 190 days (+9 points of risk),"15%-off win-back coupon + ""we miss you"" LINE mission",1435.28
M013216,Bronze,Hibernating,0.9069116,a member for 396 days (+15 points of risk),52 days since last visit (+10 points of risk),9 visits on record (+9 points of risk),Bounce-back free drink + one-question why-survey,1433.58
M012696,Bronze,Hibernating,0.9317045,74 days since last visit (+16 points of risk),a member for 378 days (+13 points of risk),typical gap between visits is now 2.1x longer than their own usual pattern (+11 points of risk),Bounce-back free drink + one-question why-survey,1430.67
M001080,Bronze,Hibernating,0.87390333,a member for 245 days (+11 points of risk),visiting 54% less often than their own usual pattern (+11 points of risk),47 days since last visit (+10 points of risk),Bounce-back free drink + one-question why-survey,1429.67
M000546,Silver,Hibernating,0.8620658,a member for 273 days (+15 points of risk),71 days since last visit (+11 points of risk),visiting 66% less often than their own usual pattern (+7 points of risk),Bounce-back free drink + one-question why-survey,1429.55
M013440,Bronze,Hibernating,0.8887179,51 days since last visit (+13 points of risk),visiting 56% less often than their own usual pattern (+12 points of risk),13 visits on record (+12 points of risk),Bounce-back free drink + one-question why-survey,1426.9
M013965,Silver,Hibernating,0.7991304,a member for 341 days (+13 points of risk),76 days since last visit (+13 points of risk),9 visits on record (+9 points of risk),Bounce-back free drink + one-question why-survey,1425.72
M003341,Bronze,Loyal,0.8926352,typical gap between visits is now 2.2x longer than their own usual pattern (+16 points of risk),a member for 377 days (+15 points of risk),13 visits on record (+10 points of risk),"Tier-up nudge, personalized bundle",1424.61
M010414,Bronze,Hibernating,0.8349091,56 days since last visit (+16 points of risk),13 visits on record (+12 points of risk),a member for 420 days (+10 points of risk),Bounce-back free drink + one-question why-survey,1424.07
M016749,Bronze,Hibernating,0.79662055,9 visits on record (+12 points of risk),visiting 56% less often than their own usual pattern (+12 points of risk),37 days since last visit (+10 points of risk),Bounce-back free drink + one-question why-survey,1422.58
M009603,Bronze,Hibernating,0.8598769,visiting 88% less often than their own usual pattern (+13 points of risk),11 visits on record (+12 points of risk),45 days since last visit (+11 points of risk),Bounce-back free drink + one-question why-survey,1421.12
M018422,Bronze,Hibernating,0.9335775,57 days since last visit (+14 points of risk),visiting 84% less often than their own usual pattern (+13 points of risk),15 visits on record (+11 points of risk),Bounce-back free drink + one-question why-survey,1418.88
M013483,Gold,Hibernating,0.9715217,75 days since last visit (+19 points of risk),visits roughly every 13 days (+11 points of risk),9 visits on record (+11 points of risk),Bounce-back free drink + one-question why-survey,1417.37
M019491,Silver,Hibernating,0.9078965,51 days since last visit (+16 points of risk),a member for 363 days (+15 points of risk),8 visits on record (+11 points of risk),Bounce-back free drink + one-question why-survey,1417.26
M019365,Bronze,Hibernating,0.9719874,47 days since last visit (+18 points of risk),visits roughly every 13 days (+17 points of risk),a member for 165 days (+9 points of risk),Bounce-back free drink + one-question why-survey,1416.88
M012924,Silver,Hibernating,0.809082,visiting 58% less often than their own usual pattern (+15 points of risk),11 visits on record (+12 points of risk),a member for 368 days (+11 points of risk),Bounce-back free drink + one-question why-survey,1416.7
M016682,Gold,Hibernating,0.90266347,a member for 518 days (+17 points of risk),typical gap between visits is now 2.1x longer than their own usual pattern (+16 points of risk),14 visits on record (+13 points of risk),Bounce-back free drink + one-question why-survey,1416.58
M010594,Bronze,Loyal,0.8630579,visiting 36% less often than their own usual pattern (+14 points of risk),10 visits on record (+10 points of risk),a member for 228 days (+9 points of risk),"Tier-up nudge, personalized bundle",1415.91
M016594,Silver,Hibernating,0.9198765,typical gap between visits is now 2.1x longer than their own usual pattern (+16 points of risk),79 days since last visit (+15 points of risk),a member for 522 days (+11 points of risk),Bounce-back free drink + one-question why-survey,1415.01
M010811,Silver,Loyal,0.83341503,10 visits on record (+12 points of risk),visiting 40% less often than their own usual pattern (+12 points of risk),a member for 221 days (+7 points of risk),"Tier-up nudge, personalized bundle",1414.82
M002982,Bronze,At-risk regulars,0.9378017,a member for 247 days (+14 points of risk),visits roughly every 40 days (+11 points of risk),visiting 54% less often than their own usual pattern (+10 points of risk),"15%-off win-back coupon + ""we miss you"" LINE mission",1414.7
M016829,Bronze,Hibernating,0.8541201,37 days since last visit (+12 points of risk),10 visits on record (+11 points of risk),a member for 190 days (+7 points of risk),Bounce-back free drink + one-question why-survey,1414.55
M016910,Bronze,Loyal,0.85806847,visiting 63% less often than their own usual pattern (+16 points of risk),9 visits on record (+11 points of risk),a member for 156 days (+9 points of risk),"Tier-up nudge, personalized bundle",1413.35
M000172,Bronze,At-risk regulars,0.8161502,a member for 313 days (+11 points of risk),8 visits on record (+10 points of risk),visiting 38% less often than their own usual pattern (+9 points of risk),"15%-off win-back coupon + ""we miss you"" LINE mission",1411.78
M017928,Bronze,Hibernating,0.89491296,a member for 337 days (+16 points of risk),63 days since last visit (+7 points of risk),visiting 53% less often than their own usual pattern (+7 points of risk),Bounce-back free drink + one-question why-survey,1411.61
M005107,Bronze,Loyal,0.82469016,visiting 74% less often than their own usual pattern (+15 points of risk),a member for 239 days (+9 points of risk),9 visits on record (+8 points of risk),"Tier-up nudge, personalized bundle",1410.58
M018754,Silver,Loyal,0.83729386,visiting 94% less often than their own usual pattern (+15 points of risk),9 visits on record (+11 points of risk),a member for 185 days (+8 points of risk),"Tier-up nudge, personalized bundle",1410.4
M003924,Bronze,Hibernating,0.8381287,57 days since last visit (+11 points of risk),a member for 424 days (+11 points of risk),10 visits on record (+10 points of risk),Bounce-back free drink + one-question why-survey,1409.65
M005449,Bronze,Loyal,0.81186867,typical gap between visits is now 2.4x longer than their own usual pattern (+14 points of risk),9 visits on record (+12 points of risk),a member for 414 days (+12 points of risk),"Tier-up nudge, personalized bundle",1407.6599999999999
M017744,Gold,Hibernating,0.8870446,a member for 347 days (+15 points of risk),66 days since last visit (+10 points of risk),8 visits on record (+8 points of risk),Bounce-back free drink + one-question why-survey,1407.3
M017516,Bronze,Hibernating,0.85533905,a member for 399 days (+15 points of risk),visiting 90% less often than their own usual pattern (+13 points of risk),83 days since last visit (+13 points of risk),Bounce-back free drink + one-question why-survey,1406.84
M004954,Bronze,Hibernating,0.8835496,typical gap between visits is now 3.4x longer than their own usual pattern (+20 points of risk),10 visits on record (+11 points of risk),a member for 293 days (+11 points of risk),Bounce-back free drink + one-question why-survey,1406.83
M014938,Bronze,Hibernating,0.8300722,10 visits on record (+10 points of risk),a member for 268 days (+9 points of risk),37 days since last visit (+8 points of risk),Bounce-back free drink + one-question why-survey,1405.69
M014090,Bronze,Hibernating,0.9605907,50 days since last visit (+16 points of risk),9 visits on record (+11 points of risk),visiting 81% less often than their own usual pattern (+11 points of risk),Bounce-back free drink + one-question why-survey,1405.3
M013682,Bronze,Hibernating,0.9079053,visits roughly every 11 days (+14 points of risk),44 days since last visit (+13 points of risk),10 visits on record (+13 points of risk),Bounce-back free drink + one-question why-survey,1404.49
M008248,Bronze,Hibernating,0.9288586,40 days since last visit (+12 points of risk),a member for 156 days (+11 points of risk),8 visits on record (+10 points of risk),Bounce-back free drink + one-question why-survey,1402.96
M012431,Silver,At-risk regulars,0.8041731,visiting 69% less often than their own usual pattern (+16 points of risk),a member for 161 days (+9 points of risk),visits up 0% in the last 30 days vs. the 30 before (+4 points of risk),"15%-off win-back coupon + ""we miss you"" LINE mission",1402.11
M019727,Bronze,Hibernating,0.8238994,78 days since last visit (+14 points of risk),a member for 328 days (+14 points of risk),8 visits on record (+7 points of risk),Bounce-back free drink + one-question why-survey,1401.78
M007248,Bronze,Loyal,0.8708552,a member for 367 days (+14 points of risk),visiting 50% less often than their own usual pattern (+10 points of risk),11 visits on record (+10 points of risk),"Tier-up nudge, personalized bundle",1401.49
M011023,Bronze,Hibernating,0.9566071,46 days since last visit (+15 points of risk),a member for 168 days (+10 points of risk),visiting 86% less often than their own usual pattern (+9 points of risk),Bounce-back free drink + one-question why-survey,1400.75
M006999,Silver,Loyal,0.8395997,a member for 400 days (+13 points of risk),11 visits on record (+10 points of risk),visits roughly every 39 days (+6 points of risk),"Tier-up nudge, personalized bundle",1399.97
M011419,Silver,Hibernating,0.97271526,87 days since last visit (+17 points of risk),10 visits on record (+11 points of risk),visits roughly every 10 days (+9 points of risk),Bounce-back free drink + one-question why-survey,1399.84
M013803,Silver,Loyal,0.9274268,a member for 270 days (+14 points of risk),visiting 65% less often than their own usual pattern (+12 points of risk),9 visits on record (+9 points of risk),"Tier-up nudge, personalized bundle",1399.59
M010041,Silver,Hibernating,0.94730824,73 days since last visit (+14 points of risk),typical gap between visits is now 2.1x longer than their own usual pattern (+13 points of risk),a member for 555 days (+13 points of risk),Bounce-back free drink + one-question why-survey,1399.24
M018136,Bronze,Hibernating,0.88854164,73 days since last visit (+16 points of risk),a member for 320 days (+15 points of risk),visiting 66% less often than their own usual pattern (+9 points of risk),Bounce-back free drink + one-question why-survey,1398.67
M002849,Silver,Hibernating,0.8636711,18 visits on record (+15 points of risk),visiting 45% less often than their own usual pattern (+12 points of risk),a member for 473 days (+6 points of risk),Bounce-back free drink + one-question why-survey,1397.95
M015800,Bronze,Loyal,0.8860441,typical gap between visits is now 2.3x longer than their own usual pattern (+17 points of risk),a member for 270 days (+12 points of risk),9 visits on record (+10 points of risk),"Tier-up nudge, personalized bundle",1397.27
M005423,Silver,Hibernating,0.85501796,typical gap between visits is now 2.3x longer than their own usual pattern (+19 points of risk),12 visits on record (+14 points of risk),a member for 466 days (+5 points of risk),Bounce-back free drink + one-question why-survey,1396.39
M004609,Bronze,Hibernating,0.957363,74 days since last visit (+16 points of risk),visiting 62% less often than their own usual pattern (+11 points of risk),a member for 303 days (+10 points of risk),Bounce-back free drink + one-question why-survey,1396.27
M010840,Gold,Hibernating,0.83245313,visiting 84% less often than their own usual pattern (+13 points of risk),87 days since last visit (+12 points of risk),a member for 587 days (+12 points of risk),Bounce-back free drink + one-question why-survey,1392.42
M011951,Silver,Hibernating,0.8940751,43 days since last visit (+14 points of risk),9 visits on record (+11 points of risk),a member for 176 days (+10 points of risk),Bounce-back free drink + one-question why-survey,1388.4
M006077,Bronze,At-risk regulars,0.7934247,visits roughly every 41 days (+14 points of risk),a member for 258 days (+11 points of risk),7 visits on record (+5 points of risk),"15%-off win-back coupon + ""we miss you"" LINE mission",1388.01
M005298,Silver,At-risk regulars,0.79611063,typical gap between visits is now 3.9x longer than their own usual pattern (+25 points of risk),a member for 239 days (+10 points of risk),8 visits on record (+9 points of risk),"15%-off win-back coupon + ""we miss you"" LINE mission",1387.31
M001998,Bronze,Loyal,0.81580424,visiting 36% less often than their own usual pattern (+13 points of risk),9 visits on record (+11 points of risk),a member for 179 days (+9 points of risk),"Tier-up nudge, personalized bundle",1386.53
M002208,Bronze,Hibernating,0.85530525,visits roughly every 11 days (+15 points of risk),38 days since last visit (+14 points of risk),8 visits on record (+10 points of risk),Bounce-back free drink + one-question why-survey,1386.33
M007311,Bronze,Loyal,0.9334505,visiting 90% less often than their own usual pattern (+15 points of risk),a member for 295 days (+13 points of risk),11 visits on record (+9 points of risk),"Tier-up nudge, personalized bundle",1386.27
M015164,Bronze,Hibernating,0.9466323,51 days since last visit (+15 points of risk),visiting 73% less often than their own usual pattern (+11 points of risk),a member for 200 days (+10 points of risk),Bounce-back free drink + one-question why-survey,1382.74
M018748,Bronze,Loyal,0.87228894,11 visits on record (+15 points of risk),34 days since last visit (+10 points of risk),typical gap between visits is now 2.5x longer than their own usual pattern (+8 points of risk),"Tier-up nudge, personalized bundle",1382.3
M002660,Bronze,Loyal,0.8727485,visiting 91% less often than their own usual pattern (+16 points of risk),10 visits on record (+11 points of risk),a member for 202 days (+10 points of risk),"Tier-up nudge, personalized bundle",1381.1100000000001
M013938,Bronze,Loyal,0.8292757,a member for 282 days (+14 points of risk),visiting 86% less often than their own usual pattern (+12 points of risk),9 visits on record (+9 points of risk),"Tier-up nudge, personalized bundle",1380.71
M010371,Silver,Hibernating,0.84817463,47 days since last visit (+13 points of risk),a member for 184 days (+10 points of risk),visiting 40% less often than their own usual pattern (+8 points of risk),Bounce-back free drink + one-question why-survey,1380.7
M010961,Silver,At-risk regulars,0.88584423,a member for 272 days (+15 points of risk),visiting 86% less often than their own usual pattern (+13 points of risk),visits roughly every 44 days (+12 points of risk),"15%-off win-back coupon + ""we miss you"" LINE mission",1380.18
M014270,Bronze,At-risk regulars,0.8837405,visits roughly every 48 days (+14 points of risk),a member for 240 days (+10 points of risk),2 days since last visit (+6 points of risk),"15%-off win-back coupon + ""we miss you"" LINE mission",1377.87
M006964,Bronze,Hibernating,0.9190641,72 days since last visit (+17 points of risk),12 visits on record (+14 points of risk),typical gap between visits is now 2.6x longer than their own usual pattern (+14 points of risk),Bounce-back free drink + one-question why-survey,1377.32
M002625,Bronze,Hibernating,0.82412034,75 days since last visit (+17 points of risk),a member for 283 days (+12 points of risk),visiting 41% less often than their own usual pattern (+9 points of risk),Bounce-back free drink + one-question why-survey,1377.17
M016143,Silver,Hibernating,0.8965734,a member for 409 days (+14 points of risk),77 days since last visit (+12 points of risk),9 visits on record (+9 points of risk),Bounce-back free drink + one-question why-survey,1376.01
M017043,Bronze,Hibernating,0.8037181,a member for 340 days (+13 points of risk),58 days since last visit (+12 points of risk),9 visits on record (+10 points of risk),Bounce-back free drink + one-question why-survey,1376.0
M016477,Bronze,Hibernating,0.8985256,74 days since last visit (+19 points of risk),a member for 304 days (+11 points of risk),10 visits on record (+9 points of risk),Bounce-back free drink + one-question why-survey,1374.53
M003529,Bronze,Hibernating,0.8505265,a member for 332 days (+18 points of risk),56 days since last visit (+15 points of risk),135 points sitting unused (+3 points of risk),Bounce-back free drink + one-question why-survey,1373.21
M006864,Bronze,Loyal,0.90873706,10 visits on record (+14 points of risk),visiting 62% less often than their own usual pattern (+11 points of risk),visits down 50% in the last 30 days vs. the 30 before (+8 points of risk),"Tier-up nudge, personalized bundle",1371.8600000000001
M010816,Silver,At-risk regulars,0.8538881,a member for 336 days (+13 points of risk),visiting 83% less often than their own usual pattern (+11 points of risk),8 visits on record (+10 points of risk),"15%-off win-back coupon + ""we miss you"" LINE mission",1371.4
M003068,Bronze,Loyal,0.94042456,typical gap between visits is now 2.6x longer than their own usual pattern (+17 points of risk),a member for 541 days (+15 points of risk),14 visits on record (+14 points of risk),"Tier-up nudge, personalized bundle",1370.49
M004474,Bronze,Hibernating,0.85369617,a member for 357 days (+12 points of risk),9 visits on record (+10 points of risk),43 days since last visit (+5 points of risk),Bounce-back free drink + one-question why-survey,1370.03
M005814,Bronze,Loyal,0.85659426,visiting 43% less often than their own usual pattern (+14 points of risk),9 visits on record (+11 points of risk),a member for 192 days (+8 points of risk),"Tier-up nudge, personalized bundle",1368.98
M001654,Bronze,Loyal,0.8962882,visiting 88% less often than their own usual pattern (+17 points of risk),a member for 252 days (+12 points of risk),10 visits on record (+10 points of risk),"Tier-up nudge, personalized bundle",1368.91
M005259,Silver,At-risk regulars,0.79513955,a member for 208 days (+11 points of risk),visiting 55% less often than their own usual pattern (+11 points of risk),visits roughly every 34 days (+5 points of risk),"15%-off win-back coupon + ""we miss you"" LINE mission",1368.47
M013268,Bronze,Hibernating,0.8137982,65 days since last visit (+15 points of risk),typical gap between visits is now 2.2x longer than their own usual pattern (+13 points of risk),a member for 445 days (+12 points of risk),Bounce-back free drink + one-question why-survey,1365.77
M011236,Bronze,Hibernating,0.88284427,10 visits on record (+12 points of risk),visiting 93% less often than their own usual pattern (+12 points of risk),35 days since last visit (+8 points of risk),Bounce-back free drink + one-question why-survey,1365.37
M017949,Bronze,Loyal,0.8466154,12 visits on record (+14 points of risk),a member for 502 days (+13 points of risk),typical gap between visits is now 2.7x longer than their own usual pattern (+10 points of risk),"Tier-up nudge, personalized bundle",1364.57
M002692,Bronze,Hibernating,0.82933474,50 days since last visit (+15 points of risk),a member for 278 days (+10 points of risk),9 visits on record (+10 points of risk),Bounce-back free drink + one-question why-survey,1364.36
M012212,Silver,Hibernating,0.80082536,54 days since last visit (+12 points of risk),10 visits on record (+10 points of risk),a member for 458 days (+9 points of risk),Bounce-back free drink + one-question why-survey,1362.56
M016766,Bronze,Hibernating,0.9580362,81 days since last visit (+19 points of risk),visiting 87% less often than their own usual pattern (+11 points of risk),9 visits on record (+10 points of risk),Bounce-back free drink + one-question why-survey,1361.81
M007804,Gold,Hibernating,0.7915405,37 days since last visit (+14 points of risk),visits roughly every 17 days (+9 points of risk),visits down 67% in the last 30 days vs. the 30 before (+7 points of risk),Bounce-back free drink + one-question why-survey,1361.46
M014112,Bronze,Hibernating,0.9424035,typical gap between visits is now 2.4x longer than their own usual pattern (+15 points of risk),12 visits on record (+13 points of risk),a member for 267 days (+9 points of risk),Bounce-back free drink + one-question why-survey,1361.3500000000001
M018849,Silver,Loyal,0.83569425,visiting 99% less often than their own usual pattern (+17 points of risk),a member for 406 days (+12 points of risk),11 visits on record (+11 points of risk),"Tier-up nudge, personalized bundle",1361.22
M016896,Bronze,At-risk regulars,0.8146681,visiting 76% less often than their own usual pattern (+14 points of risk),a member for 256 days (+12 points of risk),8 visits on record (+9 points of risk),"15%-off win-back coupon + ""we miss you"" LINE mission",1358.6
M005261,Bronze,Hibernating,0.8764924,50 days since last visit (+12 points of risk),a member for 366 days (+11 points of risk),10 visits on record (+11 points of risk),Bounce-back free drink + one-question why-survey,1358.25
M004152,Bronze,Hibernating,0.8552496,71 days since last visit (+20 points of risk),a member for 324 days (+12 points of risk),9 visits on record (+8 points of risk),Bounce-back free drink + one-question why-survey,1356.91
M000134,Bronze,Loyal,0.9200057,typical gap between visits is now 2.5x longer than their own usual pattern (+17 points of risk),12 visits on record (+13 points of risk),a member for 503 days (+12 points of risk),"Tier-up nudge, personalized bundle",1355.1499999999999
M004290,Bronze,Loyal,0.93472385,a member for 342 days (+14 points of risk),typical gap between visits is now 2.4x longer than their own usual pattern (+13 points of risk),9 visits on record (+10 points of risk),"Tier-up nudge, personalized bundle",1355.09
M010689,Silver,At-risk regulars,0.81099963,visiting 98% less often than their own usual pattern (+17 points of risk),a member for 271 days (+13 points of risk),9 visits on record (+9 points of risk),"15%-off win-back coupon + ""we miss you"" LINE mission",1353.74
M012400,Bronze,Hibernating,0.8306311,74 days since last visit (+15 points of risk),13 visits on record (+14 points of risk),visiting 81% less often than their own usual pattern (+13 points of risk),Bounce-back free drink + one-question why-survey,1353.06
M001843,Silver,Hibernating,0.9429637,52 days since last visit (+18 points of risk),typical gap between visits is now 2.3x longer than their own usual pattern (+13 points of risk),8 visits on record (+10 points of risk),Bounce-back free drink + one-question why-survey,1352.51
M013986,Silver,Hibernating,0.9311298,a member for 354 days (+14 points of risk),typical gap between visits is now 2.3x longer than their own usual pattern (+11 points of risk),8 visits on record (+10 points of risk),Bounce-back free drink + one-question why-survey,1351.79
M015403,Bronze,Hibernating,0.91882193,55 days since last visit (+23 points of risk),visits roughly every 16 days (+11 points of risk),a member for 152 days (+9 points of risk),Bounce-back free drink + one-question why-survey,1351.6100000000001
M010421,Bronze,Hibernating,0.9282957,51 days since last visit (+13 points of risk),a member for 321 days (+11 points of risk),8 visits on record (+8 points of risk),Bounce-back free drink + one-question why-survey,1349.02
M000525,Silver,Hibernating,0.93904614,57 days since last visit (+14 points of risk),a member for 384 days (+12 points of risk),9 visits on record (+11 points of risk),Bounce-back free drink + one-question why-survey,1348.87
M003056,Silver,Hibernating,0.93936664,typical gap between visits is now 3.1x longer than their own usual pattern (+20 points of risk),51 days since last visit (+14 points of risk),16 visits on record (+13 points of risk),Bounce-back free drink + one-question why-survey,1348.66
M011673,Silver,Hibernating,0.92621857,a member for 568 days (+15 points of risk),82 days since last visit (+11 points of risk),11 visits on record (+10 points of risk),Bounce-back free drink + one-question why-survey,1348.3899999999999
M003547,Silver,Hibernating,0.86133623,visiting 88% less often than their own usual pattern (+13 points of risk),a member for 394 days (+13 points of risk),82 days since last visit (+12 points of risk),Bounce-back free drink + one-question why-survey,1348.15
M014461,Silver,Hibernating,0.90281785,50 days since last visit (+15 points of risk),visiting 90% less often than their own usual pattern (+13 points of risk),11 visits on record (+11 points of risk),Bounce-back free drink + one-question why-survey,1347.69
M014174,Bronze,Hibernating,0.8973669,visits roughly every 11 days (+12 points of risk),43 days since last visit (+12 points of risk),8 visits on record (+11 points of risk),Bounce-back free drink + one-question why-survey,1345.87
M017310,Silver,Hibernating,0.8436072,visiting 84% less often than their own usual pattern (+16 points of risk),16 visits on record (+13 points of risk),49 days since last visit (+12 points of risk),Bounce-back free drink + one-question why-survey,1345.33
M000396,Bronze,Hibernating,0.9292829,56 days since last visit (+15 points of risk),typical gap between visits is now 2.0x longer than their own usual pattern (+14 points of risk),12 visits on record (+11 points of risk),Bounce-back free drink + one-question why-survey,1345.26
M009985,Bronze,Hibernating,0.844714,49 days since last visit (+15 points of risk),visiting 70% less often than their own usual pattern (+14 points of risk),15 visits on record (+12 points of risk),Bounce-back free drink + one-question why-survey,1344.99
M002260,Silver,Hibernating,0.86369497,typical gap between visits is now 2.4x longer than their own usual pattern (+13 points of risk),a member for 283 days (+13 points of risk),45 days since last visit (+10 points of risk),Bounce-back free drink + one-question why-survey,1343.13
M012012,Bronze,At-risk regulars,0.7941719,visiting 75% less often than their own usual pattern (+17 points of risk),a member for 200 days (+10 points of risk),8 visits on record (+9 points of risk),"15%-off win-back coupon + ""we miss you"" LINE mission",1342.92
M003742,Silver,Hibernating,0.9586851,79 days since last visit (+14 points of risk),a member for 413 days (+12 points of risk),typical gap between visits is now 2.4x longer than their own usual pattern (+11 points of risk),Bounce-back free drink + one-question why-survey,1342.8899999999999
M014833,Silver,Hibernating,0.85423917,a member for 363 days (+13 points of risk),67 days since last visit (+13 points of risk),9 visits on record (+9 points of risk),Bounce-back free drink + one-question why-survey,1342.4
M015540,Bronze,Hibernating,0.8778575,11 visits on record (+12 points of risk),39 days since last visit (+11 points of risk),a member for 219 days (+9 points of risk),Bounce-back free drink + one-question why-survey,1341.97
M008739,Bronze,At-risk regulars,0.8983906,visiting 47% less often than their own usual pattern (+10 points of risk),a member for 239 days (+9 points of risk),8 visits on record (+8 points of risk),"15%-off win-back coupon + ""we miss you"" LINE mission",1339.72
M013154,Bronze,Hibernating,0.9428964,85 days since last visit (+15 points of risk),typical gap between visits is now 2.0x longer than their own usual pattern (+14 points of risk),14 visits on record (+12 points of risk),Bounce-back free drink + one-question why-survey,1337.77
M015215,Bronze,Hibernating,0.95291185,65 days since last visit (+17 points of risk),a member for 179 days (+11 points of risk),8 visits on record (+9 points of risk),Bounce-back free drink + one-question why-survey,1336.72
M015481,Bronze,Hibernating,0.9314077,typical gap between visits is now 2.1x longer than their own usual pattern (+14 points of risk),a member for 312 days (+11 points of risk),46 days since last visit (+11 points of risk),Bounce-back free drink + one-question why-survey,1335.85
M016223,Bronze,Loyal,0.9102,typical gap between visits is now 2.9x longer than their own usual pattern (+22 points of risk),11 visits on record (+12 points of risk),a member for 231 days (+9 points of risk),"Tier-up nudge, personalized bundle",1335.53
M013812,Bronze,Hibernating,0.9178434,47 days since last visit (+22 points of risk),visits roughly every 16 days (+10 points of risk),a member for 160 days (+9 points of risk),Bounce-back free drink + one-question why-survey,1334.78
M004998,Bronze,Hibernating,0.8820545,a member for 306 days (+12 points of risk),48 days since last visit (+10 points of risk),visiting 47% less often than their own usual pattern (+9 points of risk),Bounce-back free drink + one-question why-survey,1334.51
M006965,Bronze,Hibernating,0.9749688,typical gap between visits is now 3.3x longer than their own usual pattern (+17 points of risk),55 days since last visit (+15 points of risk),10 visits on record (+11 points of risk),Bounce-back free drink + one-question why-survey,1333.99
M006853,Silver,Loyal,0.96781623,a member for 422 days (+13 points of risk),visiting 94% less often than their own usual pattern (+11 points of risk),visits roughly every 41 days (+10 points of risk),"Tier-up nudge, personalized bundle",1333.3799999999999
M011175,Bronze,Hibernating,0.9204536,82 days since last visit (+16 points of risk),a member for 410 days (+15 points of risk),typical gap between visits is now 2.6x longer than their own usual pattern (+12 points of risk),Bounce-back free drink + one-question why-survey,1333.26
M015627,Gold,Hibernating,0.86563444,typical gap between visits is now 2.8x longer than their own usual pattern (+20 points of risk),85 days since last visit (+19 points of risk),18 visits on record (+13 points of risk),Bounce-back free drink + one-question why-survey,1332.01
M016535,Bronze,Loyal,0.95458853,a member for 372 days (+13 points of risk),visits roughly every 41 days (+13 points of risk),visiting 68% less often than their own usual pattern (+12 points of risk),"Tier-up nudge, personalized bundle",1331.77
M007141,Bronze,Hibernating,0.909225,76 days since last visit (+14 points of risk),a member for 412 days (+13 points of risk),visiting 66% less often than their own usual pattern (+10 points of risk),Bounce-back free drink + one-question why-survey,1331.13
M019315,Bronze,Hibernating,0.95896703,80 days since last visit (+13 points of risk),typical gap between visits is now 2.1x longer than their own usual pattern (+13 points of risk),a member for 571 days (+12 points of risk),Bounce-back free drink + one-question why-survey,1331.06
M005893,Bronze,Hibernating,0.8825668,60 days since last visit (+15 points of risk),visiting 58% less often than their own usual pattern (+12 points of risk),a member for 186 days (+11 points of risk),Bounce-back free drink + one-question why-survey,1330.93
M012251,Bronze,At-risk regulars,0.85035694,a member for 324 days (+15 points of risk),typical gap between visits is now 2.4x longer than their own usual pattern (+11 points of risk),8 visits on record (+10 points of risk),"15%-off win-back coupon + ""we miss you"" LINE mission",1330.5
M004094,Silver,Loyal,0.8906531,a member for 296 days (+13 points of risk),visiting 54% less often than their own usual pattern (+12 points of risk),9 visits on record (+9 points of risk),"Tier-up nudge, personalized bundle",1328.42
M004146,Silver,Hibernating,0.82239676,a member for 317 days (+16 points of risk),69 days since last visit (+14 points of risk),7 visits on record (+4 points of risk),Bounce-back free drink + one-question why-survey,1328.36
M018411,Bronze,Hibernating,0.8149531,72 days since last visit (+21 points of risk),a member for 403 days (+13 points of risk),typical gap between visits is now 3.4x longer than their own usual pattern (+12 points of risk),Bounce-back free drink + one-question why-survey,1327.78
M013112,Silver,Hibernating,0.90508527,45 days since last visit (+14 points of risk),visiting 64% less often than their own usual pattern (+13 points of risk),9 visits on record (+11 points of risk),Bounce-back free drink + one-question why-survey,1327.45
M008348,Bronze,At-risk regulars,0.9055527,a member for 340 days (+15 points of risk),visiting 98% less often than their own usual pattern (+14 points of risk),8 visits on record (+9 points of risk),"15%-off win-back coupon + ""we miss you"" LINE mission",1325.14
M018971,Silver,Loyal,0.82061505,typical gap between visits is now 2.2x longer than their own usual pattern (+17 points of risk),a member for 397 days (+16 points of risk),10 visits on record (+10 points of risk),"Tier-up nudge, personalized bundle",1325.07
M003974,Bronze,Hibernating,0.8952878,87 days since last visit (+14 points of risk),visiting 75% less often than their own usual pattern (+12 points of risk),a member for 297 days (+12 points of risk),Bounce-back free drink + one-question why-survey,1323.95
M006517,Bronze,Hibernating,0.8428084,76 days since last visit (+15 points of risk),a member for 434 days (+11 points of risk),9 visits on record (+6 points of risk),Bounce-back free drink + one-question why-survey,1320.64
M008437,Silver,Loyal,0.8143546,typical gap between visits is now 3.3x longer than their own usual pattern (+21 points of risk),14 visits on record (+19 points of risk),a member for 513 days (+10 points of risk),"Tier-up nudge, personalized bundle",1320.47
M008945,Silver,At-risk regulars,0.8533875,visiting 61% less often than their own usual pattern (+12 points of risk),a member for 237 days (+11 points of risk),visits roughly every 38 days (+8 points of risk),"15%-off win-back coupon + ""we miss you"" LINE mission",1319.79
M016981,Bronze,Hibernating,0.9573083,66 days since last visit (+13 points of risk),a member for 428 days (+11 points of risk),typical gap between visits is now 2.7x longer than their own usual pattern (+11 points of risk),Bounce-back free drink + one-question why-survey,1319.57
M003820,Bronze,Hibernating,0.8111749,typical gap between visits is now 3.5x longer than their own usual pattern (+22 points of risk),13 visits on record (+17 points of risk),40 days since last visit (+11 points of risk),Bounce-back free drink + one-question why-survey,1318.78
M005141,Gold,Hibernating,0.80668086,a member for 411 days (+12 points of risk),visiting 51% less often than their own usual pattern (+10 points of risk),10 visits on record (+9 points of risk),Bounce-back free drink + one-question why-survey,1317.28
M016471,Bronze,Hibernating,0.9419362,10 visits on record (+14 points of risk),visits roughly every 13 days (+13 points of risk),35 days since last visit (+7 points of risk),Bounce-back free drink + one-question why-survey,1316.58
M010251,Bronze,Hibernating,0.9448333,73 days since last visit (+13 points of risk),a member for 450 days (+10 points of risk),visiting 66% less often than their own usual pattern (+10 points of risk),Bounce-back free drink + one-question why-survey,1316.4
M005539,Bronze,Loyal,0.86492765,visiting 39% less often than their own usual pattern (+13 points of risk),12 visits on record (+11 points of risk),a member for 460 days (+11 points of risk),"Tier-up nudge, personalized bundle",1316.3600000000001
M012883,Silver,At-risk regulars,0.8820047,a member for 338 days (+13 points of risk),visiting 72% less often than their own usual pattern (+13 points of risk),9 visits on record (+10 points of risk),"15%-off win-back coupon + ""we miss you"" LINE mission",1315.44
M016946,Bronze,Hibernating,0.89224595,65 days since last visit (+14 points of risk),a member for 371 days (+12 points of risk),visiting 83% less often than their own usual pattern (+12 points of risk),Bounce-back free drink + one-question why-survey,1315.02
M007380,Bronze,Hibernating,0.8261357,85 days since last visit (+28 points of risk),visits roughly every 10 days (+14 points of risk),a member for 174 days (+9 points of risk),Bounce-back free drink + one-question why-survey,1314.72
M016127,Bronze,Loyal,0.8475555,a member for 348 days (+15 points of risk),visiting 45% less often than their own usual pattern (+10 points of risk),visits roughly every 38 days (+10 points of risk),"Tier-up nudge, personalized bundle",1314.53
M010783,Bronze,Hibernating,0.8400193,57 days since last visit (+14 points of risk),a member for 247 days (+13 points of risk),visiting 48% less often than their own usual pattern (+9 points of risk),Bounce-back free drink + one-question why-survey,1313.84
M006816,Bronze,Hibernating,0.9072214,58 days since last visit (+13 points of risk),a member for 320 days (+11 points of risk),visiting 49% less often than their own usual pattern (+10 points of risk),Bounce-back free drink + one-question why-survey,1312.94
M011258,Silver,Hibernating,0.92328143,66 days since last visit (+17 points of risk),visiting 54% less often than their own usual pattern (+12 points of risk),9 visits on record (+10 points of risk),Bounce-back free drink + one-question why-survey,1312.0
M002485,Silver,Loyal,0.8689502,visiting 68% less often than their own usual pattern (+13 points of risk),14 visits on record (+13 points of risk),a member for 480 days (+6 points of risk),"Tier-up nudge, personalized bundle",1311.27
M011401,Bronze,Hibernating,0.93878466,typical gap between visits is now 2.0x longer than their own usual pattern (+13 points of risk),a member for 409 days (+12 points of risk),47 days since last visit (+11 points of risk),Bounce-back free drink + one-question why-survey,1310.19
M018333,Bronze,Hibernating,0.9731924,67 days since last visit (+23 points of risk),visits roughly every 12 days (+12 points of risk),a member for 162 days (+8 points of risk),Bounce-back free drink + one-question why-survey,1309.23
M016033,Bronze,At-risk regulars,0.9275316,typical gap between visits is now 3.4x longer than their own usual pattern (+25 points of risk),a member for 209 days (+9 points of risk),9 visits on record (+9 points of risk),"15%-off win-back coupon + ""we miss you"" LINE mission",1308.59
M010258,Bronze,Hibernating,0.9155486,49 days since last visit (+25 points of risk),visits roughly every 14 days (+15 points of risk),visits down 50% in the last 30 days vs. the 30 before (+7 points of risk),Bounce-back free drink + one-question why-survey,1307.3
M014640,Silver,Hibernating,0.80572194,a member for 312 days (+16 points of risk),71 days since last visit (+14 points of risk),7 visits on record (+5 points of risk),Bounce-back free drink + one-question why-survey,1306.75
M015837,Silver,At-risk regulars,0.7983036,visits roughly every 13 days (+24 points of risk),visits down 75% in the last 30 days vs. the 30 before (+11 points of risk),31 days since last visit (+10 points of risk),"15%-off win-back coupon + ""we miss you"" LINE mission",1306.42
M008686,Bronze,Loyal,0.85970265,visiting 36% less often than their own usual pattern (+13 points of risk),a member for 237 days (+10 points of risk),10 visits on record (+9 points of risk),"Tier-up nudge, personalized bundle",1305.88
M004204,Bronze,Hibernating,0.9512263,46 days since last visit (+18 points of risk),11 visits on record (+15 points of risk),visiting 84% less often than their own usual pattern (+7 points of risk),Bounce-back free drink + one-question why-survey,1304.85
M006770,Silver,Hibernating,0.8217761,visits roughly every 11 days (+16 points of risk),9 visits on record (+13 points of risk),35 days since last visit (+11 points of risk),Bounce-back free drink + one-question why-survey,1304.81
M018266,Silver,At-risk regulars,0.85793054,a member for 301 days (+14 points of risk),typical gap between visits is now 2.3x longer than their own usual pattern (+11 points of risk),visits roughly every 48 days (+7 points of risk),"15%-off win-back coupon + ""we miss you"" LINE mission",1304.28
M018943,Bronze,Loyal,0.9198628,a member for 271 days (+13 points of risk),visiting 42% less often than their own usual pattern (+10 points of risk),9 visits on record (+8 points of risk),"Tier-up nudge, personalized bundle",1303.76
M017853,Bronze,At-risk regulars,0.9272444,visits roughly every 40 days (+13 points of risk),a member for 243 days (+12 points of risk),typical gap between visits is now 2.0x longer than their own usual pattern (+11 points of risk),"15%-off win-back coupon + ""we miss you"" LINE mission",1302.72
M008050,Bronze,Loyal,0.8046894,visiting 93% less often than their own usual pattern (+13 points of risk),10 visits on record (+11 points of risk),a member for 314 days (+10 points of risk),"Tier-up nudge, personalized bundle",1301.66
M005812,Bronze,At-risk regulars,0.8306094,typical gap between visits is now 2.3x longer than their own usual pattern (+20 points of risk),8 visits on record (+9 points of risk),a member for 170 days (+9 points of risk),"15%-off win-back coupon + ""we miss you"" LINE mission",1299.84
M001447,Bronze,At-risk regulars,0.7930607,visiting 72% less often than their own usual pattern (+14 points of risk),a member for 271 days (+11 points of risk),8 visits on record (+8 points of risk),"15%-off win-back coupon + ""we miss you"" LINE mission",1299.43
M018059,Bronze,Hibernating,0.8523995,59 days since last visit (+15 points of risk),a member for 276 days (+10 points of risk),9 visits on record (+9 points of risk),Bounce-back free drink + one-question why-survey,1299.27
M011911,Bronze,Hibernating,0.83777505,a member for 258 days (+14 points of risk),51 days since last visit (+10 points of risk),67% of visits at their home branch — consistently loyal to one location (+3 points of risk),Bounce-back free drink + one-question why-survey,1298.46
M019496,Bronze,Hibernating,0.9220177,87 days since last visit (+16 points of risk),visiting 65% less often than their own usual pattern (+13 points of risk),a member for 508 days (+11 points of risk),Bounce-back free drink + one-question why-survey,1295.33
M010867,Bronze,Hibernating,0.9755996,69 days since last visit (+17 points of risk),9 visits on record (+11 points of risk),visits roughly every 11 days (+9 points of risk),Bounce-back free drink + one-question why-survey,1295.3000000000002
M002223,Bronze,Loyal,0.93163323,typical gap between visits is now 2.7x longer than their own usual pattern (+18 points of risk),a member for 495 days (+13 points of risk),16 visits on record (+10 points of risk),"Tier-up nudge, personalized bundle",1291.92
M005207,Bronze,Hibernating,0.91016,visiting 67% less often than their own usual pattern (+12 points of risk),10 visits on record (+11 points of risk),a member for 408 days (+10 points of risk),Bounce-back free drink + one-question why-survey,1291.9099999999999
M010942,Bronze,Hibernating,0.84173316,a member for 328 days (+13 points of risk),visiting 64% less often than their own usual pattern (+12 points of risk),8 visits on record (+10 points of risk),Bounce-back free drink + one-question why-survey,1291.67
M015708,Gold,Hibernating,0.87220645,87 days since last visit (+17 points of risk),a member for 457 days (+13 points of risk),typical gap between visits is now 2.9x longer than their own usual pattern (+11 points of risk),Bounce-back free drink + one-question why-survey,1291.27
M011201,Silver,At-risk regulars,0.8311166,visiting 63% less often than their own usual pattern (+14 points of risk),a member for 363 days (+14 points of risk),9 visits on record (+11 points of risk),"15%-off win-back coupon + ""we miss you"" LINE mission",1290.25
M002457,Bronze,Hibernating,0.89588094,53 days since last visit (+13 points of risk),a member for 302 days (+10 points of risk),9 visits on record (+10 points of risk),Bounce-back free drink + one-question why-survey,1284.67
M007764,Bronze,Hibernating,0.86065197,visiting 56% less often than their own usual pattern (+14 points of risk),60 days since last visit (+11 points of risk),19 visits on record (+10 points of risk),Bounce-back free drink + one-question why-survey,1283.7
M006225,Silver,Hibernating,0.89146113,typical gap between visits is now 2.8x longer than their own usual pattern (+15 points of risk),10 visits on record (+12 points of risk),a member for 464 days (+8 points of risk),Bounce-back free drink + one-question why-survey,1283.6100000000001
M012210,Bronze,At-risk regulars,0.7980073,typical gap between visits is now 2.1x longer than their own usual pattern (+15 points of risk),a member for 179 days (+10 points of risk),8 visits on record (+9 points of risk),"15%-off win-back coupon + ""we miss you"" LINE mission",1283.1
M001599,Bronze,Hibernating,0.90707034,11 visits on record (+12 points of risk),a member for 413 days (+12 points of risk),66 days since last visit (+12 points of risk),Bounce-back free drink + one-question why-survey,1282.96
M007160,Bronze,Hibernating,0.9325023,64 days since last visit (+18 points of risk),11 visits on record (+11 points of risk),a member for 214 days (+10 points of risk),Bounce-back free drink + one-question why-survey,1282.66
M015523,Silver,At-risk regulars,0.938355,a member for 299 days (+13 points of risk),visits roughly every 42 days (+12 points of risk),visiting 59% less often than their own usual pattern (+11 points of risk),"15%-off win-back coupon + ""we miss you"" LINE mission",1282.6100000000001
M006420,Bronze,Loyal,0.85855895,visiting 92% less often than their own usual pattern (+15 points of risk),a member for 370 days (+13 points of risk),10 visits on record (+10 points of risk),"Tier-up nudge, personalized bundle",1282.3
M016700,Bronze,Loyal,0.8088013,visiting 74% less often than their own usual pattern (+17 points of risk),a member for 206 days (+10 points of risk),9 visits on record (+10 points of risk),"Tier-up nudge, personalized bundle",1281.21
M002947,Silver,Hibernating,0.9402576,81 days since last visit (+18 points of risk),9 visits on record (+11 points of risk),a member for 220 days (+9 points of risk),Bounce-back free drink + one-question why-survey,1280.43
M010424,Bronze,Loyal,0.90943444,visiting 42% less often than their own usual pattern (+13 points of risk),a member for 251 days (+12 points of risk),10 visits on record (+8 points of risk),"Tier-up nudge, personalized bundle",1277.2
M013951,Silver,At-risk regulars,0.7907924,visiting 47% less often than their own usual pattern (+12 points of risk),a member for 290 days (+11 points of risk),8 visits on record (+9 points of risk),"15%-off win-back coupon + ""we miss you"" LINE mission",1274.68
M000902,Silver,Hibernating,0.85178185,visiting 82% less often than their own usual pattern (+12 points of risk),8 visits on record (+11 points of risk),a member for 193 days (+8 points of risk),Bounce-back free drink + one-question why-survey,1274.04
M012506,Bronze,Hibernating,0.8112246,49 days since last visit (+13 points of risk),a member for 246 days (+11 points of risk),visiting 42% less often than their own usual pattern (+10 points of risk),Bounce-back free drink + one-question why-survey,1273.76
M002646,Bronze,Loyal,0.87888056,14 visits on record (+14 points of risk),visits roughly every 39 days (+11 points of risk),visiting 42% less often than their own usual pattern (+11 points of risk),"Tier-up nudge, personalized bundle",1273.23
M014289,Bronze,At-risk regulars,0.8175172,typical gap between visits is now 3.0x longer than their own usual pattern (+20 points of risk),9 visits on record (+12 points of risk),a member for 193 days (+9 points of risk),"15%-off win-back coupon + ""we miss you"" LINE mission",1273.17
M012351,Bronze,Loyal,0.88050413,visiting 98% less often than their own usual pattern (+15 points of risk),a member for 402 days (+14 points of risk),10 visits on record (+10 points of risk),"Tier-up nudge, personalized bundle",1272.0
M009607,Bronze,Hibernating,0.90484715,78 days since last visit (+16 points of risk),a member for 284 days (+12 points of risk),9 visits on record (+9 points of risk),Bounce-back free drink + one-question why-survey,1271.95
M017607,Bronze,Hibernating,0.8086094,a member for 254 days (+12 points of risk),8 visits on record (+9 points of risk),visiting 40% less often than their own usual pattern (+9 points of risk),Bounce-back free drink + one-question why-survey,1271.79
M003007,Bronze,Hibernating,0.82702184,85 days since last visit (+32 points of risk),a member for 205 days (+7 points of risk),visits roughly every 17 days (+5 points of risk),Bounce-back free drink + one-question why-survey,1271.3
M017350,Silver,Hibernating,0.8682884,47 days since last visit (+22 points of risk),visits roughly every 9 days (+17 points of risk),8 visits on record (+7 points of risk),Bounce-back free drink + one-question why-survey,1271.17
M002985,Bronze,At-risk regulars,0.952551,a member for 320 days (+13 points of risk),visits roughly every 40 days (+12 points of risk),9 visits on record (+9 points of risk),"15%-off win-back coupon + ""we miss you"" LINE mission",1270.7
M000429,Bronze,Loyal,0.90694,a member for 253 days (+12 points of risk),visiting 38% less often than their own usual pattern (+11 points of risk),9 visits on record (+8 points of risk),"Tier-up nudge, personalized bundle",1269.94
M009438,Bronze,At-risk regulars,0.86599594,9 visits on record (+13 points of risk),visits roughly every 10 days (+11 points of risk),visiting 51% less often than their own usual pattern (+9 points of risk),"15%-off win-back coupon + ""we miss you"" LINE mission",1269.05
M000407,Gold,Hibernating,0.81390035,57 days since last visit (+12 points of risk),a member for 385 days (+11 points of risk),10 visits on record (+10 points of risk),Bounce-back free drink + one-question why-survey,1268.8
M019047,Silver,Hibernating,0.81091774,56 days since last visit (+13 points of risk),a member for 392 days (+12 points of risk),10 visits on record (+10 points of risk),Bounce-back free drink + one-question why-survey,1267.95
M017435,Bronze,Loyal,0.88193566,typical gap between visits is now 2.4x longer than their own usual pattern (+19 points of risk),15 visits on record (+14 points of risk),a member for 481 days (+9 points of risk),"Tier-up nudge, personalized bundle",1267.3
M007961,Silver,Hibernating,0.8261403,visiting 93% less often than their own usual pattern (+15 points of risk),83 days since last visit (+12 points of risk),13 visits on record (+10 points of risk),Bounce-back free drink + one-question why-survey,1266.62
M002807,Bronze,At-risk regulars,0.87507415,visiting 54% less often than their own usual pattern (+15 points of risk),9 visits on record (+10 points of risk),a member for 194 days (+9 points of risk),"15%-off win-back coupon + ""we miss you"" LINE mission",1266.05
M000710,Bronze,At-risk regulars,0.8810435,a member for 343 days (+15 points of risk),visiting 78% less often than their own usual pattern (+14 points of risk),9 visits on record (+10 points of risk),"15%-off win-back coupon + ""we miss you"" LINE mission",1265.83
M016116,Bronze,Loyal,0.94397986,a member for 556 days (+18 points of risk),14 visits on record (+15 points of risk),typical gap between visits is now 3.5x longer than their own usual pattern (+10 points of risk),"Tier-up nudge, personalized bundle",1263.61
M008330,Bronze,At-risk regulars,0.8484589,typical gap between visits is now 2.2x longer than their own usual pattern (+15 points of risk),a member for 269 days (+13 points of risk),8 visits on record (+9 points of risk),"15%-off win-back coupon + ""we miss you"" LINE mission",1262.75
M006633,Bronze,Hibernating,0.8628431,typical gap between visits is now 2.2x longer than their own usual pattern (+16 points of risk),11 visits on record (+13 points of risk),a member for 455 days (+8 points of risk),Bounce-back free drink + one-question why-survey,1262.1
M012313,Silver,Hibernating,0.8387409,52 days since last visit (+13 points of risk),a member for 318 days (+12 points of risk),8 visits on record (+8 points of risk),Bounce-back free drink + one-question why-survey,1260.25
M015901,Bronze,Loyal,0.8164737,visiting 72% less often than their own usual pattern (+15 points of risk),a member for 253 days (+12 points of risk),10 visits on record (+11 points of risk),"Tier-up nudge, personalized bundle",1256.07
M002002,Bronze,Hibernating,0.9278481,visiting 94% less often than their own usual pattern (+14 points of risk),53 days since last visit (+13 points of risk),14 visits on record (+11 points of risk),Bounce-back free drink + one-question why-survey,1255.98
M013393,Bronze,Hibernating,0.9598417,64 days since last visit (+16 points of risk),10 visits on record (+13 points of risk),a member for 154 days (+8 points of risk),Bounce-back free drink + one-question why-survey,1255.6
M017003,Silver,Hibernating,0.86829317,a member for 349 days (+13 points of risk),visiting 57% less often than their own usual pattern (+11 points of risk),9 visits on record (+10 points of risk),Bounce-back free drink + one-question why-survey,1255.54
M019518,Silver,Hibernating,0.9076244,72 days since last visit (+17 points of risk),typical gap between visits is now 2.2x longer than their own usual pattern (+15 points of risk),15 visits on record (+11 points of risk),Bounce-back free drink + one-question why-survey,1255.4
M019029,Silver,Hibernating,0.9120854,77 days since last visit (+14 points of risk),a member for 402 days (+13 points of risk),visiting 86% less often than their own usual pattern (+11 points of risk),Bounce-back free drink + one-question why-survey,1255.3700000000001
M019202,Silver,Hibernating,0.84060997,a member for 306 days (+15 points of risk),visiting 83% less often than their own usual pattern (+9 points of risk),7 visits on record (+5 points of risk),Bounce-back free drink + one-question why-survey,1255.3200000000002
M001324,Bronze,At-risk regulars,0.8339631,visiting 55% less often than their own usual pattern (+14 points of risk),a member for 194 days (+9 points of risk),8 visits on record (+7 points of risk),"15%-off win-back coupon + ""we miss you"" LINE mission",1254.51
M016800,Bronze,Loyal,0.8672247,11 visits on record (+15 points of risk),visiting 39% less often than their own usual pattern (+11 points of risk),visits roughly every 11 days (+10 points of risk),"Tier-up nudge, personalized bundle",1254.34
M007144,Bronze,Hibernating,0.872858,visiting 87% less often than their own usual pattern (+11 points of risk),8 visits on record (+10 points of risk),a member for 174 days (+9 points of risk),Bounce-back free drink + one-question why-survey,1253.35
M007553,Bronze,Hibernating,0.90451133,63 days since last visit (+19 points of risk),10 visits on record (+10 points of risk),a member for 236 days (+7 points of risk),Bounce-back free drink + one-question why-survey,1253.3000000000002
M006464,Bronze,At-risk regulars,0.8781153,visiting 58% less often than their own usual pattern (+15 points of risk),a member for 220 days (+9 points of risk),9 visits on record (+8 points of risk),"15%-off win-back coupon + ""we miss you"" LINE mission",1252.35
M013927,Bronze,Hibernating,0.88844955,a member for 358 days (+13 points of risk),visiting 64% less often than their own usual pattern (+11 points of risk),64 days since last visit (+11 points of risk),Bounce-back free drink + one-question why-survey,1251.24
M015578,Silver,At-risk regulars,0.81976753,typical gap between visits is now 2.3x longer than their own usual pattern (+15 points of risk),a member for 236 days (+10 points of risk),8 visits on record (+9 points of risk),"15%-off win-back coupon + ""we miss you"" LINE mission",1250.6
M014642,Bronze,Hibernating,0.9228691,58 days since last visit (+13 points of risk),a member for 324 days (+10 points of risk),visiting 67% less often than their own usual pattern (+10 points of risk),Bounce-back free drink + one-question why-survey,1246.82
M011551,Bronze,Hibernating,0.955716,51 days since last visit (+17 points of risk),9 visits on record (+12 points of risk),visits roughly every 11 days (+11 points of risk),Bounce-back free drink + one-question why-survey,1245.3999999999999
M014816,Bronze,Loyal,0.8563769,a member for 342 days (+15 points of risk),visits roughly every 37 days (+10 points of risk),10 visits on record (+9 points of risk),"Tier-up nudge, personalized bundle",1244.08
M008000,Bronze,Hibernating,0.9313058,typical gap between visits is now 2.1x longer than their own usual pattern (+15 points of risk),11 visits on record (+11 points of risk),46 days since last visit (+11 points of risk),Bounce-back free drink + one-question why-survey,1243.06
M002967,Bronze,Loyal,0.8798955,a member for 393 days (+14 points of risk),visiting 51% less often than their own usual pattern (+11 points of risk),10 visits on record (+10 points of risk),"Tier-up nudge, personalized bundle",1241.49
M008484,Silver,Hibernating,0.91099876,45 days since last visit (+18 points of risk),visits roughly every 15 days (+14 points of risk),a member for 154 days (+8 points of risk),Bounce-back free drink + one-question why-survey,1240.28
M007261,Silver,At-risk regulars,0.9458122,visits roughly every 50 days (+14 points of risk),a member for 253 days (+13 points of risk),1 days since last visit (+6 points of risk),"15%-off win-back coupon + ""we miss you"" LINE mission",1239.25
M012864,Bronze,At-risk regulars,0.8368024,typical gap between visits is now 2.4x longer than their own usual pattern (+15 points of risk),a member for 306 days (+15 points of risk),8 visits on record (+10 points of risk),"15%-off win-back coupon + ""we miss you"" LINE mission",1237.92
M017617,Bronze,At-risk regulars,0.8872399,a member for 289 days (+13 points of risk),visiting 77% less often than their own usual pattern (+12 points of risk),visits roughly every 40 days (+10 points of risk),"15%-off win-back coupon + ""we miss you"" LINE mission",1237.3700000000001
M018933,Silver,Hibernating,0.9215594,85 days since last visit (+15 points of risk),a member for 342 days (+15 points of risk),visiting 97% less often than their own usual pattern (+9 points of risk),Bounce-back free drink + one-question why-survey,1237.04
M017499,Bronze,Hibernating,0.8727339,a member for 298 days (+13 points of risk),49 days since last visit (+11 points of risk),visiting 49% less often than their own usual pattern (+9 points of risk),Bounce-back free drink + one-question why-survey,1233.91
M019442,Bronze,At-risk regulars,0.8242893,visiting 83% less often than their own usual pattern (+15 points of risk),a member for 280 days (+12 points of risk),9 visits on record (+10 points of risk),"15%-off win-back coupon + ""we miss you"" LINE mission",1233.03
M018772,Bronze,Hibernating,0.91843873,79 days since last visit (+16 points of risk),a member for 256 days (+12 points of risk),visiting 90% less often than their own usual pattern (+10 points of risk),Bounce-back free drink + one-question why-survey,1231.92
M003115,Bronze,Hibernating,0.8478558,10 visits on record (+12 points of risk),a member for 266 days (+10 points of risk),visiting 49% less often than their own usual pattern (+10 points of risk),Bounce-back free drink + one-question why-survey,1229.74
M016516,Bronze,Loyal,0.8150318,visiting 75% less often than their own usual pattern (+16 points of risk),a member for 254 days (+12 points of risk),10 visits on record (+10 points of risk),"Tier-up nudge, personalized bundle",1229.04
M017296,Bronze,Loyal,0.8333642,a member for 328 days (+14 points of risk),visits roughly every 36 days (+8 points of risk),10 visits on record (+8 points of risk),"Tier-up nudge, personalized bundle",1228.74
M005495,Bronze,At-risk regulars,0.9481367,a member for 283 days (+13 points of risk),visiting 83% less often than their own usual pattern (+11 points of risk),visits roughly every 40 days (+11 points of risk),"15%-off win-back coupon + ""we miss you"" LINE mission",1228.55
M001159,Gold,At-risk regulars,0.9070967,a member for 330 days (+19 points of risk),visits roughly every 54 days (+16 points of risk),visiting 61% less often than their own usual pattern (+10 points of risk),"15%-off win-back coupon + ""we miss you"" LINE mission",1226.03
M014272,Silver,At-risk regulars,0.8189383,a member for 284 days (+14 points of risk),typical gap between visits is now 2.5x longer than their own usual pattern (+9 points of risk),visits roughly every 46 days (+8 points of risk),"15%-off win-back coupon + ""we miss you"" LINE mission",1225.91
M013057,Bronze,At-risk regulars,0.81289375,visits roughly every 44 days (+14 points of risk),a member for 305 days (+13 points of risk),8 visits on record (+10 points of risk),"15%-off win-back coupon + ""we miss you"" LINE mission",1224.21
M005093,Bronze,Hibernating,0.9632629,55 days since last visit (+17 points of risk),typical gap between visits is now 3.1x longer than their own usual pattern (+15 points of risk),10 visits on record (+11 points of risk),Bounce-back free drink + one-question why-survey,1222.2
M010851,Bronze,At-risk regulars,0.86799407,9 visits on record (+15 points of risk),33 days since last visit (+12 points of risk),visits roughly every 9 days (+9 points of risk),"15%-off win-back coupon + ""we miss you"" LINE mission",1219.44
M000461,Bronze,At-risk regulars,0.8312528,a member for 312 days (+16 points of risk),visiting 92% less often than their own usual pattern (+13 points of risk),visits roughly every 49 days (+7 points of risk),"15%-off win-back coupon + ""we miss you"" LINE mission",1219.01
M013634,Silver,Hibernating,0.8651163,47 days since last visit (+13 points of risk),9 visits on record (+11 points of risk),a member for 231 days (+8 points of risk),Bounce-back free drink + one-question why-survey,1218.44
M011333,Bronze,Hibernating,0.8175137,57 days since last visit (+13 points of risk),11 visits on record (+11 points of risk),a member for 446 days (+8 points of risk),Bounce-back free drink + one-question why-survey,1218.41
M001113,Bronze,At-risk regulars,0.875077,visits roughly every 10 days (+14 points of risk),9 visits on record (+12 points of risk),31 days since last visit (+8 points of risk),"15%-off win-back coupon + ""we miss you"" LINE mission",1215.96
M011669,Bronze,Hibernating,0.8136063,a member for 527 days (+14 points of risk),79 days since last visit (+14 points of risk),246 points sitting unused (+6 points of risk),Bounce-back free drink + one-question why-survey,1213.89
M010902,Bronze,Loyal,0.8254933,a member for 415 days (+15 points of risk),11 visits on record (+13 points of risk),typical gap between visits is now 3.2x longer than their own usual pattern (+11 points of risk),"Tier-up nudge, personalized bundle",1213.13
M011768,Bronze,At-risk regulars,0.8181928,visiting 90% less often than their own usual pattern (+13 points of risk),9 visits on record (+12 points of risk),a member for 370 days (+12 points of risk),"15%-off win-back coupon + ""we miss you"" LINE mission",1212.99
M016929,Silver,Hibernating,0.95560884,a member for 425 days (+13 points of risk),51 days since last visit (+12 points of risk),typical gap between visits is now 2.7x longer than their own usual pattern (+11 points of risk),Bounce-back free drink + one-question why-survey,1212.43
M010328,Silver,At-risk regulars,0.80854464,a member for 314 days (+13 points of risk),typical gap between visits is now 2.0x longer than their own usual pattern (+11 points of risk),8 visits on record (+9 points of risk),"15%-off win-back coupon + ""we miss you"" LINE mission",1212.22
M010010,Bronze,Hibernating,0.82110053,a member for 339 days (+12 points of risk),visiting 61% less often than their own usual pattern (+11 points of risk),10 visits on record (+11 points of risk),Bounce-back free drink + one-question why-survey,1212.03
M012572,Bronze,Hibernating,0.88557225,52 days since last visit (+14 points of risk),visiting 63% less often than their own usual pattern (+12 points of risk),a member for 315 days (+11 points of risk),Bounce-back free drink + one-question why-survey,1211.76
M002306,Bronze,Hibernating,0.8998821,71 days since last visit (+33 points of risk),visits roughly every 16 days (+13 points of risk),a member for 195 days (+8 points of risk),Bounce-back free drink + one-question why-survey,1208.84
M008762,Bronze,At-risk regulars,0.86669517,a member for 320 days (+14 points of risk),visiting 51% less often than their own usual pattern (+10 points of risk),visits roughly every 44 days (+9 points of risk),"15%-off win-back coupon + ""we miss you"" LINE mission",1208.77
M009976,Bronze,Hibernating,0.89487964,56 days since last visit (+12 points of risk),visiting 60% less often than their own usual pattern (+12 points of risk),a member for 342 days (+12 points of risk),Bounce-back free drink + one-question why-survey,1207.97
M000028,Silver,Hibernating,0.8097472,a member for 266 days (+13 points of risk),56 days since last visit (+11 points of risk),visiting 38% less often than their own usual pattern (+8 points of risk),Bounce-back free drink + one-question why-survey,1206.63
M000419,Bronze,At-risk regulars,0.80423975,a member for 310 days (+15 points of risk),visiting 55% less often than their own usual pattern (+13 points of risk),8 visits on record (+9 points of risk),"15%-off win-back coupon + ""we miss you"" LINE mission",1206.19
M012126,Silver,Hibernating,0.8948622,a member for 336 days (+17 points of risk),typical gap between visits is now 2.3x longer than their own usual pattern (+14 points of risk),46 days since last visit (+13 points of risk),Bounce-back free drink + one-question why-survey,1203.1100000000001
M010760,Silver,At-risk regulars,0.9015299,a member for 248 days (+12 points of risk),visiting 96% less often than their own usual pattern (+10 points of risk),8 visits on record (+8 points of risk),"15%-off win-back coupon + ""we miss you"" LINE mission",1202.84
M000545,Silver,At-risk regulars,0.8404983,a member for 353 days (+16 points of risk),visiting 79% less often than their own usual pattern (+10 points of risk),7 visits on record (+6 points of risk),"15%-off win-back coupon + ""we miss you"" LINE mission",1201.39
M012376,Silver,Hibernating,0.90193665,visiting 65% less often than their own usual pattern (+13 points of risk),a member for 426 days (+11 points of risk),63 days since last visit (+11 points of risk),Bounce-back free drink + one-question why-survey,1199.93
M012656,Bronze,Hibernating,0.7995704,8 visits on record (+9 points of risk),a member for 224 days (+9 points of risk),visiting 41% less often than their own usual pattern (+9 points of risk),Bounce-back free drink + one-question why-survey,1198.67
M014568,Bronze,Hibernating,0.90604335,51 days since last visit (+24 points of risk),visits roughly every 16 days (+11 points of risk),a member for 163 days (+8 points of risk),Bounce-back free drink + one-question why-survey,1198.57
M004862,Bronze,At-risk regulars,0.81075025,a member for 270 days (+12 points of risk),9 visits on record (+8 points of risk),visits roughly every 33 days (+6 points of risk),"15%-off win-back coupon + ""we miss you"" LINE mission",1198.47
M016653,Bronze,At-risk regulars,0.7980205,typical gap between visits is now 2.2x longer than their own usual pattern (+17 points of risk),a member for 204 days (+9 points of risk),8 visits on record (+8 points of risk),"15%-off win-back coupon + ""we miss you"" LINE mission",1198.18
M015268,Bronze,Loyal,0.871446,visiting 96% less often than their own usual pattern (+18 points of risk),a member for 551 days (+14 points of risk),17 visits on record (+11 points of risk),"Tier-up nudge, personalized bundle",1197.92
M005059,Gold,Hibernating,0.96758795,76 days since last visit (+16 points of risk),13 visits on record (+13 points of risk),a member for 554 days (+12 points of risk),Bounce-back free drink + one-question why-survey,1197.13
M014664,Bronze,Hibernating,0.8494611,a member for 254 days (+13 points of risk),56 days since last visit (+12 points of risk),visiting 55% less often than their own usual pattern (+10 points of risk),Bounce-back free drink + one-question why-survey,1196.13
M006657,Bronze,Hibernating,0.8729984,51 days since last visit (+16 points of risk),visiting 81% less often than their own usual pattern (+13 points of risk),a member for 174 days (+10 points of risk),Bounce-back free drink + one-question why-survey,1195.82
M017298,Bronze,Hibernating,0.8091987,88 days since last visit (+12 points of risk),a member for 269 days (+12 points of risk),8 visits on record (+8 points of risk),Bounce-back free drink + one-question why-survey,1195.02
M018296,Bronze,Hibernating,0.8519329,52 days since last visit (+17 points of risk),a member for 250 days (+10 points of risk),9 visits on record (+10 points of risk),Bounce-back free drink + one-question why-survey,1194.36
M008296,Bronze,Hibernating,0.90781254,45 days since last visit (+22 points of risk),visits roughly every 15 days (+14 points of risk),visits down 50% in the last 30 days vs. the 30 before (+6 points of risk),Bounce-back free drink + one-question why-survey,1193.53
M015833,Bronze,Hibernating,0.9177438,59 days since last visit (+20 points of risk),a member for 159 days (+10 points of risk),visiting 85% less often than their own usual pattern (+7 points of risk),Bounce-back free drink + one-question why-survey,1192.06
M007150,Bronze,Hibernating,0.87778366,visiting 92% less often than their own usual pattern (+13 points of risk),a member for 331 days (+11 points of risk),47 days since last visit (+11 points of risk),Bounce-back free drink + one-question why-survey,1191.55
M012445,Bronze,At-risk regulars,0.84275866,typical gap between visits is now 2.8x longer than their own usual pattern (+14 points of risk),a member for 348 days (+14 points of risk),9 visits on record (+11 points of risk),"15%-off win-back coupon + ""we miss you"" LINE mission",1191.3799999999999
M014771,Bronze,Hibernating,0.81093276,52 days since last visit (+16 points of risk),a member for 234 days (+9 points of risk),8 visits on record (+9 points of risk),Bounce-back free drink + one-question why-survey,1190.89
M008339,Bronze,Hibernating,0.92761594,typical gap between visits is now 2.4x longer than their own usual pattern (+17 points of risk),54 days since last visit (+16 points of risk),17 visits on record (+12 points of risk),Bounce-back free drink + one-question why-survey,1189.54
M005096,Bronze,Hibernating,0.9191308,a member for 335 days (+14 points of risk),visiting 62% less often than their own usual pattern (+11 points of risk),52 days since last visit (+11 points of risk),Bounce-back free drink + one-question why-survey,1188.82
M012019,Bronze,Hibernating,0.87379587,74 days since last visit (+16 points of risk),a member for 336 days (+14 points of risk),visiting 62% less often than their own usual pattern (+12 points of risk),Bounce-back free drink + one-question why-survey,1188.62
M011206,Bronze,Hibernating,0.7941992,59 days since last visit (+15 points of risk),a member for 310 days (+12 points of risk),9 visits on record (+9 points of risk),Bounce-back free drink + one-question why-survey,1187.71
M009857,Bronze,Loyal,0.87022555,visiting 55% less often than their own usual pattern (+12 points of risk),13 visits on record (+11 points of risk),a member for 465 days (+7 points of risk),"Tier-up nudge, personalized bundle",1187.17
M008972,Bronze,Hibernating,0.8609668,typical gap between visits is now 2.1x longer than their own usual pattern (+17 points of risk),61 days since last visit (+16 points of risk),15 visits on record (+15 points of risk),Bounce-back free drink + one-question why-survey,1186.97
M007691,Silver,Hibernating,0.8932676,visiting 82% less often than their own usual pattern (+13 points of risk),a member for 333 days (+12 points of risk),57 days since last visit (+11 points of risk),Bounce-back free drink + one-question why-survey,1186.65
M016548,Bronze,At-risk regulars,0.9595117,a member for 326 days (+13 points of risk),visits roughly every 46 days (+11 points of risk),8 visits on record (+9 points of risk),"15%-off win-back coupon + ""we miss you"" LINE mission",1186.3899999999999
M011358,Silver,Hibernating,0.9283185,76 days since last visit (+16 points of risk),typical gap between visits is now 2.5x longer than their own usual pattern (+15 points of risk),12 visits on record (+11 points of risk),Bounce-back free drink + one-question why-survey,1185.77
M010076,Bronze,Hibernating,0.8620397,65 days since last visit (+15 points of risk),typical gap between visits is now 2.4x longer than their own usual pattern (+14 points of risk),a member for 372 days (+14 points of risk),Bounce-back free drink + one-question why-survey,1185.29
M007360,Bronze,Hibernating,0.98133713,73 days since last visit (+19 points of risk),9 visits on record (+10 points of risk),a member for 199 days (+8 points of risk),Bounce-back free drink + one-question why-survey,1181.46
M019406,Bronze,Loyal,0.8833075,a member for 594 days (+16 points of risk),13 visits on record (+16 points of risk),visiting 39% less often than their own usual pattern (+11 points of risk),"Tier-up nudge, personalized bundle",1181.13
M002050,Bronze,Hibernating,0.876893,a member for 419 days (+13 points of risk),77 days since last visit (+12 points of risk),visiting 56% less often than their own usual pattern (+11 points of risk),Bounce-back free drink + one-question why-survey,1180.06
M014124,Silver,Loyal,0.96123195,a member for 622 days (+16 points of risk),visits roughly every 48 days (+15 points of risk),14 visits on record (+12 points of risk),"Tier-up nudge, personalized bundle",1178.5
M014576,Bronze,At-risk regulars,0.8048284,a member for 362 days (+15 points of risk),visiting 51% less often than their own usual pattern (+10 points of risk),visits roughly every 50 days (+9 points of risk),"15%-off win-back coupon + ""we miss you"" LINE mission",1177.97
M014190,Bronze,Hibernating,0.8571951,a member for 374 days (+14 points of risk),67 days since last visit (+11 points of risk),visiting 48% less often than their own usual pattern (+10 points of risk),Bounce-back free drink + one-question why-survey,1177.87
M018894,Bronze,At-risk regulars,0.8783434,9 visits on record (+12 points of risk),visits roughly every 16 days (+8 points of risk),a member for 155 days (+8 points of risk),"15%-off win-back coupon + ""we miss you"" LINE mission",1177.71
M003870,Bronze,Loyal,0.8573003,13 visits on record (+12 points of risk),a member for 539 days (+12 points of risk),visiting 38% less often than their own usual pattern (+10 points of risk),"Tier-up nudge, personalized bundle",1175.19
M018612,Bronze,At-risk regulars,0.8163146,typical gap between visits is now 2.1x longer than their own usual pattern (+22 points of risk),10 visits on record (+12 points of risk),a member for 222 days (+9 points of risk),"15%-off win-back coupon + ""we miss you"" LINE mission",1173.25
M014856,Bronze,At-risk regulars,0.8042366,visiting 55% less often than their own usual pattern (+16 points of risk),9 visits on record (+11 points of risk),a member for 173 days (+9 points of risk),"15%-off win-back coupon + ""we miss you"" LINE mission",1172.66
M017791,Bronze,At-risk regulars,0.81346434,visiting 48% less often than their own usual pattern (+14 points of risk),a member for 211 days (+8 points of risk),8 visits on record (+7 points of risk),"15%-off win-back coupon + ""we miss you"" LINE mission",1171.43
M018449,Bronze,Loyal,0.8894002,a member for 390 days (+15 points of risk),typical gap between visits is now 2.0x longer than their own usual pattern (+15 points of risk),10 visits on record (+11 points of risk),"Tier-up nudge, personalized bundle",1171.06
M019355,Bronze,At-risk regulars,0.83837825,a member for 210 days (+10 points of risk),visiting 42% less often than their own usual pattern (+10 points of risk),2 days since last visit (+5 points of risk),"15%-off win-back coupon + ""we miss you"" LINE mission",1170.5900000000001
M002063,Silver,Hibernating,0.88785785,79 days since last visit (+15 points of risk),a member for 298 days (+11 points of risk),visiting 78% less often than their own usual pattern (+11 points of risk),Bounce-back free drink + one-question why-survey,1170.44
M013183,Bronze,Hibernating,0.881215,70 days since last visit (+16 points of risk),a member for 257 days (+12 points of risk),visiting 71% less often than their own usual pattern (+9 points of risk),Bounce-back free drink + one-question why-survey,1169.17
M012835,Bronze,At-risk regulars,0.8557127,visits roughly every 43 days (+20 points of risk),a member for 353 days (+12 points of risk),9 visits on record (+9 points of risk),"15%-off win-back coupon + ""we miss you"" LINE mission",1168.76
M000996,Bronze,Hibernating,0.86769533,visiting 63% less often than their own usual pattern (+12 points of risk),a member for 349 days (+12 points of risk),46 days since last visit (+11 points of risk),Bounce-back free drink + one-question why-survey,1168.4
M011410,Bronze,At-risk regulars,0.85662234,visiting 100% less often than their own usual pattern (+16 points of risk),9 visits on record (+9 points of risk),a member for 212 days (+9 points of risk),"15%-off win-back coupon + ""we miss you"" LINE mission",1168.3799999999999
M015141,Bronze,Hibernating,0.8937293,56 days since last visit (+13 points of risk),visiting 38% less often than their own usual pattern (+10 points of risk),a member for 230 days (+10 points of risk),Bounce-back free drink + one-question why-survey,1167.51
M007928,Bronze,At-risk regulars,0.836828,a member for 229 days (+9 points of risk),visits roughly every 32 days (+7 points of risk),8 visits on record (+7 points of risk),"15%-off win-back coupon + ""we miss you"" LINE mission",1165.43
M018870,Bronze,At-risk regulars,0.858188,visits roughly every 57 days (+15 points of risk),a member for 287 days (+13 points of risk),typical gap between visits is now 2.5x longer than their own usual pattern (+9 points of risk),"15%-off win-back coupon + ""we miss you"" LINE mission",1165.25
M002925,Silver,Hibernating,0.9612736,typical gap between visits is now 2.1x longer than their own usual pattern (+14 points of risk),13 visits on record (+14 points of risk),53 days since last visit (+13 points of risk),Bounce-back free drink + one-question why-survey,1164.99
M007378,Bronze,Hibernating,0.8122328,a member for 278 days (+13 points of risk),87 days since last visit (+12 points of risk),visiting 52% less often than their own usual pattern (+8 points of risk),Bounce-back free drink + one-question why-survey,1164.3
M019331,Silver,Hibernating,0.9126538,76 days since last visit (+16 points of risk),visiting 57% less often than their own usual pattern (+11 points of risk),a member for 316 days (+11 points of risk),Bounce-back free drink + one-question why-survey,1164.15
M014738,Silver,Hibernating,0.8827651,9 visits on record (+12 points of risk),visiting 52% less often than their own usual pattern (+11 points of risk),a member for 191 days (+7 points of risk),Bounce-back free drink + one-question why-survey,1163.9
M013714,Bronze,Hibernating,0.85404485,visiting 97% less often than their own usual pattern (+18 points of risk),61 days since last visit (+12 points of risk),15 visits on record (+11 points of risk),Bounce-back free drink + one-question why-survey,1162.93
M012822,Bronze,Hibernating,0.91004753,visiting 67% less often than their own usual pattern (+12 points of risk),a member for 421 days (+11 points of risk),10 visits on record (+11 points of risk),Bounce-back free drink + one-question why-survey,1162.71
M009307,Bronze,Hibernating,0.92800826,a member for 404 days (+13 points of risk),visiting 73% less often than their own usual pattern (+11 points of risk),62 days since last visit (+11 points of risk),Bounce-back free drink + one-question why-survey,1161.67
M002529,Bronze,Hibernating,0.7952513,77 days since last visit (+13 points of risk),a member for 417 days (+12 points of risk),11 visits on record (+10 points of risk),Bounce-back free drink + one-question why-survey,1160.42
M010554,Bronze,Loyal,0.9056389,visiting 81% less often than their own usual pattern (+13 points of risk),a member for 428 days (+12 points of risk),10 visits on record (+10 points of risk),"Tier-up nudge, personalized bundle",1157.25
M017609,Bronze,At-risk regulars,0.88716346,a member for 250 days (+14 points of risk),typical gap between visits is now 2.8x longer than their own usual pattern (+8 points of risk),visits roughly every 41 days (+7 points of risk),"15%-off win-back coupon + ""we miss you"" LINE mission",1157.21
M002484,Silver,Loyal,0.9286279,a member for 368 days (+14 points of risk),typical gap between visits is now 3.0x longer than their own usual pattern (+10 points of risk),10 visits on record (+10 points of risk),"Tier-up nudge, personalized bundle",1157.13
M004512,Bronze,At-risk regulars,0.9486113,a member for 270 days (+13 points of risk),visits roughly every 44 days (+10 points of risk),visiting 51% less often than their own usual pattern (+9 points of risk),"15%-off win-back coupon + ""we miss you"" LINE mission",1156.96
M013849,Bronze,At-risk regulars,0.86568177,typical gap between visits is now 3.5x longer than their own usual pattern (+16 points of risk),a member for 263 days (+14 points of risk),8 visits on record (+8 points of risk),"15%-off win-back coupon + ""we miss you"" LINE mission",1155.76
M002870,Silver,Hibernating,0.9427918,83 days since last visit (+14 points of risk),typical gap between visits is now 2.1x longer than their own usual pattern (+14 points of risk),a member for 445 days (+10 points of risk),Bounce-back free drink + one-question why-survey,1155.13
M011407,Silver,Hibernating,0.87942445,67 days since last visit (+16 points of risk),visiting 73% less often than their own usual pattern (+13 points of risk),a member for 267 days (+12 points of risk),Bounce-back free drink + one-question why-survey,1154.38
M018639,Bronze,Hibernating,0.9008647,87 days since last visit (+20 points of risk),a member for 188 days (+11 points of risk),visits roughly every 14 days (+10 points of risk),Bounce-back free drink + one-question why-survey,1153.44
M009879,Bronze,Hibernating,0.8854812,71 days since last visit (+17 points of risk),visiting 88% less often than their own usual pattern (+14 points of risk),16 visits on record (+9 points of risk),Bounce-back free drink + one-question why-survey,1153.07
M014713,Bronze,Hibernating,0.91499794,50 days since last visit (+18 points of risk),visiting 65% less often than their own usual pattern (+12 points of risk),8 visits on record (+10 points of risk),Bounce-back free drink + one-question why-survey,1152.43
M014963,Bronze,Hibernating,0.9484924,65 days since last visit (+16 points of risk),typical gap between visits is now 2.1x longer than their own usual pattern (+14 points of risk),a member for 422 days (+11 points of risk),Bounce-back free drink + one-question why-survey,1152.17
M008919,Bronze,Hibernating,0.86800593,49 days since last visit (+18 points of risk),8 visits on record (+10 points of risk),a member for 185 days (+10 points of risk),Bounce-back free drink + one-question why-survey,1151.64
M013734,Bronze,Loyal,0.86597276,visiting 79% less often than their own usual pattern (+14 points of risk),a member for 399 days (+14 points of risk),11 visits on record (+11 points of risk),"Tier-up nudge, personalized bundle",1151.61
M001285,Bronze,Hibernating,0.88632464,59 days since last visit (+13 points of risk),a member for 245 days (+11 points of risk),visiting 52% less often than their own usual pattern (+11 points of risk),Bounce-back free drink + one-question why-survey,1151.36
M018798,Bronze,At-risk regulars,0.87817276,a member for 333 days (+17 points of risk),visiting 74% less often than their own usual pattern (+12 points of risk),visits roughly every 53 days (+9 points of risk),"15%-off win-back coupon + ""we miss you"" LINE mission",1150.58
M010305,Silver,Hibernating,0.86001873,70 days since last visit (+16 points of risk),a member for 427 days (+10 points of risk),10 visits on record (+9 points of risk),Bounce-back free drink + one-question why-survey,1149.3600000000001
M004051,Bronze,Hibernating,0.80090886,a member for 406 days (+11 points of risk),11 visits on record (+11 points of risk),48 days since last visit (+8 points of risk),Bounce-back free drink + one-question why-survey,1149.25
M010376,Silver,Hibernating,0.90010107,72 days since last visit (+16 points of risk),visiting 79% less often than their own usual pattern (+11 points of risk),a member for 373 days (+11 points of risk),Bounce-back free drink + one-question why-survey,1148.81
M000970,Silver,Loyal,0.8831963,typical gap between visits is now 2.1x longer than their own usual pattern (+17 points of risk),a member for 418 days (+14 points of risk),10 visits on record (+10 points of risk),"Tier-up nudge, personalized bundle",1146.74
M018249,Silver,At-risk regulars,0.88501745,visiting 76% less often than their own usual pattern (+14 points of risk),a member for 250 days (+12 points of risk),8 visits on record (+8 points of risk),"15%-off win-back coupon + ""we miss you"" LINE mission",1146.26
M007278,Bronze,Loyal,0.8013464,typical gap between visits is now 2.9x longer than their own usual pattern (+14 points of risk),a member for 437 days (+14 points of risk),11 visits on record (+12 points of risk),"Tier-up nudge, personalized bundle",1145.8
M019195,Bronze,Hibernating,0.9364698,a member for 511 days (+14 points of risk),11 visits on record (+11 points of risk),visiting 83% less often than their own usual pattern (+11 points of risk),Bounce-back free drink + one-question why-survey,1144.1699999999998
M001870,Silver,Hibernating,0.8623086,visiting 73% less often than their own usual pattern (+15 points of risk),14 visits on record (+14 points of risk),a member for 526 days (+10 points of risk),Bounce-back free drink + one-question why-survey,1142.97
M008879,Silver,Hibernating,0.8160028,68 days since last visit (+16 points of risk),visiting 78% less often than their own usual pattern (+13 points of risk),a member for 246 days (+13 points of risk),Bounce-back free drink + one-question why-survey,1142.7
M002865,Bronze,Loyal,0.90585065,a member for 403 days (+14 points of risk),visits roughly every 40 days (+13 points of risk),visiting 71% less often than their own usual pattern (+12 points of risk),"Tier-up nudge, personalized bundle",1141.57
M014719,Bronze,At-risk regulars,0.80229425,a member for 360 days (+14 points of risk),visiting 54% less often than their own usual pattern (+11 points of risk),8 visits on record (+9 points of risk),"15%-off win-back coupon + ""we miss you"" LINE mission",1141.14
M005359,Silver,Hibernating,0.83266926,visiting 39% less often than their own usual pattern (+10 points of risk),a member for 215 days (+9 points of risk),8 visits on record (+9 points of risk),Bounce-back free drink + one-question why-survey,1139.77
M015487,Bronze,Hibernating,0.88188106,58 days since last visit (+25 points of risk),visits roughly every 12 days (+20 points of risk),8 visits on record (+6 points of risk),Bounce-back free drink + one-question why-survey,1137.38
M005402,Bronze,Loyal,0.8728973,a member for 356 days (+15 points of risk),10 visits on record (+10 points of risk),typical gap between visits is now 2.7x longer than their own usual pattern (+10 points of risk),"Tier-up nudge, personalized bundle",1133.2
M002377,Bronze,Hibernating,0.84785354,visiting 70% less often than their own usual pattern (+14 points of risk),49 days since last visit (+13 points of risk),14 visits on record (+13 points of risk),Bounce-back free drink + one-question why-survey,1131.8899999999999
M003721,Silver,Loyal,0.9298298,visits roughly every 44 days (+17 points of risk),a member for 442 days (+12 points of risk),11 visits on record (+10 points of risk),"Tier-up nudge, personalized bundle",1129.7
M006890,Bronze,Hibernating,0.90355986,66 days since last visit (+15 points of risk),visiting 59% less often than their own usual pattern (+11 points of risk),a member for 279 days (+11 points of risk),Bounce-back free drink + one-question why-survey,1129.59
M017913,Bronze,Loyal,0.97404283,a member for 393 days (+14 points of risk),visits roughly every 49 days (+14 points of risk),visiting 72% less often than their own usual pattern (+10 points of risk),"Tier-up nudge, personalized bundle",1129.26
M017982,Bronze,Hibernating,0.90123606,a member for 309 days (+15 points of risk),visiting 58% less often than their own usual pattern (+11 points of risk),53 days since last visit (+10 points of risk),Bounce-back free drink + one-question why-survey,1127.57
M004372,Bronze,At-risk regulars,0.9045351,a member for 335 days (+16 points of risk),visits roughly every 53 days (+10 points of risk),typical gap between visits is now 2.1x longer than their own usual pattern (+9 points of risk),"15%-off win-back coupon + ""we miss you"" LINE mission",1124.45
M014328,Bronze,At-risk regulars,0.88817334,visiting 96% less often than their own usual pattern (+15 points of risk),a member for 268 days (+13 points of risk),9 visits on record (+9 points of risk),"15%-off win-back coupon + ""we miss you"" LINE mission",1124.38
M000205,Gold,Hibernating,0.9067259,a member for 393 days (+15 points of risk),85 days since last visit (+13 points of risk),visiting 49% less often than their own usual pattern (+8 points of risk),Bounce-back free drink + one-question why-survey,1122.6399999999999
M015902,Bronze,Hibernating,0.8229602,a member for 282 days (+12 points of risk),81 days since last visit (+11 points of risk),visiting 45% less often than their own usual pattern (+7 points of risk),Bounce-back free drink + one-question why-survey,1121.61
M005080,Bronze,Loyal,0.9554531,a member for 510 days (+16 points of risk),visits roughly every 55 days (+13 points of risk),visiting 74% less often than their own usual pattern (+11 points of risk),"Tier-up nudge, personalized bundle",1119.8899999999999
M002723,Bronze,Hibernating,0.8537332,49 days since last visit (+16 points of risk),typical gap between visits is now 2.3x longer than their own usual pattern (+14 points of risk),8 visits on record (+10 points of risk),Bounce-back free drink + one-question why-survey,1118.52
M008465,Bronze,Hibernating,0.8955891,9 visits on record (+14 points of risk),visits roughly every 10 days (+13 points of risk),36 days since last visit (+12 points of risk),Bounce-back free drink + one-question why-survey,1114.9
M004090,Bronze,Loyal,0.8264121,13 visits on record (+14 points of risk),typical gap between visits is now 2.3x longer than their own usual pattern (+14 points of risk),a member for 470 days (+7 points of risk),"Tier-up nudge, personalized bundle",1114.32
M017158,Silver,Hibernating,0.93262327,typical gap between visits is now 2.2x longer than their own usual pattern (+14 points of risk),a member for 379 days (+13 points of risk),9 visits on record (+11 points of risk),Bounce-back free drink + one-question why-survey,1114.22
M011643,Bronze,Hibernating,0.9032946,52 days since last visit (+15 points of risk),visiting 65% less often than their own usual pattern (+12 points of risk),a member for 231 days (+9 points of risk),Bounce-back free drink + one-question why-survey,1113.17
M003747,Bronze,At-risk regulars,0.9173782,visits roughly every 43 days (+13 points of risk),a member for 260 days (+13 points of risk),visiting 51% less often than their own usual pattern (+10 points of risk),"15%-off win-back coupon + ""we miss you"" LINE mission",1113.01
M003055,Silver,Hibernating,0.94209915,visiting 89% less often than their own usual pattern (+11 points of risk),9 visits on record (+9 points of risk),87 days since last visit (+9 points of risk),Bounce-back free drink + one-question why-survey,1112.34
M018082,Bronze,Hibernating,0.8980494,a member for 383 days (+15 points of risk),79 days since last visit (+13 points of risk),visiting 76% less often than their own usual pattern (+11 points of risk),Bounce-back free drink + one-question why-survey,1111.93
M001217,Bronze,At-risk regulars,0.86007357,visiting 86% less often than their own usual pattern (+13 points of risk),a member for 345 days (+13 points of risk),8 visits on record (+9 points of risk),"15%-off win-back coupon + ""we miss you"" LINE mission",1110.95
M010860,Bronze,Hibernating,0.9489801,49 days since last visit (+21 points of risk),visits roughly every 13 days (+18 points of risk),visits down 50% in the last 30 days vs. the 30 before (+7 points of risk),Bounce-back free drink + one-question why-survey,1110.55
M004362,Bronze,Hibernating,0.9251664,a member for 402 days (+13 points of risk),57 days since last visit (+12 points of risk),9 visits on record (+9 points of risk),Bounce-back free drink + one-question why-survey,1109.56
M017151,Bronze,Hibernating,0.84095746,9 visits on record (+10 points of risk),a member for 300 days (+10 points of risk),visiting 44% less often than their own usual pattern (+10 points of risk),Bounce-back free drink + one-question why-survey,1108.96
M015693,Bronze,Loyal,0.9062893,a member for 547 days (+17 points of risk),typical gap between visits is now 3.5x longer than their own usual pattern (+16 points of risk),14 visits on record (+15 points of risk),"Tier-up nudge, personalized bundle",1108.15
M018166,Bronze,At-risk regulars,0.8307465,visiting 62% less often than their own usual pattern (+18 points of risk),8 visits on record (+9 points of risk),a member for 156 days (+8 points of risk),"15%-off win-back coupon + ""we miss you"" LINE mission",1107.96
M013189,Bronze,At-risk regulars,0.88954145,a member for 372 days (+14 points of risk),visiting 88% less often than their own usual pattern (+13 points of risk),9 visits on record (+10 points of risk),"15%-off win-back coupon + ""we miss you"" LINE mission",1107.88
M014029,Silver,Hibernating,0.92958236,a member for 369 days (+12 points of risk),52 days since last visit (+11 points of risk),9 visits on record (+10 points of risk),Bounce-back free drink + one-question why-survey,1106.69
M007013,Bronze,At-risk regulars,0.87798136,a member for 382 days (+16 points of risk),visiting 86% less often than their own usual pattern (+13 points of risk),8 visits on record (+9 points of risk),"15%-off win-back coupon + ""we miss you"" LINE mission",1100.27
M008746,Silver,Hibernating,0.9471643,a member for 520 days (+13 points of risk),typical gap between visits is now 2.2x longer than their own usual pattern (+13 points of risk),11 visits on record (+12 points of risk),Bounce-back free drink + one-question why-survey,1099.69
M007798,Bronze,At-risk regulars,0.82649404,visiting 43% less often than their own usual pattern (+15 points of risk),a member for 221 days (+8 points of risk),9 visits on record (+8 points of risk),"15%-off win-back coupon + ""we miss you"" LINE mission",1098.98
M017835,Silver,Loyal,0.84590703,a member for 525 days (+15 points of risk),visiting 92% less often than their own usual pattern (+15 points of risk),14 visits on record (+15 points of risk),"Tier-up nudge, personalized bundle",1094.22
M003211,Bronze,Hibernating,0.90517753,77 days since last visit (+16 points of risk),a member for 257 days (+11 points of risk),visiting 47% less often than their own usual pattern (+9 points of risk),Bounce-back free drink + one-question why-survey,1093.36
M000802,Bronze,Hibernating,0.7960441,58 days since last visit (+14 points of risk),14 visits on record (+12 points of risk),a member for 547 days (+10 points of risk),Bounce-back free drink + one-question why-survey,1093.04
M016431,Bronze,Hibernating,0.9127597,visits roughly every 11 days (+14 points of risk),9 visits on record (+12 points of risk),36 days since last visit (+11 points of risk),Bounce-back free drink + one-question why-survey,1091.35
M003114,Silver,Hibernating,0.86319685,75 days since last visit (+14 points of risk),a member for 329 days (+12 points of risk),visiting 56% less often than their own usual pattern (+9 points of risk),Bounce-back free drink + one-question why-survey,1089.91
M013639,Silver,Hibernating,0.9636518,76 days since last visit (+14 points of risk),typical gap between visits is now 2.2x longer than their own usual pattern (+13 points of risk),a member for 537 days (+12 points of risk),Bounce-back free drink + one-question why-survey,1089.62
M019459,Bronze,Hibernating,0.8144919,83 days since last visit (+20 points of risk),visiting 44% less often than their own usual pattern (+10 points of risk),a member for 520 days (+9 points of risk),Bounce-back free drink + one-question why-survey,1087.56
M019416,Silver,Hibernating,0.9111386,78 days since last visit (+32 points of risk),visits roughly every 14 days (+13 points of risk),a member for 164 days (+8 points of risk),Bounce-back free drink + one-question why-survey,1086.69
M001294,Bronze,At-risk regulars,0.8708177,visiting 87% less often than their own usual pattern (+15 points of risk),a member for 366 days (+13 points of risk),9 visits on record (+11 points of risk),"15%-off win-back coupon + ""we miss you"" LINE mission",1086.67
M018267,Bronze,Hibernating,0.8940916,50 days since last visit (+13 points of risk),11 visits on record (+11 points of risk),a member for 367 days (+11 points of risk),Bounce-back free drink + one-question why-survey,1084.74
M005968,Bronze,At-risk regulars,0.7947371,visits roughly every 51 days (+25 points of risk),a member for 253 days (+8 points of risk),0 days since last visit (+5 points of risk),"15%-off win-back coupon + ""we miss you"" LINE mission",1084.49
M002140,Silver,At-risk regulars,0.94704413,visits roughly every 46 days (+13 points of risk),a member for 279 days (+13 points of risk),visiting 69% less often than their own usual pattern (+10 points of risk),"15%-off win-back coupon + ""we miss you"" LINE mission",1084.42
M017892,Silver,Hibernating,0.88533616,73 days since last visit (+18 points of risk),typical gap between visits is now 4.1x longer than their own usual pattern (+17 points of risk),11 visits on record (+12 points of risk),Bounce-back free drink + one-question why-survey,1083.77
M015554,Bronze,Hibernating,0.8666425,visiting 92% less often than their own usual pattern (+13 points of risk),a member for 358 days (+11 points of risk),87 days since last visit (+11 points of risk),Bounce-back free drink + one-question why-survey,1083.4099999999999
M010015,Bronze,At-risk regulars,0.859796,visiting 89% less often than their own usual pattern (+15 points of risk),a member for 262 days (+12 points of risk),9 visits on record (+9 points of risk),"15%-off win-back coupon + ""we miss you"" LINE mission",1081.79
M013973,Bronze,Loyal,0.92187196,visits roughly every 53 days (+18 points of risk),a member for 376 days (+16 points of risk),8 visits on record (+8 points of risk),"Tier-up nudge, personalized bundle",1081.75
M008779,Gold,Loyal,0.89660406,visits roughly every 46 days (+18 points of risk),a member for 426 days (+15 points of risk),10 visits on record (+9 points of risk),"Tier-up nudge, personalized bundle",1081.52
M010974,Bronze,Hibernating,0.83691394,58 days since last visit (+12 points of risk),a member for 293 days (+10 points of risk),visiting 46% less often than their own usual pattern (+9 points of risk),Bounce-back free drink + one-question why-survey,1081.43
M007616,Bronze,At-risk regulars,0.7930511,visiting 93% less often than their own usual pattern (+18 points of risk),a member for 232 days (+8 points of risk),8 visits on record (+6 points of risk),"15%-off win-back coupon + ""we miss you"" LINE mission",1080.46
M010339,Bronze,Hibernating,0.88392085,visiting 61% less often than their own usual pattern (+12 points of risk),45 days since last visit (+12 points of risk),9 visits on record (+11 points of risk),Bounce-back free drink + one-question why-survey,1080.23
M019959,Bronze,At-risk regulars,0.8634148,visits roughly every 9 days (+16 points of risk),34 days since last visit (+14 points of risk),visits down 75% in the last 30 days vs. the 30 before (+9 points of risk),"15%-off win-back coupon + ""we miss you"" LINE mission",1080.18
M019477,Bronze,Hibernating,0.93481714,a member for 546 days (+14 points of risk),76 days since last visit (+11 points of risk),10 visits on record (+10 points of risk),Bounce-back free drink + one-question why-survey,1079.96
M011721,Bronze,Hibernating,0.8055332,11 visits on record (+10 points of risk),48 days since last visit (+10 points of risk),a member for 424 days (+10 points of risk),Bounce-back free drink + one-question why-survey,1078.73
M013309,Bronze,At-risk regulars,0.91980726,visits roughly every 14 days (+16 points of risk),34 days since last visit (+15 points of risk),visits down 67% in the last 30 days vs. the 30 before (+10 points of risk),"15%-off win-back coupon + ""we miss you"" LINE mission",1077.92
M010908,Bronze,Hibernating,0.97717345,75 days since last visit (+25 points of risk),visits roughly every 12 days (+13 points of risk),a member for 171 days (+8 points of risk),Bounce-back free drink + one-question why-survey,1076.57
M018271,Bronze,Loyal,0.8288122,visiting 58% less often than their own usual pattern (+14 points of risk),a member for 409 days (+13 points of risk),11 visits on record (+11 points of risk),"Tier-up nudge, personalized bundle",1076.26
M014448,Bronze,At-risk regulars,0.88272005,visiting 46% less often than their own usual pattern (+14 points of risk),a member for 230 days (+8 points of risk),9 visits on record (+8 points of risk),"15%-off win-back coupon + ""we miss you"" LINE mission",1072.09
M019576,Silver,Hibernating,0.9034827,visiting 55% less often than their own usual pattern (+12 points of risk),60 days since last visit (+12 points of risk),a member for 230 days (+10 points of risk),Bounce-back free drink + one-question why-survey,1070.99
M013993,Bronze,Hibernating,0.81554836,visiting 83% less often than their own usual pattern (+12 points of risk),a member for 235 days (+9 points of risk),8 visits on record (+8 points of risk),Bounce-back free drink + one-question why-survey,1070.54
M016362,Bronze,At-risk regulars,0.82159436,9 visits on record (+12 points of risk),visiting 41% less often than their own usual pattern (+9 points of risk),a member for 176 days (+7 points of risk),"15%-off win-back coupon + ""we miss you"" LINE mission",1070.36
M018673,Bronze,Hibernating,0.8654929,70 days since last visit (+34 points of risk),visits roughly every 17 days (+10 points of risk),a member for 186 days (+8 points of risk),Bounce-back free drink + one-question why-survey,1065.65
M018456,Bronze,Loyal,0.9617465,a member for 423 days (+13 points of risk),visits roughly every 42 days (+13 points of risk),visiting 45% less often than their own usual pattern (+10 points of risk),"Tier-up nudge, personalized bundle",1063.87
M011655,Bronze,Hibernating,0.8762059,a member for 321 days (+15 points of risk),69 days since last visit (+11 points of risk),visiting 36% less often than their own usual pattern (+6 points of risk),Bounce-back free drink + one-question why-survey,1063.7
M012298,Bronze,Hibernating,0.7934706,77 days since last visit (+17 points of risk),a member for 299 days (+14 points of risk),typical gap between visits is now 2.4x longer than their own usual pattern (+7 points of risk),Bounce-back free drink + one-question why-survey,1063.42
M013983,Bronze,Hibernating,0.9118641,79 days since last visit (+16 points of risk),a member for 356 days (+16 points of risk),typical gap between visits is now 2.4x longer than their own usual pattern (+8 points of risk),Bounce-back free drink + one-question why-survey,1058.78
M005262,Silver,Hibernating,0.946903,77 days since last visit (+22 points of risk),visits roughly every 11 days (+12 points of risk),8 visits on record (+8 points of risk),Bounce-back free drink + one-question why-survey,1057.59
M015354,Bronze,At-risk regulars,0.89648324,typical gap between visits is now 2.2x longer than their own usual pattern (+16 points of risk),a member for 403 days (+14 points of risk),10 visits on record (+10 points of risk),"15%-off win-back coupon + ""we miss you"" LINE mission",1053.83
M015445,Bronze,Hibernating,0.8994229,visiting 68% less often than their own usual pattern (+13 points of risk),47 days since last visit (+13 points of risk),14 visits on record (+12 points of risk),Bounce-back free drink + one-question why-survey,1052.8
M004734,Bronze,Hibernating,0.8773214,84 days since last visit (+21 points of risk),9 visits on record (+9 points of risk),a member for 230 days (+8 points of risk),Bounce-back free drink + one-question why-survey,1048.78
M007991,Bronze,At-risk regulars,0.80953383,visiting 58% less often than their own usual pattern (+18 points of risk),a member for 171 days (+8 points of risk),8 visits on record (+7 points of risk),"15%-off win-back coupon + ""we miss you"" LINE mission",1047.17
M003212,Bronze,Hibernating,0.861195,visiting 56% less often than their own usual pattern (+12 points of risk),11 visits on record (+12 points of risk),48 days since last visit (+9 points of risk),Bounce-back free drink + one-question why-survey,1046.31
M013299,Bronze,Loyal,0.80118686,visiting 81% less often than their own usual pattern (+13 points of risk),a member for 579 days (+13 points of risk),13 visits on record (+13 points of risk),"Tier-up nudge, personalized bundle",1046.29
M010822,Bronze,Hibernating,0.85097855,51 days since last visit (+14 points of risk),a member for 282 days (+11 points of risk),visiting 32% less often than their own usual pattern (+5 points of risk),Bounce-back free drink + one-question why-survey,1044.85
M005953,Bronze,Hibernating,0.90740716,82 days since last visit (+15 points of risk),visiting 66% less often than their own usual pattern (+12 points of risk),16 visits on record (+10 points of risk),Bounce-back free drink + one-question why-survey,1043.9
M007393,Bronze,At-risk regulars,0.82503706,a member for 179 days (+8 points of risk),visits roughly every 36 days (+8 points of risk),visiting 42% less often than their own usual pattern (+7 points of risk),"15%-off win-back coupon + ""we miss you"" LINE mission",1043.48
M015807,Bronze,Hibernating,0.7937961,74 days since last visit (+15 points of risk),a member for 347 days (+14 points of risk),8 visits on record (+7 points of risk),Bounce-back free drink + one-question why-survey,1043.27
M012494,Bronze,Loyal,0.94148564,typical gap between visits is now 2.4x longer than their own usual pattern (+20 points of risk),14 visits on record (+14 points of risk),a member for 525 days (+13 points of risk),"Tier-up nudge, personalized bundle",1042.73
M001892,Bronze,At-risk regulars,0.8904347,a member for 338 days (+14 points of risk),visiting 62% less often than their own usual pattern (+13 points of risk),visits roughly every 46 days (+8 points of risk),"15%-off win-back coupon + ""we miss you"" LINE mission",1042.52
M001261,Bronze,At-risk regulars,0.9118056,a member for 292 days (+12 points of risk),visiting 37% less often than their own usual pattern (+11 points of risk),visits roughly every 41 days (+11 points of risk),"15%-off win-back coupon + ""we miss you"" LINE mission",1042.48
M001740,Bronze,Hibernating,0.87369823,a member for 329 days (+13 points of risk),visiting 95% less often than their own usual pattern (+12 points of risk),48 days since last visit (+9 points of risk),Bounce-back free drink + one-question why-survey,1041.8
M003801,Bronze,At-risk regulars,0.8733326,typical gap between visits is now 2.1x longer than their own usual pattern (+16 points of risk),a member for 315 days (+11 points of risk),10 visits on record (+9 points of risk),"15%-off win-back coupon + ""we miss you"" LINE mission",1041.68
M004543,Bronze,Hibernating,0.9000107,a member for 392 days (+13 points of risk),78 days since last visit (+12 points of risk),11 visits on record (+9 points of risk),Bounce-back free drink + one-question why-survey,1038.61
M008142,Bronze,Hibernating,0.9798345,84 days since last visit (+21 points of risk),visits roughly every 13 days (+11 points of risk),9 visits on record (+8 points of risk),Bounce-back free drink + one-question why-survey,1037.3
M014857,Silver,Hibernating,0.9217437,46 days since last visit (+14 points of risk),visiting 71% less often than their own usual pattern (+12 points of risk),8 visits on record (+9 points of risk),Bounce-back free drink + one-question why-survey,1035.69
M019212,Bronze,Hibernating,0.95630294,60 days since last visit (+20 points of risk),visits roughly every 13 days (+18 points of risk),a member for 151 days (+8 points of risk),Bounce-back free drink + one-question why-survey,1035.29
M019967,Silver,Hibernating,0.8561944,typical gap between visits is now 3.0x longer than their own usual pattern (+19 points of risk),16 visits on record (+14 points of risk),64 days since last visit (+13 points of risk),Bounce-back free drink + one-question why-survey,1034.59
M003222,Bronze,Hibernating,0.8568252,a member for 428 days (+16 points of risk),typical gap between visits is now 2.4x longer than their own usual pattern (+15 points of risk),9 visits on record (+10 points of risk),Bounce-back free drink + one-question why-survey,1034.22
M006325,Silver,Hibernating,0.9000688,a member for 283 days (+11 points of risk),64 days since last visit (+10 points of risk),visiting 49% less often than their own usual pattern (+8 points of risk),Bounce-back free drink + one-question why-survey,1031.88
M011933,Bronze,Loyal,0.92491263,a member for 407 days (+14 points of risk),visiting 65% less often than their own usual pattern (+13 points of risk),11 visits on record (+10 points of risk),"Tier-up nudge, personalized bundle",1030.28
M015210,Bronze,Hibernating,0.85023785,a member for 420 days (+13 points of risk),9 visits on record (+13 points of risk),38 days since last visit (+8 points of risk),Bounce-back free drink + one-question why-survey,1029.46
M002032,Bronze,Hibernating,0.84067273,a member for 287 days (+11 points of risk),visiting 76% less often than their own usual pattern (+11 points of risk),49 days since last visit (+10 points of risk),Bounce-back free drink + one-question why-survey,1027.01
M002411,Bronze,Hibernating,0.9325628,52 days since last visit (+13 points of risk),a member for 379 days (+12 points of risk),typical gap between visits is now 2.1x longer than their own usual pattern (+12 points of risk),Bounce-back free drink + one-question why-survey,1026.77
M015712,Bronze,Hibernating,0.9138628,70 days since last visit (+17 points of risk),visiting 68% less often than their own usual pattern (+12 points of risk),a member for 513 days (+11 points of risk),Bounce-back free drink + one-question why-survey,1025.28
M015309,Bronze,At-risk regulars,0.8990255,visiting 42% less often than their own usual pattern (+12 points of risk),a member for 232 days (+8 points of risk),8 visits on record (+7 points of risk),"15%-off win-back coupon + ""we miss you"" LINE mission",1024.1200000000001
M014948,Bronze,Hibernating,0.7959124,49 days since last visit (+12 points of risk),11 visits on record (+11 points of risk),a member for 434 days (+7 points of risk),Bounce-back free drink + one-question why-survey,1023.35
M012250,Bronze,Hibernating,0.85977554,54 days since last visit (+10 points of risk),9 visits on record (+10 points of risk),visiting 37% less often than their own usual pattern (+9 points of risk),Bounce-back free drink + one-question why-survey,1022.5
M007960,Bronze,Hibernating,0.833753,visiting 65% less often than their own usual pattern (+12 points of risk),a member for 276 days (+10 points of risk),45 days since last visit (+8 points of risk),Bounce-back free drink + one-question why-survey,1022.08
M005910,Bronze,At-risk regulars,0.8591211,a member for 395 days (+16 points of risk),visiting 81% less often than their own usual pattern (+14 points of risk),10 visits on record (+10 points of risk),"15%-off win-back coupon + ""we miss you"" LINE mission",1021.1
M006425,Bronze,Hibernating,0.9356922,48 days since last visit (+22 points of risk),visits roughly every 17 days (+10 points of risk),visits down 50% in the last 30 days vs. the 30 before (+6 points of risk),Bounce-back free drink + one-question why-survey,1019.6800000000001
M013821,Bronze,Hibernating,0.8042582,44 days since last visit (+23 points of risk),visits roughly every 15 days (+16 points of risk),visits down 50% in the last 30 days vs. the 30 before (+6 points of risk),Bounce-back free drink + one-question why-survey,1018.87
M010242,Bronze,Hibernating,0.82977116,a member for 344 days (+14 points of risk),visiting 72% less often than their own usual pattern (+11 points of risk),8 visits on record (+9 points of risk),Bounce-back free drink + one-question why-survey,1015.31
M000574,Bronze,At-risk regulars,0.85792696,visiting 69% less often than their own usual pattern (+16 points of risk),9 visits on record (+10 points of risk),a member for 175 days (+7 points of risk),"15%-off win-back coupon + ""we miss you"" LINE mission",1014.55
M009380,Bronze,Hibernating,0.8203234,a member for 354 days (+12 points of risk),67 days since last visit (+11 points of risk),9 visits on record (+8 points of risk),Bounce-back free drink + one-question why-survey,1014.14
M008550,Bronze,At-risk regulars,0.87659216,visits roughly every 42 days (+13 points of risk),a member for 221 days (+10 points of risk),visiting 73% less often than their own usual pattern (+9 points of risk),"15%-off win-back coupon + ""we miss you"" LINE mission",1013.5799999999999
M002137,Bronze,Hibernating,0.8674343,57 days since last visit (+16 points of risk),a member for 172 days (+9 points of risk),visiting 39% less often than their own usual pattern (+8 points of risk),Bounce-back free drink + one-question why-survey,1007.44
M008836,Bronze,At-risk regulars,0.8484944,typical gap between visits is now 4.7x longer than their own usual pattern (+28 points of risk),8 visits on record (+8 points of risk),a member for 230 days (+8 points of risk),"15%-off win-back coupon + ""we miss you"" LINE mission",1007.38
M017086,Bronze,Hibernating,0.8903885,70 days since last visit (+16 points of risk),a member for 317 days (+15 points of risk),typical gap between visits is now 2.1x longer than their own usual pattern (+9 points of risk),Bounce-back free drink + one-question why-survey,1004.8
M010094,Bronze,At-risk regulars,0.8198998,visiting 56% less often than their own usual pattern (+14 points of risk),a member for 278 days (+13 points of risk),visits roughly every 39 days (+9 points of risk),"15%-off win-back coupon + ""we miss you"" LINE mission",1003.6500000000001
M013512,Bronze,At-risk regulars,0.9607598,a member for 336 days (+13 points of risk),visits roughly every 47 days (+12 points of risk),visiting 73% less often than their own usual pattern (+10 points of risk),"15%-off win-back coupon + ""we miss you"" LINE mission",1002.86
M017537,Bronze,Hibernating,0.9447754,85 days since last visit (+12 points of risk),a member for 430 days (+12 points of risk),visiting 76% less often than their own usual pattern (+10 points of risk),Bounce-back free drink + one-question why-survey,995.37
M017091,Bronze,At-risk regulars,0.931501,a member for 264 days (+13 points of risk),visits roughly every 44 days (+12 points of risk),visiting 65% less often than their own usual pattern (+12 points of risk),"15%-off win-back coupon + ""we miss you"" LINE mission",994.37
M012412,Bronze,At-risk regulars,0.89918536,a member for 385 days (+15 points of risk),visiting 78% less often than their own usual pattern (+13 points of risk),9 visits on record (+10 points of risk),"15%-off win-back coupon + ""we miss you"" LINE mission",991.99
M009597,Silver,At-risk regulars,0.8164734,visits roughly every 38 days (+8 points of risk),typical gap between visits is now 2.1x longer than their own usual pattern (+8 points of risk),a member for 197 days (+7 points of risk),"15%-off win-back coupon + ""we miss you"" LINE mission",990.64
M019930,Bronze,At-risk regulars,0.87187797,visiting 58% less often than their own usual pattern (+16 points of risk),9 visits on record (+9 points of risk),a member for 189 days (+7 points of risk),"15%-off win-back coupon + ""we miss you"" LINE mission",988.97
M011196,Bronze,Hibernating,0.8951746,visiting 62% less often than their own usual pattern (+14 points of risk),a member for 418 days (+12 points of risk),12 visits on record (+11 points of risk),Bounce-back free drink + one-question why-survey,988.9000000000001
M015810,Bronze,Hibernating,0.8803501,a member for 415 days (+12 points of risk),58 days since last visit (+12 points of risk),9 visits on record (+9 points of risk),Bounce-back free drink + one-question why-survey,988.26
M010821,Silver,Loyal,0.8528016,visits roughly every 42 days (+17 points of risk),13 visits on record (+15 points of risk),a member for 512 days (+13 points of risk),"Tier-up nudge, personalized bundle",985.59
M005010,Bronze,Loyal,0.8227163,a member for 561 days (+18 points of risk),13 visits on record (+10 points of risk),visits roughly every 44 days (+8 points of risk),"Tier-up nudge, personalized bundle",984.27
M003081,Bronze,Hibernating,0.84115916,58 days since last visit (+14 points of risk),visiting 88% less often than their own usual pattern (+14 points of risk),a member for 326 days (+13 points of risk),Bounce-back free drink + one-question why-survey,983.48
M011093,Bronze,Hibernating,0.8618241,54 days since last visit (+26 points of risk),visits roughly every 16 days (+12 points of risk),visits down 50% in the last 30 days vs. the 30 before (+5 points of risk),Bounce-back free drink + one-question why-survey,983.01
M006593,Silver,Hibernating,0.8537765,visiting 58% less often than their own usual pattern (+16 points of risk),53 days since last visit (+14 points of risk),17 visits on record (+10 points of risk),Bounce-back free drink + one-question why-survey,981.67
M015821,Bronze,Hibernating,0.95594615,typical gap between visits is now 3.3x longer than their own usual pattern (+22 points of risk),51 days since last visit (+14 points of risk),19 visits on record (+11 points of risk),Bounce-back free drink + one-question why-survey,978.6700000000001
M001322,Bronze,Hibernating,0.79268694,visiting 74% less often than their own usual pattern (+10 points of risk),38 days since last visit (+8 points of risk),a member for 178 days (+8 points of risk),Bounce-back free drink + one-question why-survey,978.51
M012882,Bronze,Hibernating,0.8879305,a member for 520 days (+15 points of risk),68 days since last visit (+11 points of risk),11 visits on record (+10 points of risk),Bounce-back free drink + one-question why-survey,976.66
M013148,Bronze,At-risk regulars,0.870221,visiting 67% less often than their own usual pattern (+13 points of risk),a member for 235 days (+9 points of risk),8 visits on record (+7 points of risk),"15%-off win-back coupon + ""we miss you"" LINE mission",976.44
M009005,Silver,At-risk regulars,0.8412694,visits roughly every 14 days (+24 points of risk),34 days since last visit (+14 points of risk),visits down 67% in the last 30 days vs. the 30 before (+9 points of risk),"15%-off win-back coupon + ""we miss you"" LINE mission",975.44
M009187,Bronze,At-risk regulars,0.9009638,visiting 83% less often than their own usual pattern (+11 points of risk),a member for 231 days (+7 points of risk),8 visits on record (+6 points of risk),"15%-off win-back coupon + ""we miss you"" LINE mission",973.51
M012577,Bronze,At-risk regulars,0.87679404,visiting 53% less often than their own usual pattern (+14 points of risk),a member for 256 days (+11 points of risk),9 visits on record (+7 points of risk),"15%-off win-back coupon + ""we miss you"" LINE mission",972.63
M015004,Bronze,Hibernating,0.8894401,80 days since last visit (+17 points of risk),a member for 391 days (+17 points of risk),8 visits on record (+9 points of risk),Bounce-back free drink + one-question why-survey,971.23
M005961,Bronze,Loyal,0.87115145,a member for 402 days (+13 points of risk),visits roughly every 44 days (+12 points of risk),visiting 55% less often than their own usual pattern (+12 points of risk),"Tier-up nudge, personalized bundle",968.98
M001235,Bronze,Hibernating,0.8422879,a member for 268 days (+11 points of risk),48 days since last visit (+9 points of risk),visiting 37% less often than their own usual pattern (+8 points of risk),Bounce-back free drink + one-question why-survey,968.43
M017219,Bronze,Hibernating,0.8107862,76 days since last visit (+15 points of risk),a member for 297 days (+11 points of risk),visiting 53% less often than their own usual pattern (+7 points of risk),Bounce-back free drink + one-question why-survey,967.58
M008547,Bronze,Hibernating,0.8155957,visiting 62% less often than their own usual pattern (+12 points of risk),9 visits on record (+9 points of risk),a member for 274 days (+9 points of risk),Bounce-back free drink + one-question why-survey,962.21
M009142,Bronze,At-risk regulars,0.8038827,visiting 39% less often than their own usual pattern (+13 points of risk),a member for 156 days (+8 points of risk),8 visits on record (+8 points of risk),"15%-off win-back coupon + ""we miss you"" LINE mission",961.19
M004256,Bronze,At-risk regulars,0.80951583,visiting 70% less often than their own usual pattern (+9 points of risk),visits roughly every 33 days (+8 points of risk),3 days since last visit (+7 points of risk),"15%-off win-back coupon + ""we miss you"" LINE mission",961.17
M012277,Bronze,At-risk regulars,0.9313407,a member for 290 days (+13 points of risk),visiting 91% less often than their own usual pattern (+11 points of risk),visits roughly every 47 days (+11 points of risk),"15%-off win-back coupon + ""we miss you"" LINE mission",955.58
M005104,Bronze,Hibernating,0.92151314,a member for 377 days (+15 points of risk),73 days since last visit (+13 points of risk),typical gap between visits is now 2.0x longer than their own usual pattern (+12 points of risk),Bounce-back free drink + one-question why-survey,951.9399999999999
M008673,Bronze,Loyal,0.8133677,13 visits on record (+17 points of risk),a member for 510 days (+16 points of risk),typical gap between visits is now 3.2x longer than their own usual pattern (+9 points of risk),"Tier-up nudge, personalized bundle",951.6
M003880,Bronze,Hibernating,0.8624998,67 days since last visit (+13 points of risk),12 visits on record (+11 points of risk),visiting 56% less often than their own usual pattern (+10 points of risk),Bounce-back free drink + one-question why-survey,951.51
M001461,Bronze,Hibernating,0.8914197,65 days since last visit (+15 points of risk),visiting 59% less often than their own usual pattern (+14 points of risk),a member for 242 days (+9 points of risk),Bounce-back free drink + one-question why-survey,949.37
M019965,Silver,Hibernating,0.858773,a member for 302 days (+12 points of risk),visiting 42% less often than their own usual pattern (+8 points of risk),48 days since last visit (+7 points of risk),Bounce-back free drink + one-question why-survey,948.71
M002480,Bronze,At-risk regulars,0.9351367,typical gap between visits is now 2.0x longer than their own usual pattern (+12 points of risk),a member for 280 days (+11 points of risk),visits roughly every 39 days (+9 points of risk),"15%-off win-back coupon + ""we miss you"" LINE mission",947.13
M006874,Silver,Hibernating,0.9664845,55 days since last visit (+15 points of risk),13 visits on record (+13 points of risk),a member for 540 days (+12 points of risk),Bounce-back free drink + one-question why-survey,946.78
M009651,Bronze,Hibernating,0.85839933,67 days since last visit (+12 points of risk),a member for 413 days (+12 points of risk),10 visits on record (+9 points of risk),Bounce-back free drink + one-question why-survey,945.11
M018147,Bronze,At-risk regulars,0.9357254,visits roughly every 49 days (+16 points of risk),a member for 295 days (+13 points of risk),1 days since last visit (+6 points of risk),"15%-off win-back coupon + ""we miss you"" LINE mission",944.31
M007646,Silver,Hibernating,0.9294465,84 days since last visit (+25 points of risk),visits roughly every 11 days (+14 points of risk),a member for 152 days (+7 points of risk),Bounce-back free drink + one-question why-survey,938.3199999999999
M008024,Bronze,Hibernating,0.8713813,a member for 329 days (+14 points of risk),82 days since last visit (+11 points of risk),visiting 71% less often than their own usual pattern (+9 points of risk),Bounce-back free drink + one-question why-survey,936.3299999999999
M014875,Bronze,At-risk regulars,0.85401815,visiting 61% less often than their own usual pattern (+14 points of risk),a member for 239 days (+8 points of risk),8 visits on record (+7 points of risk),"15%-off win-back coupon + ""we miss you"" LINE mission",934.47
M001668,Silver,Loyal,0.8060998,10 visits on record (+11 points of risk),visiting 38% less often than their own usual pattern (+10 points of risk),visits roughly every 49 days (+5 points of risk),"Tier-up nudge, personalized bundle",928.11
M000026,Silver,Hibernating,0.974495,a member for 587 days (+14 points of risk),74 days since last visit (+11 points of risk),10 visits on record (+9 points of risk),Bounce-back free drink + one-question why-survey,927.4
M004279,Bronze,Hibernating,0.8833874,59 days since last visit (+15 points of risk),visiting 74% less often than their own usual pattern (+11 points of risk),a member for 196 days (+9 points of risk),Bounce-back free drink + one-question why-survey,917.94
M001894,Silver,Hibernating,0.8064437,typical gap between visits is now 2.5x longer than their own usual pattern (+17 points of risk),11 visits on record (+13 points of risk),63 days since last visit (+11 points of risk),Bounce-back free drink + one-question why-survey,916.8100000000001
M012116,Bronze,At-risk regulars,0.892529,typical gap between visits is now 2.6x longer than their own usual pattern (+12 points of risk),a member for 212 days (+10 points of risk),7 visits on record (+4 points of risk),"15%-off win-back coupon + ""we miss you"" LINE mission",914.45
M004660,Bronze,At-risk regulars,0.9325873,visits roughly every 55 days (+21 points of risk),a member for 389 days (+14 points of risk),8 visits on record (+8 points of risk),"15%-off win-back coupon + ""we miss you"" LINE mission",913.06
M009808,Silver,Hibernating,0.87364024,a member for 512 days (+14 points of risk),69 days since last visit (+13 points of risk),11 visits on record (+11 points of risk),Bounce-back free drink + one-question why-survey,912.08
M014038,Bronze,Hibernating,0.90309477,62 days since last visit (+13 points of risk),visiting 64% less often than their own usual pattern (+13 points of risk),a member for 222 days (+9 points of risk),Bounce-back free drink + one-question why-survey,910.3199999999999
M018322,Gold,Hibernating,0.85855466,visiting 94% less often than their own usual pattern (+15 points of risk),14 visits on record (+14 points of risk),a member for 519 days (+11 points of risk),Bounce-back free drink + one-question why-survey,906.75
M013963,Bronze,Hibernating,0.91363776,61 days since last visit (+26 points of risk),visits roughly every 13 days (+18 points of risk),a member for 153 days (+7 points of risk),Bounce-back free drink + one-question why-survey,903.87
M001858,Bronze,Loyal,0.8002632,visiting 77% less often than their own usual pattern (+15 points of risk),16 visits on record (+9 points of risk),a member for 517 days (+8 points of risk),"Tier-up nudge, personalized bundle",903.12
M011057,Bronze,Hibernating,0.92749304,87 days since last visit (+14 points of risk),a member for 449 days (+12 points of risk),visiting 65% less often than their own usual pattern (+10 points of risk),Bounce-back free drink + one-question why-survey,901.3399999999999
M005714,Bronze,Hibernating,0.8599724,51 days since last visit (+12 points of risk),a member for 259 days (+12 points of risk),visiting 84% less often than their own usual pattern (+11 points of risk),Bounce-back free drink + one-question why-survey,900.97
M007724,Bronze,At-risk regulars,0.93786806,visits roughly every 48 days (+13 points of risk),a member for 243 days (+9 points of risk),typical gap between visits is now 2.0x longer than their own usual pattern (+8 points of risk),"15%-off win-back coupon + ""we miss you"" LINE mission",899.81
M006865,Bronze,Hibernating,0.85440075,51 days since last visit (+13 points of risk),a member for 283 days (+11 points of risk),visiting 64% less often than their own usual pattern (+11 points of risk),Bounce-back free drink + one-question why-survey,895.77
M013181,Bronze,Hibernating,0.9039401,85 days since last visit (+16 points of risk),typical gap between visits is now 2.2x longer than their own usual pattern (+15 points of risk),a member for 535 days (+11 points of risk),Bounce-back free drink + one-question why-survey,893.92
M007124,Silver,Hibernating,0.95296675,70 days since last visit (+14 points of risk),a member for 426 days (+14 points of risk),8 visits on record (+9 points of risk),Bounce-back free drink + one-question why-survey,893.85
M003848,Bronze,At-risk regulars,0.83217365,a member for 376 days (+16 points of risk),10 visits on record (+11 points of risk),typical gap between visits is now 3.4x longer than their own usual pattern (+6 points of risk),"15%-off win-back coupon + ""we miss you"" LINE mission",887.51
M013108,Bronze,Hibernating,0.85187566,a member for 375 days (+12 points of risk),82 days since last visit (+12 points of risk),visiting 56% less often than their own usual pattern (+11 points of risk),Bounce-back free drink + one-question why-survey,887.4300000000001
M003205,Bronze,Hibernating,0.95183873,81 days since last visit (+19 points of risk),visits roughly every 13 days (+12 points of risk),8 visits on record (+8 points of risk),Bounce-back free drink + one-question why-survey,882.4599999999999
M007196,Bronze,Hibernating,0.7994261,13 visits on record (+13 points of risk),visiting 56% less often than their own usual pattern (+11 points of risk),41 days since last visit (+5 points of risk),Bounce-back free drink + one-question why-survey,874.5
M008254,Silver,Hibernating,0.9382393,79 days since last visit (+15 points of risk),a member for 510 days (+12 points of risk),visiting 58% less often than their own usual pattern (+11 points of risk),Bounce-back free drink + one-question why-survey,873.5
M006117,Bronze,Hibernating,0.9246009,77 days since last visit (+12 points of risk),a member for 543 days (+12 points of risk),visiting 84% less often than their own usual pattern (+12 points of risk),Bounce-back free drink + one-question why-survey,872.47
M011055,Bronze,Hibernating,0.8029299,59 days since last visit (+16 points of risk),a member for 172 days (+8 points of risk),visiting 36% less often than their own usual pattern (+7 points of risk),Bounce-back free drink + one-question why-survey,871.4499999999999
M016070,Bronze,Hibernating,0.87194335,a member for 349 days (+16 points of risk),81 days since last visit (+12 points of risk),typical gap between visits is now 2.0x longer than their own usual pattern (+11 points of risk),Bounce-back free drink + one-question why-survey,869.26
M012535,Bronze,Loyal,0.9742856,a member for 431 days (+12 points of risk),typical gap between visits is now 2.0x longer than their own usual pattern (+11 points of risk),visits roughly every 42 days (+10 points of risk),"Tier-up nudge, personalized bundle",858.27
M008374,Silver,At-risk regulars,0.7977897,a member for 268 days (+13 points of risk),visiting 61% less often than their own usual pattern (+11 points of risk),visits roughly every 43 days (+11 points of risk),"15%-off win-back coupon + ""we miss you"" LINE mission",855.04
M007033,Bronze,Hibernating,0.9561501,a member for 573 days (+13 points of risk),80 days since last visit (+12 points of risk),12 visits on record (+10 points of risk),Bounce-back free drink + one-question why-survey,845.61
M015870,Bronze,Hibernating,0.93906957,typical gap between visits is now 2.1x longer than their own usual pattern (+18 points of risk),71 days since last visit (+16 points of risk),a member for 558 days (+12 points of risk),Bounce-back free drink + one-question why-survey,843.83
M012645,Silver,Hibernating,0.9475329,77 days since last visit (+31 points of risk),visits roughly every 14 days (+11 points of risk),a member for 147 days (+4 points of risk),Bounce-back free drink + one-question why-survey,842.8
M005073,Bronze,Hibernating,0.8115634,47 days since last visit (+16 points of risk),visits roughly every 12 days (+14 points of risk),8 visits on record (+8 points of risk),Bounce-back free drink + one-question why-survey,841.61
M019209,Bronze,Hibernating,0.79941785,76 days since last visit (+16 points of risk),a member for 347 days (+16 points of risk),visits roughly every 54 days (+6 points of risk),Bounce-back free drink + one-question why-survey,840.43
M019168,Bronze,Hibernating,0.81942374,46 days since last visit (+15 points of risk),a member for 418 days (+13 points of risk),9 visits on record (+12 points of risk),Bounce-back free drink + one-question why-survey,840.24
M011134,Bronze,At-risk regulars,0.86558443,visiting 59% less often than their own usual pattern (+12 points of risk),a member for 199 days (+9 points of risk),visits roughly every 33 days (+5 points of risk),"15%-off win-back coupon + ""we miss you"" LINE mission",840.09
M007721,Bronze,At-risk regulars,0.85719955,visits roughly every 12 days (+22 points of risk),32 days since last visit (+11 points of risk),visits down 67% in the last 30 days vs. the 30 before (+9 points of risk),"15%-off win-back coupon + ""we miss you"" LINE mission",837.43
M006474,Bronze,Loyal,0.93760115,a member for 561 days (+15 points of risk),visiting 82% less often than their own usual pattern (+14 points of risk),14 visits on record (+11 points of risk),"Tier-up nudge, personalized bundle",833.8499999999999
M007754,Silver,Hibernating,0.88529664,55 days since last visit (+22 points of risk),visits roughly every 13 days (+20 points of risk),visits down 50% in the last 30 days vs. the 30 before (+7 points of risk),Bounce-back free drink + one-question why-survey,833.37
M013195,Bronze,Hibernating,0.905763,a member for 421 days (+15 points of risk),8 visits on record (+11 points of risk),typical gap between visits is now 3.0x longer than their own usual pattern (+8 points of risk),Bounce-back free drink + one-question why-survey,825.81
M007192,Bronze,At-risk regulars,0.8169302,typical gap between visits is now 2.7x longer than their own usual pattern (+14 points of risk),a member for 437 days (+13 points of risk),8 visits on record (+11 points of risk),"15%-off win-back coupon + ""we miss you"" LINE mission",825.68
M015971,Silver,Hibernating,0.93745565,typical gap between visits is now 2.9x longer than their own usual pattern (+18 points of risk),50 days since last visit (+15 points of risk),17 visits on record (+12 points of risk),Bounce-back free drink + one-question why-survey,822.0799999999999
M018260,Bronze,Hibernating,0.8760158,86 days since last visit (+16 points of risk),a member for 377 days (+15 points of risk),typical gap between visits is now 2.3x longer than their own usual pattern (+8 points of risk),Bounce-back free drink + one-question why-survey,820.72
M010890,Bronze,At-risk regulars,0.96544427,a member for 385 days (+14 points of risk),typical gap between visits is now 2.1x longer than their own usual pattern (+11 points of risk),visits roughly every 47 days (+10 points of risk),"15%-off win-back coupon + ""we miss you"" LINE mission",818.1999999999999
M012727,Bronze,Hibernating,0.9465644,72 days since last visit (+13 points of risk),a member for 540 days (+13 points of risk),13 visits on record (+10 points of risk),Bounce-back free drink + one-question why-survey,817.29
M005485,Bronze,Loyal,0.87982804,a member for 528 days (+15 points of risk),visiting 54% less often than their own usual pattern (+12 points of risk),14 visits on record (+11 points of risk),"Tier-up nudge, personalized bundle",816.85
M019652,Bronze,Hibernating,0.8384673,76 days since last visit (+19 points of risk),visiting 95% less often than their own usual pattern (+11 points of risk),a member for 241 days (+8 points of risk),Bounce-back free drink + one-question why-survey,814.86
M004987,Bronze,Hibernating,0.8910254,56 days since last visit (+18 points of risk),typical gap between visits is now 2.9x longer than their own usual pattern (+13 points of risk),11 visits on record (+13 points of risk),Bounce-back free drink + one-question why-survey,810.47
M001509,Silver,Hibernating,0.9489788,82 days since last visit (+13 points of risk),a member for 449 days (+12 points of risk),typical gap between visits is now 2.6x longer than their own usual pattern (+11 points of risk),Bounce-back free drink + one-question why-survey,805.65
M009075,Bronze,Hibernating,0.83204395,a member for 299 days (+14 points of risk),57 days since last visit (+10 points of risk),visiting 93% less often than their own usual pattern (+9 points of risk),Bounce-back free drink + one-question why-survey,804.9100000000001
M003281,Bronze,Hibernating,0.8647848,visiting 64% less often than their own usual pattern (+12 points of risk),10 visits on record (+11 points of risk),a member for 430 days (+11 points of risk),Bounce-back free drink + one-question why-survey,798.33
M012796,Bronze,Hibernating,0.8460743,a member for 413 days (+13 points of risk),visiting 54% less often than their own usual pattern (+10 points of risk),8 visits on record (+9 points of risk),Bounce-back free drink + one-question why-survey,798.13
M008977,Bronze,Hibernating,0.86241555,typical gap between visits is now 2.3x longer than their own usual pattern (+18 points of risk),17 visits on record (+13 points of risk),40 days since last visit (+11 points of risk),Bounce-back free drink + one-question why-survey,792.22
M008422,Bronze,At-risk regulars,0.8961379,a member for 336 days (+14 points of risk),visiting 57% less often than their own usual pattern (+13 points of risk),visits roughly every 46 days (+9 points of risk),"15%-off win-back coupon + ""we miss you"" LINE mission",789.97
M018342,Bronze,Hibernating,0.9441622,59 days since last visit (+14 points of risk),typical gap between visits is now 2.7x longer than their own usual pattern (+11 points of risk),10 visits on record (+11 points of risk),Bounce-back free drink + one-question why-survey,784.86
M008965,Silver,Hibernating,0.89822465,typical gap between visits is now 2.9x longer than their own usual pattern (+13 points of risk),9 visits on record (+11 points of risk),a member for 432 days (+11 points of risk),Bounce-back free drink + one-question why-survey,783.71
M010166,Bronze,At-risk regulars,0.83482826,a member for 404 days (+13 points of risk),8 visits on record (+10 points of risk),visiting 36% less often than their own usual pattern (+9 points of risk),"15%-off win-back coupon + ""we miss you"" LINE mission",776.4599999999999
M012859,Silver,Hibernating,0.9211057,77 days since last visit (+16 points of risk),visiting 97% less often than their own usual pattern (+14 points of risk),12 visits on record (+10 points of risk),Bounce-back free drink + one-question why-survey,775.22
M013873,Bronze,At-risk regulars,0.9172147,a member for 256 days (+13 points of risk),visits roughly every 41 days (+12 points of risk),visiting 46% less often than their own usual pattern (+9 points of risk),"15%-off win-back coupon + ""we miss you"" LINE mission",771.05
M006427,Bronze,Hibernating,0.9491146,typical gap between visits is now 2.2x longer than their own usual pattern (+14 points of risk),a member for 566 days (+13 points of risk),14 visits on record (+12 points of risk),Bounce-back free drink + one-question why-survey,769.27
M016539,Bronze,At-risk regulars,0.79849327,typical gap between visits is now 5.0x longer than their own usual pattern (+28 points of risk),visits roughly every 24 days (+5 points of risk),฿756 spent to date (+4 points of risk),"15%-off win-back coupon + ""we miss you"" LINE mission",756.0
M014520,Bronze,Hibernating,0.8453785,72 days since last visit (+23 points of risk),visits roughly every 13 days (+15 points of risk),฿755 spent to date (+11 points of risk),Bounce-back free drink + one-question why-survey,754.76
M000443,Bronze,Hibernating,0.80947506,typical gap between visits is now 2.9x longer than their own usual pattern (+16 points of risk),17 visits on record (+12 points of risk),39 days since last visit (+9 points of risk),Bounce-back free drink + one-question why-survey,754.64
M003694,Bronze,Hibernating,0.83431995,a member for 407 days (+13 points of risk),9 visits on record (+9 points of risk),43 days since last visit (+4 points of risk),Bounce-back free drink + one-question why-survey,753.44
M003690,Bronze,Hibernating,0.89794344,72 days since last visit (+18 points of risk),a member for 450 days (+12 points of risk),9 visits on record (+11 points of risk),Bounce-back free drink + one-question why-survey,747.64
M005950,Bronze,Hibernating,0.84227574,a member for 407 days (+13 points of risk),9 visits on record (+12 points of risk),typical gap between visits is now 2.5x longer than their own usual pattern (+11 points of risk),Bounce-back free drink + one-question why-survey,744.02
M017802,Bronze,At-risk regulars,0.91715956,a member for 454 days (+13 points of risk),visits roughly every 55 days (+12 points of risk),9 visits on record (+9 points of risk),"15%-off win-back coupon + ""we miss you"" LINE mission",729.65
M002396,Bronze,Loyal,0.88121474,a member for 455 days (+14 points of risk),11 visits on record (+11 points of risk),visits roughly every 45 days (+11 points of risk),"Tier-up nudge, personalized bundle",722.44
M017141,Silver,Hibernating,0.8881247,visiting 66% less often than their own usual pattern (+13 points of risk),14 visits on record (+12 points of risk),68 days since last visit (+12 points of risk),Bounce-back free drink + one-question why-survey,721.0
M010292,Bronze,Hibernating,0.924258,a member for 372 days (+16 points of risk),visiting 80% less often than their own usual pattern (+7 points of risk),45 days since last visit (+7 points of risk),Bounce-back free drink + one-question why-survey,718.54
M007147,Bronze,Hibernating,0.86017925,70 days since last visit (+14 points of risk),a member for 419 days (+14 points of risk),visits roughly every 58 days (+7 points of risk),Bounce-back free drink + one-question why-survey,693.37
M011197,Bronze,Loyal,0.9123647,a member for 553 days (+13 points of risk),visiting 70% less often than their own usual pattern (+13 points of risk),13 visits on record (+12 points of risk),"Tier-up nudge, personalized bundle",690.53
M014062,Bronze,Loyal,0.8997605,visiting 64% less often than their own usual pattern (+14 points of risk),a member for 592 days (+14 points of risk),15 visits on record (+13 points of risk),"Tier-up nudge, personalized bundle",673.13
M010792,Bronze,Hibernating,0.9246748,81 days since last visit (+15 points of risk),typical gap between visits is now 2.8x longer than their own usual pattern (+12 points of risk),a member for 439 days (+11 points of risk),Bounce-back free drink + one-question why-survey,665.3
M017530,Bronze,Hibernating,0.87752074,a member for 309 days (+15 points of risk),visiting 81% less often than their own usual pattern (+14 points of risk),60 days since last visit (+8 points of risk),Bounce-back free drink + one-question why-survey,664.5699999999999
M011286,Bronze,Loyal,0.92840356,a member for 535 days (+17 points of risk),visiting 66% less often than their own usual pattern (+14 points of risk),12 visits on record (+11 points of risk),"Tier-up nudge, personalized bundle",660.09
M011873,Silver,Hibernating,0.9362499,a member for 448 days (+12 points of risk),61 days since last visit (+11 points of risk),typical gap between visits is now 2.7x longer than their own usual pattern (+11 points of risk),Bounce-back free drink + one-question why-survey,658.06
M007464,Bronze,Loyal,0.93084526,a member for 535 days (+16 points of risk),visiting 63% less often than their own usual pattern (+13 points of risk),12 visits on record (+11 points of risk),"Tier-up nudge, personalized bundle",655.38
M019627,Bronze,Hibernating,0.8939493,a member for 539 days (+14 points of risk),typical gap between visits is now 2.0x longer than their own usual pattern (+14 points of risk),69 days since last visit (+13 points of risk),Bounce-back free drink + one-question why-survey,651.1
M000735,Bronze,At-risk regulars,0.8764072,a member for 247 days (+12 points of risk),visits roughly every 49 days (+11 points of risk),visiting 43% less often than their own usual pattern (+9 points of risk),"15%-off win-back coupon + ""we miss you"" LINE mission",641.3199999999999
M010057,Bronze,Hibernating,0.94101715,a member for 628 days (+12 points of risk),59 days since last visit (+11 points of risk),11 visits on record (+11 points of risk),Bounce-back free drink + one-question why-survey,639.35
M005742,Bronze,At-risk regulars,0.91930014,typical gap between visits is now 2.2x longer than their own usual pattern (+15 points of risk),a member for 381 days (+12 points of risk),9 visits on record (+9 points of risk),"15%-off win-back coupon + ""we miss you"" LINE mission",635.19
M010807,Silver,Hibernating,0.9293224,a member for 456 days (+13 points of risk),85 days since last visit (+12 points of risk),typical gap between visits is now 2.1x longer than their own usual pattern (+11 points of risk),Bounce-back free drink + one-question why-survey,629.04
M006385,Silver,At-risk regulars,0.81275827,visits roughly every 43 days (+11 points of risk),a member for 215 days (+8 points of risk),typical gap between visits is now 2.2x longer than their own usual pattern (+8 points of risk),"15%-off win-back coupon + ""we miss you"" LINE mission",598.37
M005484,Silver,Hibernating,0.86956614,74 days since last visit (+32 points of risk),฿596 spent to date (+9 points of risk),visits roughly every 18 days (+4 points of risk),Bounce-back free drink + one-question why-survey,596.06
M009025,Bronze,Hibernating,0.9483048,82 days since last visit (+16 points of risk),a member for 505 days (+11 points of risk),10 visits on record (+10 points of risk),Bounce-back free drink + one-question why-survey,570.31
M011212,Bronze,Hibernating,0.9445485,85 days since last visit (+13 points of risk),a member for 459 days (+11 points of risk),typical gap between visits is now 2.2x longer than their own usual pattern (+11 points of risk),Bounce-back free drink + one-question why-survey,557.85
M001490,Bronze,Hibernating,0.90848804,67 days since last visit (+11 points of risk),a member for 506 days (+10 points of risk),10 visits on record (+9 points of risk),Bounce-back free drink + one-question why-survey,546.23
M007021,Bronze,Hibernating,0.8770615,a member for 391 days (+18 points of risk),66 days since last visit (+11 points of risk),typical gap between visits is now 2.0x longer than their own usual pattern (+11 points of risk),Bounce-back free drink + one-question why-survey,524.46
M015777,Bronze,Hibernating,0.87023693,14 visits on record (+17 points of risk),a member for 563 days (+11 points of risk),visiting 42% less often than their own usual pattern (+8 points of risk),Bounce-back free drink + one-question why-survey,513.31
M005969,Bronze,Loyal,0.9192181,13 visits on record (+16 points of risk),a member for 554 days (+16 points of risk),typical gap between visits is now 3.2x longer than their own usual pattern (+12 points of risk),"Tier-up nudge, personalized bundle",512.69
M008706,Bronze,At-risk regulars,0.8100879,visits roughly every 52 days (+12 points of risk),visiting 40% less often than their own usual pattern (+12 points of risk),10 visits on record (+10 points of risk),"15%-off win-back coupon + ""we miss you"" LINE mission",509.96
M005817,Bronze,Hibernating,0.8944216,85 days since last visit (+13 points of risk),visiting 80% less often than their own usual pattern (+11 points of risk),9 visits on record (+9 points of risk),Bounce-back free drink + one-question why-survey,475.55
M010796,Bronze,Hibernating,0.9558889,69 days since last visit (+14 points of risk),a member for 546 days (+14 points of risk),12 visits on record (+12 points of risk),Bounce-back free drink + one-question why-survey,475.15
